statistics_code;statistics_label;time_code;time_label;time;1_variable_code;1_variable_label;1_variable_attribute_code;1_variable_attribute_label;value;value_unit;value_variable_code;value_variable_label;value_q
12411;Current updating of population figures;STAG;Reference date;2016-12-31;KREISE;Administrative districts;09186;Pfaffenhofen an der Ilm, Landkreis;125085;number;BEVSTD;Population;e
12411;Current updating of population figures;STAG;Reference date;2022-12-31;KREISE;Administrative districts;13062;Uecker-Randow, Landkreis (until 2011-09-03);-;number;BEVSTD;Population;
12411;Current updating of population figures;STAG;Reference date;2023-12-31;KREISE;Administrative districts;09764;Memmingen, kreisfreie Stadt;44048;number;BEVSTD;Population;e
12411;Current updating of population figures;STAG;Reference date;2020-12-31;KREISE;Administrative districts;15202;Halle (Saale), kreisfreie Stadt (until 2007-06-30);-;number;BEVSTD;Population;
12411;Current updating of population figures;STAG;Reference date;2021-12-31;KREISE;Administrative districts;07337;Südliche Weinstraße, Landkreis;111279;number;BEVSTD;Population;e
12411;Current updating of population figures;STAG;Reference date;2019-12-31;KREISE;Administrative districts;09679;Würzburg, Landkreis;162302;number;BEVSTD;Population;e
12411;Current updating of population figures;STAG;Reference date;2025-12-31;KREISE;Administrative districts;09661;Aschaffenburg, kreisfreie Stadt;73326;number;BEVSTD;Population;e
12411;Current updating of population figures;STAG;Reference date;2020-12-31;KREISE;Administrative districts;07137;Mayen-Koblenz, Landkreis;214786;number;BEVSTD;Population;e
12411;Current updating of population figures;STAG;Reference date;2024-12-31;KREISE;Administrative districts;07314;Ludwigshafen am Rhein, kreisfreie Stadt;177222;number;BEVSTD;Population;e
12411;Current updating of population figures;STAG;Reference date;2018-12-31;KREISE;Administrative districts;15001;Dessau-Roßlau, kreisfreie Stadt;81237;number;BEVSTD;Population;e
12411;Current updating of population figures;STAG;Reference date;2025-12-31;KREISE;Administrative districts;16064;Unstrut-Hainich-Kreis;93553;number;BEVSTD;Population;e
12411;Current updating of population figures;STAG;Reference date;2018-12-31;KREISE;Administrative districts;09479;Wunsiedel im Fichtelgebirge, Landkreis;73178;number;BEVSTD;Population;e
12411;Current updating of population figures;STAG;Reference date;2021-12-31;KREISE;Administrative districts;09471;Bamberg, Landkreis;147697;number;BEVSTD;Population;e
12411;Current updating of population figures;STAG;Reference date;2019-12-31;KREISE;Administrative districts;09163;Rosenheim, kreisfreie Stadt;63551;number;BEVSTD;Population;e
12411;Current updating of population figures;STAG;Reference date;2025-12-31;KREISE;Administrative districts;07131;Ahrweiler, Landkreis;129763;number;BEVSTD;Population;e
12411;Current updating of population figures;STAG;Reference date;2016-12-31;KREISE;Administrative districts;15357;Halberstadt, Landkreis (until 2007-06-30);-;number;BEVSTD;Population;
12411;Current updating of population figures;STAG;Reference date;2018-12-31;KREISE;Administrative districts;09190;Weilheim-Schongau, Landkreis;135348;number;BEVSTD;Population;e
12411;Current updating of population figures;STAG;Reference date;2022-12-31;KREISE;Administrative districts;13075;Vorpommern-Greifswald, Landkreis;226324;number;BEVSTD;Population;e
12411;Current updating of population figures;STAG;Reference date;2020-12-31;KREISE;Administrative districts;09271;Deggendorf, Landkreis;119479;number;BEVSTD;Population;e
12411;Current updating of population figures;STAG;Reference date;2019-12-31;KREISE;Administrative districts;15084;Burgenlandkreis;178846;number;BEVSTD;Population;e
12411;Current updating of population figures;STAG;Reference date;2022-12-31;KREISE;Administrative districts;09577;Weißenburg-Gunzenhausen, Landkreis;94468;number;BEVSTD;Population;e
12411;Current updating of population figures;STAG;Reference date;2016-12-31;KREISE;Administrative districts;15081;Altmarkkreis Salzwedel;85236;number;BEVSTD;Population;e
12411;Current updating of population figures;STAG;Reference date;2016-12-31;KREISE;Administrative districts;06531;Gießen, Landkreis;265699;number;BEVSTD;Population;e
12411;Current updating of population figures;STAG;Reference date;2022-12-31;KREISE;Administrative districts;16074;Saale-Holzland-Kreis;83595;number;BEVSTD;Population;e
12411;Current updating of population figures;STAG;Reference date;2019-12-31;KREISE;Administrative districts;09176;Eichstätt, Landkreis;132881;number;BEVSTD;Population;e
12411;Current updating of population figures;STAG;Reference date;2023-12-31;KREISE;Administrative districts;09777;Ostallgäu, Landkreis;141137;number;BEVSTD;Population;e
12411;Current updating of population figures;STAG;Reference date;2017-12-31;KREISE;Administrative districts;06611;Kassel, kreisfreie Stadt;200736;number;BEVSTD;Population;e
12411;Current updating of population figures;STAG;Reference date;2019-12-31;KREISE;Administrative districts;06414;Wiesbaden, kreisfreie Stadt;278474;number;BEVSTD;Population;e
12411;Current updating of population figures;STAG;Reference date;2017-12-31;KREISE;Administrative districts;09373;Neumarkt in der Oberpfalz, Landkreis;132644;number;BEVSTD;Population;e
12411;Current updating of population figures;STAG;Reference date;2021-12-31;KREISE;Administrative districts;07311;Frankenthal (Pfalz), kreisfreie Stadt;48773;number;BEVSTD;Population;e
12411;Current updating of population figures;STAG;Reference date;2016-12-31;KREISE;Administrative districts;13054;Ludwigslust, Landkreis (until 2011-09-03);-;number;BEVSTD;Population;
12411;Current updating of population figures;STAG;Reference date;2022-12-31;KREISE;Administrative districts;15352;Aschersleben-Staßfurt, Landkreis (until 2007-06-30;-;number;BEVSTD;Population;
12411;Current updating of population figures;STAG;Reference date;2025-12-31;KREISE;Administrative districts;16077;Altenburger Land, Landkreis;86712;number;BEVSTD;Population;e
12411;Current updating of population figures;STAG;Reference date;2016-12-31;KREISE;Administrative districts;09173;Bad Tölz-Wolfratshausen, Landkreis;125668;number;BEVSTD;Population;e
12411;Current updating of population figures;STAG;Reference date;2016-12-31;KREISE;Administrative districts;06411;Darmstadt, kreisfreie Stadt;157437;number;BEVSTD;Population;e
12411;Current updating of population figures;STAG;Reference date;2022-12-31;KREISE;Administrative districts;09564;Nürnberg, kreisfreie Stadt;523734;number;BEVSTD;Population;e
12411;Current updating of population figures;STAG;Reference date;2019-12-31;KREISE;Administrative districts;13057;Nordvorpommern, Landkreis (until 2011-09-03);-;number;BEVSTD;Population;
12411;Current updating of population figures;STAG;Reference date;2025-12-31;KREISE;Administrative districts;08116;Esslingen, Landkreis;536328;number;BEVSTD;Population;e
12411;Current updating of population figures;STAG;Reference date;2019-12-31;KREISE;Administrative districts;09189;Traunstein, Landkreis;177319;number;BEVSTD;Population;e
12411;Current updating of population figures;STAG;Reference date;2020-12-31;KREISE;Administrative districts;07111;Koblenz, kreisfreie Stadt;113388;number;BEVSTD;Population;e
12411;Current updating of population figures;STAG;Reference date;2020-12-31;KREISE;Administrative districts;10046;Sankt Wendel, Landkreis;86458;number;BEVSTD;Population;e
12411;Current updating of population figures;STAG;Reference date;2022-12-31;KREISE;Administrative districts;05354;Aachen, Landkreis (until 2009-10-20);-;number;BEVSTD;Population;
12411;Current updating of population figures;STAG;Reference date;2019-12-31;KREISE;Administrative districts;12072;Teltow-Fläming, Landkreis;169997;number;BEVSTD;Population;e
12411;Current updating of population figures;STAG;Reference date;2016-12-31;KREISE;Administrative districts;05119;Oberhausen, kreisfreie Stadt;211382;number;BEVSTD;Population;e
12411;Current updating of population figures;STAG;Reference date;2019-12-31;KREISE;Administrative districts;16056;Eisenach, kreisfreie Stadt (until 2021-06-30);42250;number;BEVSTD;Population;e
12411;Current updating of population figures;STAG;Reference date;2024-12-31;KREISE;Administrative districts;03357;Rotenburg (Wümme), Landkreis;165904;number;BEVSTD;Population;e
12411;Current updating of population figures;STAG;Reference date;2023-12-31;KREISE;Administrative districts;05554;Borken, Landkreis;379787;number;BEVSTD;Population;e
12411;Current updating of population figures;STAG;Reference date;2023-12-31;KREISE;Administrative districts;03157;Peine, Landkreis;136983;number;BEVSTD;Population;e
12411;Current updating of population figures;STAG;Reference date;2023-12-31;KREISE;Administrative districts;05314;Bonn, kreisfreie Stadt;321680;number;BEVSTD;Population;e
12411;Current updating of population figures;STAG;Reference date;2016-12-31;KREISE;Administrative districts;01002;Kiel, kreisfreie Stadt;247441;number;BEVSTD;Population;e
12411;Current updating of population figures;STAG;Reference date;2020-12-31;KREISE;Administrative districts;07231;Bernkastel-Wittlich, Landkreis;112685;number;BEVSTD;Population;e
12411;Current updating of population figures;STAG;Reference date;2024-12-31;KREISE;Administrative districts;05754;Gütersloh, Landkreis;363982;number;BEVSTD;Population;e
12411;Current updating of population figures;STAG;Reference date;2020-12-31;KREISE;Administrative districts;15085;Harz, Landkreis;210975;number;BEVSTD;Population;e
12411;Current updating of population figures;STAG;Reference date;2016-12-31;KREISE;Administrative districts;08211;Baden-Baden, kreisfreie Stadt;54307;number;BEVSTD;Population;e
12411;Current updating of population figures;STAG;Reference date;2019-12-31;KREISE;Administrative districts;14612;Dresden, kreisfreie Stadt;556780;number;BEVSTD;Population;e
12411;Current updating of population figures;STAG;Reference date;2023-12-31;KREISE;Administrative districts;09274;Landshut, Landkreis;161180;number;BEVSTD;Population;e
12411;Current updating of population figures;STAG;Reference date;2018-12-31;KREISE;Administrative districts;08121;Heilbronn, kreisfreie Stadt;125960;number;BEVSTD;Population;e
12411;Current updating of population figures;STAG;Reference date;2020-12-31;KREISE;Administrative districts;09177;Erding, Landkreis;138891;number;BEVSTD;Population;e
12411;Current updating of population figures;STAG;Reference date;2021-12-31;KREISE;Administrative districts;03460;Vechta, Landkreis;144805;number;BEVSTD;Population;e
12411;Current updating of population figures;STAG;Reference date;2022-12-31;KREISE;Administrative districts;05114;Krefeld, kreisfreie Stadt;230375;number;BEVSTD;Population;e
12411;Current updating of population figures;STAG;Reference date;2021-12-31;KREISE;Administrative districts;09377;Tirschenreuth, Landkreis;71648;number;BEVSTD;Population;e
12411;Current updating of population figures;STAG;Reference date;2025-12-31;KREISE;Administrative districts;09674;Haßberge, Landkreis;83390;number;BEVSTD;Population;e
12411;Current updating of population figures;STAG;Reference date;2019-12-31;KREISE;Administrative districts;16069;Hildburghausen, Landkreis;63197;number;BEVSTD;Population;e
12411;Current updating of population figures;STAG;Reference date;2025-12-31;KREISE;Administrative districts;05954;Ennepe-Ruhr-Kreis;313003;number;BEVSTD;Population;e
12411;Current updating of population figures;STAG;Reference date;2025-12-31;KREISE;Administrative districts;13052;Demmin, Landkreis (until 2011-09-03);-;number;BEVSTD;Population;
12411;Current updating of population figures;STAG;Reference date;2025-12-31;KREISE;Administrative districts;16051;Erfurt, kreisfreie Stadt;217159;number;BEVSTD;Population;e
12411;Current updating of population figures;STAG;Reference date;2016-12-31;KREISE;Administrative districts;08237;Freudenstadt, Landkreis;116692;number;BEVSTD;Population;e
12411;Current updating of population figures;STAG;Reference date;2024-12-31;KREISE;Administrative districts;09474;Forchheim, Landkreis;116184;number;BEVSTD;Population;e
12411;Current updating of population figures;STAG;Reference date;2017-12-31;KREISE;Administrative districts;09279;Dingolfing-Landau, Landkreis;95831;number;BEVSTD;Population;e
12411;Current updating of population figures;STAG;Reference date;2017-12-31;KREISE;Administrative districts;08317;Ortenaukreis;425932;number;BEVSTD;Population;e
12411;Current updating of population figures;STAG;Reference date;2022-12-31;KREISE;Administrative districts;09181;Landsberg am Lech, Landkreis;119654;number;BEVSTD;Population;e
12411;Current updating of population figures;STAG;Reference date;2022-12-31;KREISE;Administrative districts;14523;Vogtlandkreis;221783;number;BEVSTD;Population;e
12411;Current updating of population figures;STAG;Reference date;2021-12-31;KREISE;Administrative districts;05154;Kleve, Landkreis;314676;number;BEVSTD;Population;e
12411;Current updating of population figures;STAG;Reference date;2024-12-31;KREISE;Administrative districts;09461;Bamberg, kreisfreie Stadt;77150;number;BEVSTD;Population;e
12411;Current updating of population figures;STAG;Reference date;2025-12-31;KREISE;Administrative districts;06435;Main-Kinzig-Kreis;421175;number;BEVSTD;Population;e
12411;Current updating of population figures;STAG;Reference date;2016-12-31;KREISE;Administrative districts;10042;Merzig-Wadern, Landkreis;103908;number;BEVSTD;Population;e
12411;Current updating of population figures;STAG;Reference date;2020-12-31;KREISE;Administrative districts;08336;Lörrach, Landkreis;228842;number;BEVSTD;Population;e
12411;Current updating of population figures;STAG;Reference date;2023-12-31;KREISE;Administrative districts;09261;Landshut, kreisfreie Stadt;68741;number;BEVSTD;Population;e
12411;Current updating of population figures;STAG;Reference date;2019-12-31;KREISE;Administrative districts;14625;Bautzen, Landkreis;299758;number;BEVSTD;Population;e
12411;Current updating of population figures;STAG;Reference date;2021-12-31;KREISE;Administrative districts;08415;Reutlingen, Landkreis;288158;number;BEVSTD;Population;e
12411;Current updating of population figures;STAG;Reference date;2017-12-31;KREISE;Administrative districts;08437;Sigmaringen, Landkreis;130192;number;BEVSTD;Population;e
12411;Current updating of population figures;STAG;Reference date;2023-12-31;KREISE;Administrative districts;12064;Märkisch-Oderland, Landkreis;197785;number;BEVSTD;Population;e
12411;Current updating of population figures;STAG;Reference date;2018-12-31;KREISE;Administrative districts;05362;Rhein-Erft-Kreis;470089;number;BEVSTD;Population;e
12411;Current updating of population figures;STAG;Reference date;2022-12-31;KREISE;Administrative districts;05711;Bielefeld, kreisfreie Stadt;331385;number;BEVSTD;Population;e
12411;Current updating of population figures;STAG;Reference date;2019-12-31;KREISE;Administrative districts;08215;Karlsruhe, Landkreis;445101;number;BEVSTD;Population;e
12411;Current updating of population figures;STAG;Reference date;2019-12-31;KREISE;Administrative districts;03153;Goslar, Landkreis;136292;number;BEVSTD;Population;e
12411;Current updating of population figures;STAG;Reference date;2018-12-31;KREISE;Administrative districts;05758;Herford, Landkreis;250783;number;BEVSTD;Population;e
12411;Current updating of population figures;STAG;Reference date;2024-12-31;KREISE;Administrative districts;14290;Weißeritzkreis (until 2008-07-31);-;number;BEVSTD;Population;
12411;Current updating of population figures;STAG;Reference date;2020-12-31;KREISE;Administrative districts;08335;Konstanz, Landkreis;286876;number;BEVSTD;Population;e
12411;Current updating of population figures;STAG;Reference date;2021-12-31;KREISE;Administrative districts;14181;Mittlerer Erzgebirgskreis (until 2008-07-31);-;number;BEVSTD;Population;
12411;Current updating of population figures;STAG;Reference date;2021-12-31;KREISE;Administrative districts;03353;Harburg, Landkreis;257548;number;BEVSTD;Population;e
12411;Current updating of population figures;STAG;Reference date;2023-12-31;KREISE;Administrative districts;12063;Havelland, Landkreis;169721;number;BEVSTD;Population;e
12411;Current updating of population figures;STAG;Reference date;2017-12-31;KREISE;Administrative districts;03256;Nienburg (Weser), Landkreis;121470;number;BEVSTD;Population;e
12411;Current updating of population figures;STAG;Reference date;2024-12-31;KREISE;Administrative districts;03451;Ammerland, Landkreis;127751;number;BEVSTD;Population;e
12411;Current updating of population figures;STAG;Reference date;2020-12-31;KREISE;Administrative districts;03404;Osnabrück, kreisfreie Stadt;164223;number;BEVSTD;Population;e
12411;Current updating of population figures;STAG;Reference date;2016-12-31;KREISE;Administrative districts;08117;Göppingen, Landkreis;254618;number;BEVSTD;Population;e
12411;Current updating of population figures;STAG;Reference date;2020-12-31;KREISE;Administrative districts;08216;Rastatt, Landkreis;232091;number;BEVSTD;Population;e
12411;Current updating of population figures;STAG;Reference date;2017-12-31;KREISE;Administrative districts;12069;Potsdam-Mittelmark, Landkreis;213214;number;BEVSTD;Population;e
12411;Current updating of population figures;STAG;Reference date;2018-12-31;KREISE;Administrative districts;16070;Ilm-Kreis;108742;number;BEVSTD;Population;e
12411;Current updating of population figures;STAG;Reference date;2020-12-31;KREISE;Administrative districts;03154;Helmstedt, Landkreis;91518;number;BEVSTD;Population;e
12411;Current updating of population figures;STAG;Reference date;2018-12-31;KREISE;Administrative districts;03455;Friesland, Landkreis;98460;number;BEVSTD;Population;e
12411;Current updating of population figures;STAG;Reference date;2017-12-31;KREISE;Administrative districts;07332;Bad Dürkheim, Landkreis;132739;number;BEVSTD;Population;e
12411;Current updating of population figures;STAG;Reference date;2019-12-31;KREISE;Administrative districts;14375;Döbeln, Landkreis (until 2008-07-31);-;number;BEVSTD;Population;
12411;Current updating of population figures;STAG;Reference date;2023-12-31;KREISE;Administrative districts;15088;Saalekreis;182677;number;BEVSTD;Population;e
12411;Current updating of population figures;STAG;Reference date;2023-12-31;KREISE;Administrative districts;08325;Rottweil, Landkreis;140344;number;BEVSTD;Population;e
12411;Current updating of population figures;STAG;Reference date;2022-12-31;KREISE;Administrative districts;14166;Plauen, kreisfreie Stadt (until 2008-07-31);-;number;BEVSTD;Population;
12411;Current updating of population figures;STAG;Reference date;2020-12-31;KREISE;Administrative districts;14627;Meißen, Landkreis;240371;number;BEVSTD;Population;e
12411;Current updating of population figures;STAG;Reference date;2019-12-31;KREISE;Administrative districts;08335;Konstanz, Landkreis;286305;number;BEVSTD;Population;e
12411;Current updating of population figures;STAG;Reference date;2025-12-31;KREISE;Administrative districts;15355;Bördekreis (until 2007-06-30);-;number;BEVSTD;Population;
12411;Current updating of population figures;STAG;Reference date;2016-12-31;KREISE;Administrative districts;05358;Düren, Landkreis;262072;number;BEVSTD;Population;e
12411;Current updating of population figures;STAG;Reference date;2018-12-31;KREISE;Administrative districts;01058;Rendsburg-Eckernförde, Landkreis;272775;number;BEVSTD;Population;e
12411;Current updating of population figures;STAG;Reference date;2022-12-31;KREISE;Administrative districts;14286;Löbau-Zittau, Landkreis (until 2008-07-31);-;number;BEVSTD;Population;
12411;Current updating of population figures;STAG;Reference date;2016-12-31;KREISE;Administrative districts;07133;Bad Kreuznach, Landkreis;157392;number;BEVSTD;Population;e
12411;Current updating of population figures;STAG;Reference date;2019-12-31;KREISE;Administrative districts;10046;Sankt Wendel, Landkreis;87007;number;BEVSTD;Population;e
12411;Current updating of population figures;STAG;Reference date;2017-12-31;KREISE;Administrative districts;13001;Greifswald, kreisfreie Stadt (until 2011-09-03);-;number;BEVSTD;Population;
12411;Current updating of population figures;STAG;Reference date;2020-12-31;KREISE;Administrative districts;06415;Hanau, kreisfreie Stadt;-;number;BEVSTD;Population;
12411;Current updating of population figures;STAG;Reference date;2023-12-31;KREISE;Administrative districts;06633;Kassel, Landkreis;230742;number;BEVSTD;Population;e
12411;Current updating of population figures;STAG;Reference date;2025-12-31;KREISE;Administrative districts;14264;Hoyerswerda, kreisfreie Stadt (until 2008-07-31);-;number;BEVSTD;Population;
12411;Current updating of population figures;STAG;Reference date;2019-12-31;KREISE;Administrative districts;09772;Augsburg, Landkreis;253468;number;BEVSTD;Population;e
12411;Current updating of population figures;STAG;Reference date;2016-12-31;KREISE;Administrative districts;09676;Miltenberg, Landkreis;128543;number;BEVSTD;Population;e
12411;Current updating of population figures;STAG;Reference date;2025-12-31;KREISE;Administrative districts;08115;Böblingen, Landkreis;394729;number;BEVSTD;Population;e
12411;Current updating of population figures;STAG;Reference date;2022-12-31;KREISE;Administrative districts;06432;Darmstadt-Dieburg, Landkreis;300928;number;BEVSTD;Population;e
12411;Current updating of population figures;STAG;Reference date;2020-12-31;KREISE;Administrative districts;09773;Dillingen an der Donau, Landkreis;97172;number;BEVSTD;Population;e
12411;Current updating of population figures;STAG;Reference date;2017-12-31;KREISE;Administrative districts;09372;Cham, Landkreis;127339;number;BEVSTD;Population;e
12411;Current updating of population figures;STAG;Reference date;2016-12-31;KREISE;Administrative districts;09663;Würzburg, kreisfreie Stadt;126010;number;BEVSTD;Population;e
12411;Current updating of population figures;STAG;Reference date;2020-12-31;KREISE;Administrative districts;06535;Vogelsbergkreis;105506;number;BEVSTD;Population;e
12411;Current updating of population figures;STAG;Reference date;2018-12-31;KREISE;Administrative districts;09573;Fürth, Landkreis;117387;number;BEVSTD;Population;e
12411;Current updating of population figures;STAG;Reference date;2022-12-31;KREISE;Administrative districts;08126;Hohenlohekreis;114553;number;BEVSTD;Population;e
12411;Current updating of population figures;STAG;Reference date;2020-12-31;KREISE;Administrative districts;16056;Eisenach, kreisfreie Stadt (until 2021-06-30);41970;number;BEVSTD;Population;e
12411;Current updating of population figures;STAG;Reference date;2025-12-31;KREISE;Administrative districts;09172;Berchtesgadener Land, Landkreis;105118;number;BEVSTD;Population;e
12411;Current updating of population figures;STAG;Reference date;2025-12-31;KREISE;Administrative districts;08235;Calw, Landkreis;160766;number;BEVSTD;Population;e
12411;Current updating of population figures;STAG;Reference date;2022-12-31;KREISE;Administrative districts;07140;Rhein-Hunsrück-Kreis;105740;number;BEVSTD;Population;e
12411;Current updating of population figures;STAG;Reference date;2019-12-31;KREISE;Administrative districts;06534;Marburg-Biedenkopf, Landkreis;247084;number;BEVSTD;Population;e
12411;Current updating of population figures;STAG;Reference date;2024-12-31;KREISE;Administrative districts;01054;Nordfriesland, Landkreis;170029;number;BEVSTD;Population;e
12411;Current updating of population figures;STAG;Reference date;2021-12-31;KREISE;Administrative districts;13006;Wismar, kreisfreie Stadt (until 2011-09-03);-;number;BEVSTD;Population;
12411;Current updating of population figures;STAG;Reference date;2019-12-31;KREISE;Administrative districts;03403;Oldenburg (Oldenburg), kreisfreie Stadt;169077;number;BEVSTD;Population;e
12411;Current updating of population figures;STAG;Reference date;2025-12-31;KREISE;Administrative districts;08222;Mannheim, kreisfreie Stadt;319536;number;BEVSTD;Population;e
12411;Current updating of population figures;STAG;Reference date;2025-12-31;KREISE;Administrative districts;09185;Neuburg-Schrobenhausen, Landkreis;99429;number;BEVSTD;Population;e
12411;Current updating of population figures;STAG;Reference date;2016-12-31;KREISE;Administrative districts;16066;Schmalkalden-Meiningen, Landkreis;123506;number;BEVSTD;Population;e
12411;Current updating of population figures;STAG;Reference date;2025-12-31;KREISE;Administrative districts;05117;Mülheim an der Ruhr, kreisfreie Stadt;171674;number;BEVSTD;Population;e
12411;Current updating of population figures;STAG;Reference date;2017-12-31;KREISE;Administrative districts;05916;Herne, kreisfreie Stadt;156490;number;BEVSTD;Population;e
12411;Current updating of population figures;STAG;Reference date;2018-12-31;KREISE;Administrative districts;07319;Worms, kreisfreie Stadt;83330;number;BEVSTD;Population;e
12411;Current updating of population figures;STAG;Reference date;2020-12-31;KREISE;Administrative districts;12061;Dahme-Spreewald, Landkreis;173316;number;BEVSTD;Population;e
12411;Current updating of population figures;STAG;Reference date;2016-12-31;KREISE;Administrative districts;06438;Offenbach, Landkreis;349982;number;BEVSTD;Population;e
12411;Current updating of population figures;STAG;Reference date;2020-12-31;KREISE;Administrative districts;07138;Neuwied, Landkreis;183131;number;BEVSTD;Population;e
12411;Current updating of population figures;STAG;Reference date;2020-12-31;KREISE;Administrative districts;13058;Nordwestmecklenburg, Landkreis (until 2011-09-03);-;number;BEVSTD;Population;
12411;Current updating of population figures;STAG;Reference date;2016-12-31;KREISE;Administrative districts;16053;Jena, kreisfreie Stadt;110321;number;BEVSTD;Population;e
12411;Current updating of population figures;STAG;Reference date;2024-12-31;KREISE;Administrative districts;05158;Mettmann, Landkreis;490910;number;BEVSTD;Population;e
12411;Current updating of population figures;STAG;Reference date;2021-12-31;KREISE;Administrative districts;15260;Mansfelder Land, Landkreis (until 2007-06-30);-;number;BEVSTD;Population;
12411;Current updating of population figures;STAG;Reference date;2016-12-31;KREISE;Administrative districts;15358;Jerichower Land, Landkreis (until 2007-06-30);-;number;BEVSTD;Population;
12411;Current updating of population figures;STAG;Reference date;2019-12-31;KREISE;Administrative districts;15202;Halle (Saale), kreisfreie Stadt (until 2007-06-30);-;number;BEVSTD;Population;
12411;Current updating of population figures;STAG;Reference date;2016-12-31;KREISE;Administrative districts;06412;Frankfurt am Main, kreisfreie Stadt;736414;number;BEVSTD;Population;e
12411;Current updating of population figures;STAG;Reference date;2019-12-31;KREISE;Administrative districts;09271;Deggendorf, Landkreis;119478;number;BEVSTD;Population;e
12411;Current updating of population figures;STAG;Reference date;2018-12-31;KREISE;Administrative districts;15266;Sangerhausen, Landkreis (until 2007-06-30);-;number;BEVSTD;Population;
12411;Current updating of population figures;STAG;Reference date;2021-12-31;KREISE;Administrative districts;09363;Weiden in der Oberpfalz, kreisfreie Stadt;42472;number;BEVSTD;Population;e
12411;Current updating of population figures;STAG;Reference date;2025-12-31;KREISE;Administrative districts;16076;Greiz, Landkreis;92479;number;BEVSTD;Population;e
12411;Current updating of population figures;STAG;Reference date;2022-12-31;KREISE;Administrative districts;09563;Fürth, kreisfreie Stadt;131060;number;BEVSTD;Population;e
12411;Current updating of population figures;STAG;Reference date;2023-12-31;KREISE;Administrative districts;07233;Vulkaneifel, Landkreis;59542;number;BEVSTD;Population;e
12411;Current updating of population figures;STAG;Reference date;2020-12-31;KREISE;Administrative districts;09272;Freyung-Grafenau, Landkreis;78355;number;BEVSTD;Population;e
12411;Current updating of population figures;STAG;Reference date;2020-12-31;KREISE;Administrative districts;13057;Nordvorpommern, Landkreis (until 2011-09-03);-;number;BEVSTD;Population;
12411;Current updating of population figures;STAG;Reference date;2016-12-31;KREISE;Administrative districts;10043;Neunkirchen, Landkreis;133984;number;BEVSTD;Population;e
12411;Current updating of population figures;STAG;Reference date;2019-12-31;KREISE;Administrative districts;13056;Müritz, Landkreis (until 2011-09-03);-;number;BEVSTD;Population;
12411;Current updating of population figures;STAG;Reference date;2016-12-31;KREISE;Administrative districts;14730;Nordsachsen, Landkreis;198063;number;BEVSTD;Population;e
12411;Current updating of population figures;STAG;Reference date;2025-12-31;KREISE;Administrative districts;13051;Bad Doberan, Landkreis (until 2011-09-03);-;number;BEVSTD;Population;
12411;Current updating of population figures;STAG;Reference date;2019-12-31;KREISE;Administrative districts;07135;Cochem-Zell, Landkreis;61375;number;BEVSTD;Population;e
12411;Current updating of population figures;STAG;Reference date;2018-12-31;KREISE;Administrative districts;06440;Wetteraukreis;306460;number;BEVSTD;Population;e
12411;Current updating of population figures;STAG;Reference date;2017-12-31;KREISE;Administrative districts;09278;Straubing-Bogen, Landkreis;99838;number;BEVSTD;Population;e
12411;Current updating of population figures;STAG;Reference date;2022-12-31;KREISE;Administrative districts;09180;Garmisch-Partenkirchen, Landkreis;89224;number;BEVSTD;Population;e
12411;Current updating of population figures;STAG;Reference date;2019-12-31;KREISE;Administrative districts;06413;Offenbach am Main, kreisfreie Stadt;130280;number;BEVSTD;Population;e
12411;Current updating of population figures;STAG;Reference date;2024-12-31;KREISE;Administrative districts;07313;Landau in der Pfalz, kreisfreie Stadt;48209;number;BEVSTD;Population;e
12411;Current updating of population figures;STAG;Reference date;2025-12-31;KREISE;Administrative districts;16063;Wartburgkreis;153346;number;BEVSTD;Population;e
12411;Current updating of population figures;STAG;Reference date;2023-12-31;KREISE;Administrative districts;05315;Köln, kreisfreie Stadt;1024408;number;BEVSTD;Population;e
12411;Current updating of population figures;STAG;Reference date;2016-12-31;KREISE;Administrative districts;01001;Flensburg, kreisfreie Stadt;87432;number;BEVSTD;Population;e
12411;Current updating of population figures;STAG;Reference date;2021-12-31;KREISE;Administrative districts;07312;Kaiserslautern, kreisfreie Stadt;99292;number;BEVSTD;Population;e
12411;Current updating of population figures;STAG;Reference date;2016-12-31;KREISE;Administrative districts;13055;Mecklenburg-Strelitz, Landkreis (until 2011-09-03);-;number;BEVSTD;Population;
12411;Current updating of population figures;STAG;Reference date;2020-12-31;KREISE;Administrative districts;06534;Marburg-Biedenkopf, Landkreis;245903;number;BEVSTD;Population;e
12411;Current updating of population figures;STAG;Reference date;2020-12-31;KREISE;Administrative districts;07232;Eifelkreis Bitburg-Prüm;100055;number;BEVSTD;Population;e
12411;Current updating of population figures;STAG;Reference date;2018-12-31;KREISE;Administrative districts;09574;Nürnberger Land, Landkreis;170365;number;BEVSTD;Population;e
12411;Current updating of population figures;STAG;Reference date;2016-12-31;KREISE;Administrative districts;09172;Berchtesgadener Land, Landkreis;104480;number;BEVSTD;Population;e
12411;Current updating of population figures;STAG;Reference date;2022-12-31;KREISE;Administrative districts;13076;Ludwigslust-Parchim, Landkreis;209244;number;BEVSTD;Population;e
12411;Current updating of population figures;STAG;Reference date;2019-12-31;KREISE;Administrative districts;09774;Günzburg, Landkreis;127027;number;BEVSTD;Population;e
12411;Current updating of population figures;STAG;Reference date;2024-12-31;KREISE;Administrative districts;07339;Mainz-Bingen, Landkreis;206454;number;BEVSTD;Population;e
12411;Current updating of population figures;STAG;Reference date;2025-12-31;KREISE;Administrative districts;08117;Göppingen, Landkreis;258048;number;BEVSTD;Population;e
12411;Current updating of population figures;STAG;Reference date;2022-12-31;KREISE;Administrative districts;15364;Quedlinburg, Landkreis (until 2007-06-30);-;number;BEVSTD;Population;
12411;Current updating of population figures;STAG;Reference date;2025-12-31;KREISE;Administrative districts;09780;Oberallgäu, Landkreis;155421;number;BEVSTD;Population;e
12411;Current updating of population figures;STAG;Reference date;2019-12-31;KREISE;Administrative districts;15085;Harz, Landkreis;213310;number;BEVSTD;Population;e
12411;Current updating of population figures;STAG;Reference date;2021-12-31;KREISE;Administrative districts;09376;Schwandorf, Landkreis;149239;number;BEVSTD;Population;e
12411;Current updating of population figures;STAG;Reference date;2022-12-31;KREISE;Administrative districts;09576;Roth, Landkreis;127472;number;BEVSTD;Population;e
12411;Current updating of population figures;STAG;Reference date;2016-12-31;KREISE;Administrative districts;09185;Neuburg-Schrobenhausen, Landkreis;95759;number;BEVSTD;Population;e
12411;Current updating of population figures;STAG;Reference date;2016-12-31;KREISE;Administrative districts;15082;Anhalt-Bitterfeld, Landkreis;163100;number;BEVSTD;Population;e
12411;Current updating of population figures;STAG;Reference date;2019-12-31;KREISE;Administrative districts;09177;Erding, Landkreis;138182;number;BEVSTD;Population;e
12411;Current updating of population figures;STAG;Reference date;2016-12-31;KREISE;Administrative districts;06532;Lahn-Dill-Kreis;254074;number;BEVSTD;Population;e
12411;Current updating of population figures;STAG;Reference date;2022-12-31;KREISE;Administrative districts;16073;Saalfeld-Rudolstadt, Landkreis;101556;number;BEVSTD;Population;e
12411;Current updating of population figures;STAG;Reference date;2025-12-31;KREISE;Administrative districts;08237;Freudenstadt, Landkreis;121646;number;BEVSTD;Population;e
12411;Current updating of population figures;STAG;Reference date;2023-12-31;KREISE;Administrative districts;03156;Osterode am Harz, Landkreis (until 2016-10-31);-;number;BEVSTD;Population;
12411;Current updating of population figures;STAG;Reference date;2020-12-31;KREISE;Administrative districts;15086;Jerichower Land, Landkreis;89403;number;BEVSTD;Population;e
12411;Current updating of population figures;STAG;Reference date;2017-12-31;KREISE;Administrative districts;03241;Region Hannover, Landkreis;1152675;number;BEVSTD;Population;e
12411;Current updating of population figures;STAG;Reference date;2016-12-31;KREISE;Administrative districts;08212;Karlsruhe, kreisfreie Stadt;309999;number;BEVSTD;Population;e
12411;Current updating of population figures;STAG;Reference date;2023-12-31;KREISE;Administrative districts;09275;Passau, Landkreis;194068;number;BEVSTD;Population;e
12411;Current updating of population figures;STAG;Reference date;2018-12-31;KREISE;Administrative districts;05124;Wuppertal, kreisfreie Stadt;354382;number;BEVSTD;Population;e
12411;Current updating of population figures;STAG;Reference date;2020-12-31;KREISE;Administrative districts;09178;Freising, Landkreis;180313;number;BEVSTD;Population;e
12411;Current updating of population figures;STAG;Reference date;2019-12-31;KREISE;Administrative districts;06439;Rheingau-Taunus-Kreis;187160;number;BEVSTD;Population;e
12411;Current updating of population figures;STAG;Reference date;2018-12-31;KREISE;Administrative districts;14161;Chemnitz, kreisfreie Stadt (until 2008-07-31);-;number;BEVSTD;Population;
12411;Current updating of population figures;STAG;Reference date;2024-12-31;KREISE;Administrative districts;05766;Lippe, Landkreis;347149;number;BEVSTD;Population;e
12411;Current updating of population figures;STAG;Reference date;2019-12-31;KREISE;Administrative districts;12060;Barnim, Landkreis;185244;number;BEVSTD;Population;e
12411;Current updating of population figures;STAG;Reference date;2017-12-31;KREISE;Administrative districts;08436;Ravensburg, Landkreis;283264;number;BEVSTD;Population;e
12411;Current updating of population figures;STAG;Reference date;2017-12-31;KREISE;Administrative districts;14729;Leipzig, Landkreis;258008;number;BEVSTD;Population;e
12411;Current updating of population figures;STAG;Reference date;2017-12-31;KREISE;Administrative districts;01060;Segeberg, Landkreis;274025;number;BEVSTD;Population;e
12411;Current updating of population figures;STAG;Reference date;2016-12-31;KREISE;Administrative districts;05954;Ennepe-Ruhr-Kreis;325374;number;BEVSTD;Population;e
12411;Current updating of population figures;STAG;Reference date;2017-12-31;KREISE;Administrative districts;03361;Verden, Landkreis;136590;number;BEVSTD;Population;e
12411;Current updating of population figures;STAG;Reference date;2019-12-31;KREISE;Administrative districts;12073;Uckermark, Landkreis;118947;number;BEVSTD;Population;e
12411;Current updating of population figures;STAG;Reference date;2021-12-31;KREISE;Administrative districts;15153;Bernburg, Landkreis (until 2007-06-30);-;number;BEVSTD;Population;
12411;Current updating of population figures;STAG;Reference date;2019-12-31;KREISE;Administrative districts;14374;Delitzsch, Landkreis (until 2008-07-31);-;number;BEVSTD;Population;
12411;Current updating of population figures;STAG;Reference date;2024-12-31;KREISE;Administrative districts;09475;Hof, Landkreis;92191;number;BEVSTD;Population;e
12411;Current updating of population figures;STAG;Reference date;2023-12-31;KREISE;Administrative districts;09778;Unterallgäu, Landkreis;145298;number;BEVSTD;Population;e
12411;Current updating of population figures;STAG;Reference date;2024-12-31;KREISE;Administrative districts;03358;Heidekreis;141321;number;BEVSTD;Population;e
12411;Current updating of population figures;STAG;Reference date;2018-12-31;KREISE;Administrative districts;05111;Düsseldorf, kreisfreie Stadt;619294;number;BEVSTD;Population;e
12411;Current updating of population figures;STAG;Reference date;2021-12-31;KREISE;Administrative districts;01062;Stormarn, Landkreis;245406;number;BEVSTD;Population;e
12411;Current updating of population figures;STAG;Reference date;2024-12-31;KREISE;Administrative districts;09462;Bayreuth, kreisfreie Stadt;72940;number;BEVSTD;Population;e
12411;Current updating of population figures;STAG;Reference date;2022-12-31;KREISE;Administrative districts;14511;Chemnitz, kreisfreie Stadt;242896;number;BEVSTD;Population;e
12411;Current updating of population figures;STAG;Reference date;2025-12-31;KREISE;Administrative districts;07132;Altenkirchen (Westerwald), Landkreis;132055;number;BEVSTD;Population;e
12411;Current updating of population figures;STAG;Reference date;2018-12-31;KREISE;Administrative districts;15159;Köthen, Landkreis (until 2007-06-30);-;number;BEVSTD;Population;
12411;Current updating of population figures;STAG;Reference date;2025-12-31;KREISE;Administrative districts;06434;Hochtaunuskreis;241730;number;BEVSTD;Population;e
12411;Current updating of population figures;STAG;Reference date;2025-12-31;KREISE;Administrative districts;05966;Olpe, Landkreis;131265;number;BEVSTD;Population;e
12411;Current updating of population figures;STAG;Reference date;2020-12-31;KREISE;Administrative districts;08337;Waldshut, Landkreis;171237;number;BEVSTD;Population;e
12411;Current updating of population figures;STAG;Reference date;2023-12-31;KREISE;Administrative districts;09262;Passau, kreisfreie Stadt;52894;number;BEVSTD;Population;e
12411;Current updating of population figures;STAG;Reference date;2023-12-31;KREISE;Administrative districts;12065;Oberhavel, Landkreis;217290;number;BEVSTD;Population;e
12411;Current updating of population figures;STAG;Reference date;2025-12-31;KREISE;Administrative districts;09673;Rhön-Grabfeld, Landkreis;78902;number;BEVSTD;Population;e
12411;Current updating of population figures;STAG;Reference date;2024-12-31;KREISE;Administrative districts;05370;Heinsberg, Landkreis;263681;number;BEVSTD;Population;e
12411;Current updating of population figures;STAG;Reference date;2025-12-31;KREISE;Administrative districts;05570;Warendorf, Landkreis;281872;number;BEVSTD;Population;e
12411;Current updating of population figures;STAG;Reference date;2021-12-31;KREISE;Administrative districts;05166;Viersen, Landkreis;298761;number;BEVSTD;Population;e
12411;Current updating of population figures;STAG;Reference date;2017-12-31;KREISE;Administrative districts;08316;Emmendingen, Landkreis;164712;number;BEVSTD;Population;e
12411;Current updating of population figures;STAG;Reference date;2024-12-31;KREISE;Administrative districts;15370;Altmarkkreis Salzwedel (until 2007-06-30);-;number;BEVSTD;Population;
12411;Current updating of population figures;STAG;Reference date;2022-12-31;KREISE;Administrative districts;14524;Zwickau, Landkreis;310532;number;BEVSTD;Population;e
12411;Current updating of population figures;STAG;Reference date;2016-12-31;KREISE;Administrative districts;08225;Neckar-Odenwald-Kreis;143278;number;BEVSTD;Population;e
12411;Current updating of population figures;STAG;Reference date;2024-12-31;KREISE;Administrative districts;05513;Gelsenkirchen, kreisfreie Stadt;267930;number;BEVSTD;Population;e
12411;Current updating of population figures;STAG;Reference date;2016-12-31;KREISE;Administrative districts;08118;Ludwigsburg, Landkreis;537902;number;BEVSTD;Population;e
12411;Current updating of population figures;STAG;Reference date;2020-12-31;KREISE;Administrative districts;14365;Leipzig, kreisfreie Stadt (until 2008-07-31);-;number;BEVSTD;Population;
12411;Current updating of population figures;STAG;Reference date;2020-12-31;KREISE;Administrative districts;14628;Sächsische Schweiz-Osterzgebirge, Landkreis;244722;number;BEVSTD;Population;e
12411;Current updating of population figures;STAG;Reference date;2019-12-31;KREISE;Administrative districts;08336;Lörrach, Landkreis;228736;number;BEVSTD;Population;e
12411;Current updating of population figures;STAG;Reference date;2019-12-31;KREISE;Administrative districts;05958;Hochsauerlandkreis;259777;number;BEVSTD;Population;e
12411;Current updating of population figures;STAG;Reference date;2018-12-31;KREISE;Administrative districts;01059;Schleswig-Flensburg, Landkreis;200025;number;BEVSTD;Population;e
12411;Current updating of population figures;STAG;Reference date;2021-12-31;KREISE;Administrative districts;03101;Braunschweig, kreisfreie Stadt;248823;number;BEVSTD;Population;e
12411;Current updating of population figures;STAG;Reference date;2023-12-31;KREISE;Administrative districts;05911;Bochum, kreisfreie Stadt;357024;number;BEVSTD;Population;e
12411;Current updating of population figures;STAG;Reference date;2016-12-31;KREISE;Administrative districts;16052;Gera, kreisfreie Stadt;94750;number;BEVSTD;Population;e
12411;Current updating of population figures;STAG;Reference date;2016-12-31;KREISE;Administrative districts;11000;Berlin, kreisfreie Stadt;3574830;number;BEVSTD;Population;e
12411;Current updating of population figures;STAG;Reference date;2021-12-31;KREISE;Administrative districts;08416;Tübingen, Landkreis;229806;number;BEVSTD;Population;e
12411;Current updating of population figures;STAG;Reference date;2018-12-31;KREISE;Administrative districts;14188;Stollberg, Landkreis (until 2008-07-31);-;number;BEVSTD;Population;
12411;Current updating of population figures;STAG;Reference date;2025-12-31;KREISE;Administrative districts;15369;Wernigerode, Landkreis (until 2007-06-30);-;number;BEVSTD;Population;
12411;Current updating of population figures;STAG;Reference date;2024-12-31;KREISE;Administrative districts;01053;Herzogtum Lauenburg, Landkreis;206235;number;BEVSTD;Population;e
12411;Current updating of population figures;STAG;Reference date;2019-12-31;KREISE;Administrative districts;08216;Rastatt, Landkreis;231420;number;BEVSTD;Population;e
12411;Current updating of population figures;STAG;Reference date;2023-12-31;KREISE;Administrative districts;08311;Freiburg im Breisgau, kreisfreie Stadt;236236;number;BEVSTD;Population;e
12411;Current updating of population figures;STAG;Reference date;2023-12-31;KREISE;Administrative districts;12051;Brandenburg an der Havel, kreisfreie Stadt;73939;number;BEVSTD;Population;e
12411;Current updating of population figures;STAG;Reference date;2024-12-31;KREISE;Administrative districts;14182;Mittweida, Landkreis (until 2008-07-31);-;number;BEVSTD;Population;
12411;Current updating of population figures;STAG;Reference date;2021-12-31;KREISE;Administrative districts;03354;Lüchow-Dannenberg, Landkreis;48472;number;BEVSTD;Population;e
12411;Current updating of population figures;STAG;Reference date;2021-12-31;KREISE;Administrative districts;14182;Mittweida, Landkreis (until 2008-07-31);-;number;BEVSTD;Population;
12411;Current updating of population figures;STAG;Reference date;2017-12-31;KREISE;Administrative districts;07320;Zweibrücken, kreisfreie Stadt;34270;number;BEVSTD;Population;e
12411;Current updating of population figures;STAG;Reference date;2017-12-31;KREISE;Administrative districts;03255;Holzminden, Landkreis;71144;number;BEVSTD;Population;e
12411;Current updating of population figures;STAG;Reference date;2024-12-31;KREISE;Administrative districts;03452;Aurich, Landkreis;188816;number;BEVSTD;Population;e
12411;Current updating of population figures;STAG;Reference date;2016-12-31;KREISE;Administrative districts;09662;Schweinfurt, kreisfreie Stadt;52724;number;BEVSTD;Population;e
12411;Current updating of population figures;STAG;Reference date;2018-12-31;KREISE;Administrative districts;16071;Weimarer Land, Landkreis;81947;number;BEVSTD;Population;e
12411;Current updating of population figures;STAG;Reference date;2025-12-31;KREISE;Administrative districts;04012;Bremerhaven, kreisfreie Stadt;118502;number;BEVSTD;Population;e
12411;Current updating of population figures;STAG;Reference date;2022-12-31;KREISE;Administrative districts;08125;Heilbronn, Landkreis;351402;number;BEVSTD;Population;e
12411;Current updating of population figures;STAG;Reference date;2016-12-31;KREISE;Administrative districts;05117;Mülheim an der Ruhr, kreisfreie Stadt;170936;number;BEVSTD;Population;e
12411;Current updating of population figures;STAG;Reference date;2023-12-31;KREISE;Administrative districts;08337;Waldshut, Landkreis;171777;number;BEVSTD;Population;e
12411;Current updating of population figures;STAG;Reference date;2022-12-31;KREISE;Administrative districts;05978;Unna, Landkreis;395619;number;BEVSTD;Population;e
12411;Current updating of population figures;STAG;Reference date;2021-12-31;KREISE;Administrative districts;03461;Wesermarsch, Landkreis;88430;number;BEVSTD;Population;e
12411;Current updating of population figures;STAG;Reference date;2022-12-31;KREISE;Administrative districts;14287;Sächsische Schweiz, Landkreis (until 2008-07-31);-;number;BEVSTD;Population;
12411;Current updating of population figures;STAG;Reference date;2025-12-31;KREISE;Administrative districts;10041;Regionalverband Saarbrücken, Landkreis;331994;number;BEVSTD;Population;e
12411;Current updating of population figures;STAG;Reference date;2023-12-31;KREISE;Administrative districts;03155;Northeim, Landkreis;126310;number;BEVSTD;Population;e
12411;Current updating of population figures;STAG;Reference date;2018-12-31;KREISE;Administrative districts;03454;Emsland, Landkreis;325657;number;BEVSTD;Population;e
12411;Current updating of population figures;STAG;Reference date;2019-12-31;KREISE;Administrative districts;03154;Helmstedt, Landkreis;91297;number;BEVSTD;Population;e
12411;Current updating of population figures;STAG;Reference date;2019-12-31;KREISE;Administrative districts;05562;Recklinghausen, Landkreis;614137;number;BEVSTD;Population;e
12411;Current updating of population figures;STAG;Reference date;2017-12-31;KREISE;Administrative districts;07333;Donnersbergkreis;75102;number;BEVSTD;Population;e
12411;Current updating of population figures;STAG;Reference date;2023-12-31;KREISE;Administrative districts;09276;Regen, Landkreis;77439;number;BEVSTD;Population;e
12411;Current updating of population figures;STAG;Reference date;2020-12-31;KREISE;Administrative districts;03405;Wilhelmshaven, kreisfreie Stadt;75189;number;BEVSTD;Population;e
12411;Current updating of population figures;STAG;Reference date;2023-12-31;KREISE;Administrative districts;15087;Mansfeld-Südharz, Landkreis;130162;number;BEVSTD;Population;e
12411;Current updating of population figures;STAG;Reference date;2025-12-31;KREISE;Administrative districts;09171;Altötting, Landkreis;113775;number;BEVSTD;Population;e
12411;Current updating of population figures;STAG;Reference date;2017-12-31;KREISE;Administrative districts;09371;Amberg-Sulzbach, Landkreis;102836;number;BEVSTD;Population;e
12411;Current updating of population figures;STAG;Reference date;2020-12-31;KREISE;Administrative districts;12060;Barnim, Landkreis;187343;number;BEVSTD;Population;e
12411;Current updating of population figures;STAG;Reference date;2016-12-31;KREISE;Administrative districts;06439;Rheingau-Taunus-Kreis;185668;number;BEVSTD;Population;e
12411;Current updating of population figures;STAG;Reference date;2020-12-31;KREISE;Administrative districts;09761;Augsburg, kreisfreie Stadt;295830;number;BEVSTD;Population;e
12411;Current updating of population figures;STAG;Reference date;2022-12-31;KREISE;Administrative districts;16072;Sonneberg, Landkreis;56412;number;BEVSTD;Population;e
12411;Current updating of population figures;STAG;Reference date;2018-12-31;KREISE;Administrative districts;13071;Mecklenburgische Seenplatte, Landkreis;259130;number;BEVSTD;Population;e
12411;Current updating of population figures;STAG;Reference date;2025-12-31;KREISE;Administrative districts;08236;Enzkreis;199150;number;BEVSTD;Population;e
12411;Current updating of population figures;STAG;Reference date;2016-12-31;KREISE;Administrative districts;07134;Birkenfeld, Landkreis;80799;number;BEVSTD;Population;e
12411;Current updating of population figures;STAG;Reference date;2018-12-31;KREISE;Administrative districts;03201;Hannover, kreisfreie Stadt (until 2001-10-31);-;number;BEVSTD;Population;
12411;Current updating of population figures;STAG;Reference date;2017-12-31;KREISE;Administrative districts;13002;Neubrandenburg, kreisfreie Stadt (until 2011-09-03;-;number;BEVSTD;Population;
12411;Current updating of population figures;STAG;Reference date;2020-12-31;KREISE;Administrative districts;06414;Wiesbaden, kreisfreie Stadt;278609;number;BEVSTD;Population;e
12411;Current updating of population figures;STAG;Reference date;2023-12-31;KREISE;Administrative districts;07340;Südwestpfalz, Landkreis;90168;number;BEVSTD;Population;e
12411;Current updating of population figures;STAG;Reference date;2025-12-31;KREISE;Administrative districts;09184;München, Landkreis;353994;number;BEVSTD;Population;e
12411;Current updating of population figures;STAG;Reference date;2017-12-31;KREISE;Administrative districts;15303;Magdeburg, kreisfreie Stadt (until 2007-06-30);-;number;BEVSTD;Population;
12411;Current updating of population figures;STAG;Reference date;2019-12-31;KREISE;Administrative districts;09773;Dillingen an der Donau, Landkreis;96562;number;BEVSTD;Population;e
12411;Current updating of population figures;STAG;Reference date;2016-12-31;KREISE;Administrative districts;09675;Kitzingen, Landkreis;89748;number;BEVSTD;Population;e
12411;Current updating of population figures;STAG;Reference date;2018-12-31;KREISE;Administrative districts;09561;Ansbach, kreisfreie Stadt;41847;number;BEVSTD;Population;e
12411;Current updating of population figures;STAG;Reference date;2022-12-31;KREISE;Administrative districts;06433;Groß-Gerau, Landkreis;266326;number;BEVSTD;Population;e
12411;Current updating of population figures;STAG;Reference date;2023-12-31;KREISE;Administrative districts;14379;Leipziger Land, Landkreis (until 2008-07-31);-;number;BEVSTD;Population;
12411;Current updating of population figures;STAG;Reference date;2020-12-31;KREISE;Administrative districts;09774;Günzburg, Landkreis;127342;number;BEVSTD;Population;e
12411;Current updating of population figures;STAG;Reference date;2022-12-31;KREISE;Administrative districts;14167;Zwickau, kreisfreie Stadt (until 2008-07-31);-;number;BEVSTD;Population;
12411;Current updating of population figures;STAG;Reference date;2018-12-31;KREISE;Administrative districts;07318;Speyer, kreisfreie Stadt;50378;number;BEVSTD;Population;e
12411;Current updating of population figures;STAG;Reference date;2019-12-31;KREISE;Administrative districts;07134;Birkenfeld, Landkreis;80951;number;BEVSTD;Population;e
12411;Current updating of population figures;STAG;Reference date;2022-12-31;KREISE;Administrative districts;03459;Osnabrück, Landkreis;356060;number;BEVSTD;Population;e
12411;Current updating of population figures;STAG;Reference date;2020-12-31;KREISE;Administrative districts;12073;Uckermark, Landkreis;118250;number;BEVSTD;Population;e
12411;Current updating of population figures;STAG;Reference date;2020-12-31;KREISE;Administrative districts;03155;Northeim, Landkreis;131772;number;BEVSTD;Population;e
12411;Current updating of population figures;STAG;Reference date;2021-12-31;KREISE;Administrative districts;05762;Höxter, Landkreis;139994;number;BEVSTD;Population;e
12411;Current updating of population figures;STAG;Reference date;2024-12-31;KREISE;Administrative districts;07312;Kaiserslautern, kreisfreie Stadt;100426;number;BEVSTD;Population;e
12411;Current updating of population figures;STAG;Reference date;2022-12-31;KREISE;Administrative districts;07141;Rhein-Lahn-Kreis;124860;number;BEVSTD;Population;e
12411;Current updating of population figures;STAG;Reference date;2023-12-31;KREISE;Administrative districts;03405;Wilhelmshaven, kreisfreie Stadt;76010;number;BEVSTD;Population;e
12411;Current updating of population figures;STAG;Reference date;2019-12-31;KREISE;Administrative districts;06533;Limburg-Weilburg, Landkreis;171912;number;BEVSTD;Population;e
12411;Current updating of population figures;STAG;Reference date;2019-12-31;KREISE;Administrative districts;03404;Osnabrück, kreisfreie Stadt;165251;number;BEVSTD;Population;e
12411;Current updating of population figures;STAG;Reference date;2021-12-31;KREISE;Administrative districts;07338;Rhein-Pfalz-Kreis;155050;number;BEVSTD;Population;e
12411;Current updating of population figures;STAG;Reference date;2023-12-31;KREISE;Administrative districts;06632;Hersfeld-Rotenburg, Landkreis;118010;number;BEVSTD;Population;e
12411;Current updating of population figures;STAG;Reference date;2016-12-31;KREISE;Administrative districts;16065;Kyffhäuserkreis;76685;number;BEVSTD;Population;e
12411;Current updating of population figures;STAG;Reference date;2025-12-31;KREISE;Administrative districts;05116;Mönchengladbach, kreisfreie Stadt;267176;number;BEVSTD;Population;e
12411;Current updating of population figures;STAG;Reference date;2017-12-31;KREISE;Administrative districts;05774;Paderborn, Landkreis;305362;number;BEVSTD;Population;e
12411;Current updating of population figures;STAG;Reference date;2022-12-31;KREISE;Administrative districts;09575;Neustadt an der Aisch-Bad Windsheim, Landkreis;100568;number;BEVSTD;Population;e
12411;Current updating of population figures;STAG;Reference date;2019-12-31;KREISE;Administrative districts;06532;Lahn-Dill-Kreis;253319;number;BEVSTD;Population;e
12411;Current updating of population figures;STAG;Reference date;2025-12-31;KREISE;Administrative districts;16053;Jena, kreisfreie Stadt;109353;number;BEVSTD;Population;e
12411;Current updating of population figures;STAG;Reference date;2016-12-31;KREISE;Administrative districts;06435;Main-Kinzig-Kreis;416715;number;BEVSTD;Population;e
12411;Current updating of population figures;STAG;Reference date;2017-12-31;KREISE;Administrative districts;14713;Leipzig, kreisfreie Stadt;581980;number;BEVSTD;Population;e
12411;Current updating of population figures;STAG;Reference date;2019-12-31;KREISE;Administrative districts;14730;Nordsachsen, Landkreis;197741;number;BEVSTD;Population;e
12411;Current updating of population figures;STAG;Reference date;2017-12-31;KREISE;Administrative districts;09277;Rottal-Inn, Landkreis;120371;number;BEVSTD;Population;e
12411;Current updating of population figures;STAG;Reference date;2020-12-31;KREISE;Administrative districts;09162;München, kreisfreie Stadt;1488202;number;BEVSTD;Population;e
12411;Current updating of population figures;STAG;Reference date;2019-12-31;KREISE;Administrative districts;06412;Frankfurt am Main, kreisfreie Stadt;763380;number;BEVSTD;Population;e
12411;Current updating of population figures;STAG;Reference date;2021-12-31;KREISE;Administrative districts;13003;Rostock, kreisfreie Stadt;208400;number;BEVSTD;Population;e
12411;Current updating of population figures;STAG;Reference date;2019-12-31;KREISE;Administrative districts;10043;Neunkirchen, Landkreis;131408;number;BEVSTD;Population;e
12411;Current updating of population figures;STAG;Reference date;2021-12-31;KREISE;Administrative districts;09362;Regensburg, kreisfreie Stadt;153542;number;BEVSTD;Population;e
12411;Current updating of population figures;STAG;Reference date;2018-12-31;KREISE;Administrative districts;15265;Saalkreis (until 2007-06-30);-;number;BEVSTD;Population;
12411;Current updating of population figures;STAG;Reference date;2022-12-31;KREISE;Administrative districts;09562;Erlangen, kreisfreie Stadt;113911;number;BEVSTD;Population;e
12411;Current updating of population figures;STAG;Reference date;2025-12-31;KREISE;Administrative districts;08118;Ludwigsburg, Landkreis;534454;number;BEVSTD;Population;e
12411;Current updating of population figures;STAG;Reference date;2019-12-31;KREISE;Administrative districts;13055;Mecklenburg-Strelitz, Landkreis (until 2011-09-03);-;number;BEVSTD;Population;
12411;Current updating of population figures;STAG;Reference date;2016-12-31;KREISE;Administrative districts;10044;Saarlouis, Landkreis;196609;number;BEVSTD;Population;e
12411;Current updating of population figures;STAG;Reference date;2021-12-31;KREISE;Administrative districts;07335;Kaiserslautern, Landkreis;106853;number;BEVSTD;Population;e
12411;Current updating of population figures;STAG;Reference date;2019-12-31;KREISE;Administrative districts;12070;Prignitz, Landkreis;76158;number;BEVSTD;Population;e
12411;Current updating of population figures;STAG;Reference date;2016-12-31;KREISE;Administrative districts;14383;Muldentalkreis (until 2008-07-31);-;number;BEVSTD;Population;
12411;Current updating of population figures;STAG;Reference date;2018-12-31;KREISE;Administrative districts;09562;Erlangen, kreisfreie Stadt;111962;number;BEVSTD;Population;e
12411;Current updating of population figures;STAG;Reference date;2025-12-31;KREISE;Administrative districts;16066;Schmalkalden-Meiningen, Landkreis;118927;number;BEVSTD;Population;e
12411;Current updating of population figures;STAG;Reference date;2020-12-31;KREISE;Administrative districts;06631;Fulda, Landkreis;223023;number;BEVSTD;Population;e
12411;Current updating of population figures;STAG;Reference date;2016-12-31;KREISE;Administrative districts;09184;München, Landkreis;343405;number;BEVSTD;Population;e
12411;Current updating of population figures;STAG;Reference date;2020-12-31;KREISE;Administrative districts;07135;Cochem-Zell, Landkreis;61578;number;BEVSTD;Population;e
12411;Current updating of population figures;STAG;Reference date;2016-12-31;KREISE;Administrative districts;08222;Mannheim, kreisfreie Stadt;304781;number;BEVSTD;Population;e
12411;Current updating of population figures;STAG;Reference date;2020-12-31;KREISE;Administrative districts;15083;Börde, Landkreis;170567;number;BEVSTD;Population;e
12411;Current updating of population figures;STAG;Reference date;2018-12-31;KREISE;Administrative districts;09575;Neustadt an der Aisch-Bad Windsheim, Landkreis;100364;number;BEVSTD;Population;e
12411;Current updating of population figures;STAG;Reference date;2016-12-31;KREISE;Administrative districts;14263;Görlitz, kreisfreie Stadt (until 2008-07-31);-;number;BEVSTD;Population;
12411;Current updating of population figures;STAG;Reference date;2025-12-31;KREISE;Administrative districts;08225;Neckar-Odenwald-Kreis;144909;number;BEVSTD;Population;e
12411;Current updating of population figures;STAG;Reference date;2019-12-31;KREISE;Administrative districts;09775;Neu-Ulm, Landkreis;175204;number;BEVSTD;Population;e
12411;Current updating of population figures;STAG;Reference date;2017-12-31;KREISE;Administrative districts;05770;Minden-Lübbecke, Landkreis;311207;number;BEVSTD;Population;e
12411;Current updating of population figures;STAG;Reference date;2020-12-31;KREISE;Administrative districts;09175;Ebersberg, Landkreis;144091;number;BEVSTD;Population;e
12411;Current updating of population figures;STAG;Reference date;2017-12-31;KREISE;Administrative districts;06635;Waldeck-Frankenberg, Landkreis;157256;number;BEVSTD;Population;e
12411;Current updating of population figures;STAG;Reference date;2017-12-31;KREISE;Administrative districts;05913;Dortmund, kreisfreie Stadt;586600;number;BEVSTD;Population;e
12411;Current updating of population figures;STAG;Reference date;2022-12-31;KREISE;Administrative districts;15363;Stendal, Landkreis (until 2007-06-30);-;number;BEVSTD;Population;
12411;Current updating of population figures;STAG;Reference date;2023-12-31;KREISE;Administrative districts;07138;Neuwied, Landkreis;188656;number;BEVSTD;Population;e
12411;Current updating of population figures;STAG;Reference date;2018-12-31;KREISE;Administrative districts;05970;Siegen-Wittgenstein, Landkreis;278210;number;BEVSTD;Population;e
12411;Current updating of population figures;STAG;Reference date;2019-12-31;KREISE;Administrative districts;06438;Offenbach, Landkreis;355813;number;BEVSTD;Population;e
12411;Current updating of population figures;STAG;Reference date;2024-12-31;KREISE;Administrative districts;07338;Rhein-Pfalz-Kreis;155882;number;BEVSTD;Population;e
12411;Current updating of population figures;STAG;Reference date;2019-12-31;KREISE;Administrative districts;15086;Jerichower Land, Landkreis;89589;number;BEVSTD;Population;e
12411;Current updating of population figures;STAG;Reference date;2021-12-31;KREISE;Administrative districts;09375;Regensburg, Landkreis;195225;number;BEVSTD;Population;e
12411;Current updating of population figures;STAG;Reference date;2025-12-31;KREISE;Administrative districts;09676;Miltenberg, Landkreis;126746;number;BEVSTD;Population;e
12411;Current updating of population figures;STAG;Reference date;2017-12-31;KREISE;Administrative districts;01061;Steinburg, Landkreis;131613;number;BEVSTD;Population;e
12411;Current updating of population figures;STAG;Reference date;2016-12-31;KREISE;Administrative districts;08235;Calw, Landkreis;155960;number;BEVSTD;Population;e
12411;Current updating of population figures;STAG;Reference date;2024-12-31;KREISE;Administrative districts;09476;Kronach, Landkreis;64545;number;BEVSTD;Population;e
12411;Current updating of population figures;STAG;Reference date;2024-12-31;KREISE;Administrative districts;05382;Rhein-Sieg-Kreis;605441;number;BEVSTD;Population;e
12411;Current updating of population figures;STAG;Reference date;2017-12-31;KREISE;Administrative districts;08315;Breisgau-Hochschwarzwald, Landkreis;262405;number;BEVSTD;Population;e
12411;Current updating of population figures;STAG;Reference date;2023-12-31;KREISE;Administrative districts;09779;Donau-Ries, Landkreis;134677;number;BEVSTD;Population;e
12411;Current updating of population figures;STAG;Reference date;2022-12-31;KREISE;Administrative districts;14521;Erzgebirgskreis;324070;number;BEVSTD;Population;e
12411;Current updating of population figures;STAG;Reference date;2023-12-31;KREISE;Administrative districts;13059;Ostvorpommern, Landkreis (until 2011-09-03);-;number;BEVSTD;Population;
12411;Current updating of population figures;STAG;Reference date;2023-12-31;KREISE;Administrative districts;15086;Jerichower Land, Landkreis;88695;number;BEVSTD;Population;e
12411;Current updating of population figures;STAG;Reference date;2016-12-31;KREISE;Administrative districts;03401;Delmenhorst, kreisfreie Stadt;77045;number;BEVSTD;Population;e
12411;Current updating of population figures;STAG;Reference date;2018-12-31;KREISE;Administrative districts;14280;Meißen, Landkreis (until 2008-07-31);-;number;BEVSTD;Population;
12411;Current updating of population figures;STAG;Reference date;2016-12-31;KREISE;Administrative districts;13052;Demmin, Landkreis (until 2011-09-03);-;number;BEVSTD;Population;
12411;Current updating of population figures;STAG;Reference date;2024-12-31;KREISE;Administrative districts;09463;Coburg, kreisfreie Stadt;41064;number;BEVSTD;Population;e
12411;Current updating of population figures;STAG;Reference date;2020-12-31;KREISE;Administrative districts;09188;Starnberg, Landkreis;136610;number;BEVSTD;Population;e
12411;Current updating of population figures;STAG;Reference date;2021-12-31;KREISE;Administrative districts;01061;Steinburg, Landkreis;130843;number;BEVSTD;Population;e
12411;Current updating of population figures;STAG;Reference date;2018-12-31;KREISE;Administrative districts;14173;Chemnitzer Land, Landkreis (until 2008-07-31);-;number;BEVSTD;Population;
12411;Current updating of population figures;STAG;Reference date;2025-12-31;KREISE;Administrative districts;06433;Groß-Gerau, Landkreis;268614;number;BEVSTD;Population;e
12411;Current updating of population figures;STAG;Reference date;2024-12-31;KREISE;Administrative districts;13006;Wismar, kreisfreie Stadt (until 2011-09-03);-;number;BEVSTD;Population;
12411;Current updating of population figures;STAG;Reference date;2017-12-31;KREISE;Administrative districts;08435;Bodenseekreis;214655;number;BEVSTD;Population;e
12411;Current updating of population figures;STAG;Reference date;2023-12-31;KREISE;Administrative districts;09263;Straubing, kreisfreie Stadt;47524;number;BEVSTD;Population;e
12411;Current updating of population figures;STAG;Reference date;2020-12-31;KREISE;Administrative districts;01004;Neumünster, kreisfreie Stadt;79905;number;BEVSTD;Population;e
12411;Current updating of population figures;STAG;Reference date;2021-12-31;KREISE;Administrative districts;14191;Aue-Schwarzenberg, Landkreis (until 2008-07-31);-;number;BEVSTD;Population;
12411;Current updating of population figures;STAG;Reference date;2025-12-31;KREISE;Administrative districts;09663;Würzburg, kreisfreie Stadt;133753;number;BEVSTD;Population;e
12411;Current updating of population figures;STAG;Reference date;2024-12-31;KREISE;Administrative districts;05512;Bottrop, kreisfreie Stadt;118535;number;BEVSTD;Population;e
12411;Current updating of population figures;STAG;Reference date;2016-12-31;KREISE;Administrative districts;08128;Main-Tauber-Kreis;132274;number;BEVSTD;Population;e
12411;Current updating of population figures;STAG;Reference date;2022-12-31;KREISE;Administrative districts;15256;Burgenlandkreis (until 2007-06-30);-;number;BEVSTD;Population;
12411;Current updating of population figures;STAG;Reference date;2016-12-31;KREISE;Administrative districts;08115;Böblingen, Landkreis;385888;number;BEVSTD;Population;e
12411;Current updating of population figures;STAG;Reference date;2025-12-31;KREISE;Administrative districts;05978;Unna, Landkreis;392266;number;BEVSTD;Population;e
12411;Current updating of population figures;STAG;Reference date;2025-12-31;KREISE;Administrative districts;13076;Ludwigslust-Parchim, Landkreis;207160;number;BEVSTD;Population;e
12411;Current updating of population figures;STAG;Reference date;2022-12-31;KREISE;Administrative districts;05378;Rheinisch-Bergischer Kreis;283037;number;BEVSTD;Population;e
12411;Current updating of population figures;STAG;Reference date;2025-12-31;KREISE;Administrative districts;07133;Bad Kreuznach, Landkreis;164822;number;BEVSTD;Population;e
12411;Current updating of population figures;STAG;Reference date;2019-12-31;KREISE;Administrative districts;05334;Städteregion Aachen, Landkreis;557026;number;BEVSTD;Population;e
12411;Current updating of population figures;STAG;Reference date;2019-12-31;KREISE;Administrative districts;09272;Freyung-Grafenau, Landkreis;78362;number;BEVSTD;Population;e
12411;Current updating of population figures;STAG;Reference date;2021-12-31;KREISE;Administrative districts;08426;Biberach, Landkreis;203244;number;BEVSTD;Population;e
12411;Current updating of population figures;STAG;Reference date;2023-12-31;KREISE;Administrative districts;03159;Göttingen, Landkreis;328657;number;BEVSTD;Population;e
12411;Current updating of population figures;STAG;Reference date;2020-12-31;KREISE;Administrative districts;08226;Rhein-Neckar-Kreis;548233;number;BEVSTD;Population;e
12411;Current updating of population figures;STAG;Reference date;2022-12-31;KREISE;Administrative districts;05112;Duisburg, kreisfreie Stadt;501671;number;BEVSTD;Population;e
12411;Current updating of population figures;STAG;Reference date;2022-12-31;KREISE;Administrative districts;15003;Magdeburg, kreisfreie Stadt;241753;number;BEVSTD;Population;e
12411;Current updating of population figures;STAG;Reference date;2018-12-31;KREISE;Administrative districts;03457;Leer, Landkreis;169809;number;BEVSTD;Population;e
12411;Current updating of population figures;STAG;Reference date;2024-12-31;KREISE;Administrative districts;03462;Wittmund, Landkreis;55969;number;BEVSTD;Population;e
12411;Current updating of population figures;STAG;Reference date;2025-12-31;KREISE;Administrative districts;09187;Rosenheim, Landkreis;258824;number;BEVSTD;Population;e
12411;Current updating of population figures;STAG;Reference date;2024-12-31;KREISE;Administrative districts;14181;Mittlerer Erzgebirgskreis (until 2008-07-31);-;number;BEVSTD;Population;
12411;Current updating of population figures;STAG;Reference date;2016-12-31;KREISE;Administrative districts;05334;Städteregion Aachen, Landkreis;552472;number;BEVSTD;Population;e
12411;Current updating of population figures;STAG;Reference date;2016-12-31;KREISE;Administrative districts;16064;Unstrut-Hainich-Kreis;103948;number;BEVSTD;Population;e
12411;Current updating of population figures;STAG;Reference date;2018-12-31;KREISE;Administrative districts;05120;Remscheid, kreisfreie Stadt;110994;number;BEVSTD;Population;e
12411;Current updating of population figures;STAG;Reference date;2022-12-31;KREISE;Administrative districts;08111;Stuttgart, kreisfreie Stadt;612041;number;BEVSTD;Population;e
12411;Current updating of population figures;STAG;Reference date;2025-12-31;KREISE;Administrative districts;14730;Nordsachsen, Landkreis;198639;number;BEVSTD;Population;e
12411;Current updating of population figures;STAG;Reference date;2022-12-31;KREISE;Administrative districts;08231;Pforzheim, kreisfreie Stadt;133896;number;BEVSTD;Population;e
12411;Current updating of population figures;STAG;Reference date;2020-12-31;KREISE;Administrative districts;12063;Havelland, Landkreis;164693;number;BEVSTD;Population;e
12411;Current updating of population figures;STAG;Reference date;2019-12-31;KREISE;Administrative districts;08337;Waldshut, Landkreis;171003;number;BEVSTD;Population;e
12411;Current updating of population figures;STAG;Reference date;2025-12-31;KREISE;Administrative districts;15357;Halberstadt, Landkreis (until 2007-06-30);-;number;BEVSTD;Population;
12411;Current updating of population figures;STAG;Reference date;2020-12-31;KREISE;Administrative districts;14375;Döbeln, Landkreis (until 2008-07-31);-;number;BEVSTD;Population;
12411;Current updating of population figures;STAG;Reference date;2025-12-31;KREISE;Administrative districts;05711;Bielefeld, kreisfreie Stadt;331419;number;BEVSTD;Population;e
12411;Current updating of population figures;STAG;Reference date;2022-12-31;KREISE;Administrative districts;14284;Niederschlesischer Oberlausitzkreis (b.31.07.2008);-;number;BEVSTD;Population;
12411;Current updating of population figures;STAG;Reference date;2023-12-31;KREISE;Administrative districts;14628;Sächsische Schweiz-Osterzgebirge, Landkreis;245143;number;BEVSTD;Population;e
12411;Current updating of population figures;STAG;Reference date;2016-12-31;KREISE;Administrative districts;07131;Ahrweiler, Landkreis;128455;number;BEVSTD;Population;e
12411;Current updating of population figures;STAG;Reference date;2016-12-31;KREISE;Administrative districts;16051;Erfurt, kreisfreie Stadt;211113;number;BEVSTD;Population;e
12411;Current updating of population figures;STAG;Reference date;2023-12-31;KREISE;Administrative districts;08216;Rastatt, Landkreis;231356;number;BEVSTD;Population;e
12411;Current updating of population figures;STAG;Reference date;2024-12-31;KREISE;Administrative districts;15265;Saalkreis (until 2007-06-30);-;number;BEVSTD;Population;
12411;Current updating of population figures;STAG;Reference date;2023-12-31;KREISE;Administrative districts;09277;Rottal-Inn, Landkreis;120475;number;BEVSTD;Population;e
12411;Current updating of population figures;STAG;Reference date;2019-12-31;KREISE;Administrative districts;08311;Freiburg im Breisgau, kreisfreie Stadt;231195;number;BEVSTD;Population;e
12411;Current updating of population figures;STAG;Reference date;2023-12-31;KREISE;Administrative districts;03252;Hameln-Pyrmont, Landkreis;150535;number;BEVSTD;Population;e
12411;Current updating of population figures;STAG;Reference date;2022-12-31;KREISE;Administrative districts;14177;Freiberg, Landkreis (until 2008-07-31);-;number;BEVSTD;Population;
12411;Current updating of population figures;STAG;Reference date;2016-12-31;KREISE;Administrative districts;09674;Haßberge, Landkreis;84373;number;BEVSTD;Population;e
12411;Current updating of population figures;STAG;Reference date;2021-12-31;KREISE;Administrative districts;05512;Bottrop, kreisfreie Stadt;117311;number;BEVSTD;Population;e
12411;Current updating of population figures;STAG;Reference date;2024-12-31;KREISE;Administrative districts;03355;Lüneburg, Landkreis;179448;number;BEVSTD;Population;e
12411;Current updating of population figures;STAG;Reference date;2017-12-31;KREISE;Administrative districts;03352;Cuxhaven, Landkreis;198100;number;BEVSTD;Population;e
12411;Current updating of population figures;STAG;Reference date;2023-12-31;KREISE;Administrative districts;12061;Dahme-Spreewald, Landkreis;177662;number;BEVSTD;Population;e
12411;Current updating of population figures;STAG;Reference date;2020-12-31;KREISE;Administrative districts;09771;Aichach-Friedberg, Landkreis;135024;number;BEVSTD;Population;e
12411;Current updating of population figures;STAG;Reference date;2023-12-31;KREISE;Administrative districts;14365;Leipzig, kreisfreie Stadt (until 2008-07-31);-;number;BEVSTD;Population;
12411;Current updating of population figures;STAG;Reference date;2020-12-31;KREISE;Administrative districts;05170;Wesel, Landkreis;460113;number;BEVSTD;Population;e
12411;Current updating of population figures;STAG;Reference date;2021-12-31;KREISE;Administrative districts;05382;Rhein-Sieg-Kreis;600732;number;BEVSTD;Population;e
12411;Current updating of population figures;STAG;Reference date;2017-12-31;KREISE;Administrative districts;12067;Oder-Spree, Landkreis;178347;number;BEVSTD;Population;e
12411;Current updating of population figures;STAG;Reference date;2018-12-31;KREISE;Administrative districts;16072;Sonneberg, Landkreis;56196;number;BEVSTD;Population;e
12411;Current updating of population figures;STAG;Reference date;2016-12-31;KREISE;Administrative districts;09661;Aschaffenburg, kreisfreie Stadt;69187;number;BEVSTD;Population;e
12411;Current updating of population figures;STAG;Reference date;2025-12-31;KREISE;Administrative districts;09677;Main-Spessart, Landkreis;124315;number;BEVSTD;Population;e
12411;Current updating of population figures;STAG;Reference date;2023-12-31;KREISE;Administrative districts;08336;Lörrach, Landkreis;237212;number;BEVSTD;Population;e
12411;Current updating of population figures;STAG;Reference date;2021-12-31;KREISE;Administrative districts;03462;Wittmund, Landkreis;57455;number;BEVSTD;Population;e
12411;Current updating of population figures;STAG;Reference date;2024-12-31;KREISE;Administrative districts;03102;Salzgitter, kreisfreie Stadt;104970;number;BEVSTD;Population;e
12411;Current updating of population figures;STAG;Reference date;2016-12-31;KREISE;Administrative districts;03151;Gifhorn, Landkreis;174749;number;BEVSTD;Population;e
12411;Current updating of population figures;STAG;Reference date;2020-12-31;KREISE;Administrative districts;05313;Aachen, kreisfreie Stadt (until 2009-10-20);-;number;BEVSTD;Population;
12411;Current updating of population figures;STAG;Reference date;2024-12-31;KREISE;Administrative districts;01056;Pinneberg, Landkreis;325223;number;BEVSTD;Population;e
12411;Current updating of population figures;STAG;Reference date;2019-12-31;KREISE;Administrative districts;09761;Augsburg, kreisfreie Stadt;296582;number;BEVSTD;Population;e
12411;Current updating of population figures;STAG;Reference date;2019-12-31;KREISE;Administrative districts;09178;Freising, Landkreis;180007;number;BEVSTD;Population;e
12411;Current updating of population figures;STAG;Reference date;2022-12-31;KREISE;Administrative districts;04011;Bremen, kreisfreie Stadt;576947;number;BEVSTD;Population;e
12411;Current updating of population figures;STAG;Reference date;2019-12-31;KREISE;Administrative districts;03401;Delmenhorst, kreisfreie Stadt;77559;number;BEVSTD;Population;e
12411;Current updating of population figures;STAG;Reference date;2020-12-31;KREISE;Administrative districts;16067;Gotha, Landkreis;134563;number;BEVSTD;Population;e
12411;Current updating of population figures;STAG;Reference date;2016-12-31;KREISE;Administrative districts;15101;Dessau, kreisfreie Stadt (until 2007-06-30);-;number;BEVSTD;Population;
12411;Current updating of population figures;STAG;Reference date;2017-12-31;KREISE;Administrative districts;05914;Hagen, kreisfreie Stadt;187730;number;BEVSTD;Population;e
12411;Current updating of population figures;STAG;Reference date;2020-12-31;KREISE;Administrative districts;14612;Dresden, kreisfreie Stadt;556227;number;BEVSTD;Population;e
12411;Current updating of population figures;STAG;Reference date;2020-12-31;KREISE;Administrative districts;05566;Steinfurt, Landkreis;448197;number;BEVSTD;Population;e
12411;Current updating of population figures;STAG;Reference date;2019-12-31;KREISE;Administrative districts;15087;Mansfeld-Südharz, Landkreis;134942;number;BEVSTD;Population;e
12411;Current updating of population figures;STAG;Reference date;2018-12-31;KREISE;Administrative districts;07317;Pirmasens, kreisfreie Stadt;40403;number;BEVSTD;Population;e
12411;Current updating of population figures;STAG;Reference date;2025-12-31;KREISE;Administrative districts;04011;Bremen, kreisfreie Stadt;588413;number;BEVSTD;Population;e
12411;Current updating of population figures;STAG;Reference date;2017-12-31;KREISE;Administrative districts;09263;Straubing, kreisfreie Stadt;47586;number;BEVSTD;Population;e
12411;Current updating of population figures;STAG;Reference date;2016-12-31;KREISE;Administrative districts;15091;Wittenberg, Landkreis;127449;number;BEVSTD;Population;e
12411;Current updating of population figures;STAG;Reference date;2016-12-31;KREISE;Administrative districts;09171;Altötting, Landkreis;109422;number;BEVSTD;Population;e
12411;Current updating of population figures;STAG;Reference date;2020-12-31;KREISE;Administrative districts;14625;Bautzen, Landkreis;298010;number;BEVSTD;Population;e
12411;Current updating of population figures;STAG;Reference date;2025-12-31;KREISE;Administrative districts;09161;Ingolstadt, kreisfreie Stadt;140799;number;BEVSTD;Population;e
12411;Current updating of population figures;STAG;Reference date;2025-12-31;KREISE;Administrative districts;15081;Altmarkkreis Salzwedel;79460;number;BEVSTD;Population;e
12411;Current updating of population figures;STAG;Reference date;2022-12-31;KREISE;Administrative districts;16071;Weimarer Land, Landkreis;83148;number;BEVSTD;Population;e
12411;Current updating of population figures;STAG;Reference date;2017-12-31;KREISE;Administrative districts;12054;Potsdam, kreisfreie Stadt;175710;number;BEVSTD;Population;e
12411;Current updating of population figures;STAG;Reference date;2025-12-31;KREISE;Administrative districts;16067;Gotha, Landkreis;134460;number;BEVSTD;Population;e
12411;Current updating of population figures;STAG;Reference date;2022-12-31;KREISE;Administrative districts;13060;Parchim, Landkreis (until 2011-09-03);-;number;BEVSTD;Population;
12411;Current updating of population figures;STAG;Reference date;2016-12-31;KREISE;Administrative districts;16077;Altenburger Land, Landkreis;91607;number;BEVSTD;Population;e
12411;Current updating of population figures;STAG;Reference date;2019-12-31;KREISE;Administrative districts;10044;Saarlouis, Landkreis;194319;number;BEVSTD;Population;e
12411;Current updating of population figures;STAG;Reference date;2019-12-31;KREISE;Administrative districts;03151;Gifhorn, Landkreis;176523;number;BEVSTD;Population;e
12411;Current updating of population figures;STAG;Reference date;2022-12-31;KREISE;Administrative districts;05962;Märkischer Kreis;410629;number;BEVSTD;Population;e
12411;Current updating of population figures;STAG;Reference date;2023-12-31;KREISE;Administrative districts;06631;Fulda, Landkreis;222688;number;BEVSTD;Population;e
12411;Current updating of population figures;STAG;Reference date;2021-12-31;KREISE;Administrative districts;03355;Lüneburg, Landkreis;185129;number;BEVSTD;Population;e
12411;Current updating of population figures;STAG;Reference date;2025-12-31;KREISE;Administrative districts;01002;Kiel, kreisfreie Stadt;251842;number;BEVSTD;Population;e
12411;Current updating of population figures;STAG;Reference date;2020-12-31;KREISE;Administrative districts;09677;Main-Spessart, Landkreis;125976;number;BEVSTD;Population;e
12411;Current updating of population figures;STAG;Reference date;2022-12-31;KREISE;Administrative districts;09561;Ansbach, kreisfreie Stadt;39596;number;BEVSTD;Population;e
12411;Current updating of population figures;STAG;Reference date;2025-12-31;KREISE;Administrative districts;08211;Baden-Baden, kreisfreie Stadt;56952;number;BEVSTD;Population;e
12411;Current updating of population figures;STAG;Reference date;2016-12-31;KREISE;Administrative districts;15367;Schönebeck, Landkreis (until 2007-06-30);-;number;BEVSTD;Population;
12411;Current updating of population figures;STAG;Reference date;2022-12-31;KREISE;Administrative districts;13073;Vorpommern-Rügen, Landkreis;215983;number;BEVSTD;Population;e
12411;Current updating of population figures;STAG;Reference date;2019-12-31;KREISE;Administrative districts;07133;Bad Kreuznach, Landkreis;158345;number;BEVSTD;Population;e
12411;Current updating of population figures;STAG;Reference date;2023-12-31;KREISE;Administrative districts;07232;Eifelkreis Bitburg-Prüm;100740;number;BEVSTD;Population;e
12411;Current updating of population figures;STAG;Reference date;2021-12-31;KREISE;Administrative districts;03102;Salzgitter, kreisfreie Stadt;103694;number;BEVSTD;Population;e
12411;Current updating of population figures;STAG;Reference date;2016-12-31;KREISE;Administrative districts;12071;Spree-Neiße, Landkreis;116826;number;BEVSTD;Population;e
12411;Current updating of population figures;STAG;Reference date;2020-12-31;KREISE;Administrative districts;03156;Osterode am Harz, Landkreis (until 2016-10-31);-;number;BEVSTD;Population;
12411;Current updating of population figures;STAG;Reference date;2020-12-31;KREISE;Administrative districts;16054;Suhl, kreisfreie Stadt;36395;number;BEVSTD;Population;e
12411;Current updating of population figures;STAG;Reference date;2025-12-31;KREISE;Administrative districts;09174;Dachau, Landkreis;154176;number;BEVSTD;Population;e
12411;Current updating of population figures;STAG;Reference date;2017-12-31;KREISE;Administrative districts;09779;Donau-Ries, Landkreis;133043;number;BEVSTD;Population;e
12411;Current updating of population figures;STAG;Reference date;2024-12-31;KREISE;Administrative districts;07311;Frankenthal (Pfalz), kreisfreie Stadt;48140;number;BEVSTD;Population;e
12411;Current updating of population figures;STAG;Reference date;2021-12-31;KREISE;Administrative districts;13004;Schwerin, kreisfreie Stadt;95740;number;BEVSTD;Population;e
12411;Current updating of population figures;STAG;Reference date;2018-12-31;KREISE;Administrative districts;09180;Garmisch-Partenkirchen, Landkreis;88467;number;BEVSTD;Population;e
12411;Current updating of population figures;STAG;Reference date;2018-12-31;KREISE;Administrative districts;09576;Roth, Landkreis;126958;number;BEVSTD;Population;e
12411;Current updating of population figures;STAG;Reference date;2019-12-31;KREISE;Administrative districts;09776;Lindau (Bodensee), Landkreis;81981;number;BEVSTD;Population;e
12411;Current updating of population figures;STAG;Reference date;2022-12-31;KREISE;Administrative districts;13074;Nordwestmecklenburg, Landkreis;157108;number;BEVSTD;Population;e
12411;Current updating of population figures;STAG;Reference date;2025-12-31;KREISE;Administrative districts;08119;Rems-Murr-Kreis;438873;number;BEVSTD;Population;e
12411;Current updating of population figures;STAG;Reference date;2022-12-31;KREISE;Administrative districts;15362;Ohrekreis (until 2007-06-30);-;number;BEVSTD;Population;
12411;Current updating of population figures;STAG;Reference date;2017-12-31;KREISE;Administrative districts;06636;Werra-Meißner-Kreis;101101;number;BEVSTD;Population;e
12411;Current updating of population figures;STAG;Reference date;2020-12-31;KREISE;Administrative districts;09679;Würzburg, Landkreis;162697;number;BEVSTD;Population;e
12411;Current updating of population figures;STAG;Reference date;2016-12-31;KREISE;Administrative districts;15369;Wernigerode, Landkreis (until 2007-06-30);-;number;BEVSTD;Population;
12411;Current updating of population figures;STAG;Reference date;2024-12-31;KREISE;Administrative districts;07337;Südliche Weinstraße, Landkreis;113031;number;BEVSTD;Population;e
12411;Current updating of population figures;STAG;Reference date;2021-12-31;KREISE;Administrative districts;09374;Neustadt an der Waldnaab, Landkreis;94838;number;BEVSTD;Population;e
12411;Current updating of population figures;STAG;Reference date;2025-12-31;KREISE;Administrative districts;13062;Uecker-Randow, Landkreis (until 2011-09-03);-;number;BEVSTD;Population;
12411;Current updating of population figures;STAG;Reference date;2022-12-31;KREISE;Administrative districts;09574;Nürnberger Land, Landkreis;168856;number;BEVSTD;Population;e
12411;Current updating of population figures;STAG;Reference date;2023-12-31;KREISE;Administrative districts;15202;Halle (Saale), kreisfreie Stadt (until 2007-06-30);-;number;BEVSTD;Population;
12411;Current updating of population figures;STAG;Reference date;2019-12-31;KREISE;Administrative districts;06531;Gießen, Landkreis;270688;number;BEVSTD;Population;e
12411;Current updating of population figures;STAG;Reference date;2025-12-31;KREISE;Administrative districts;16052;Gera, kreisfreie Stadt;95162;number;BEVSTD;Population;e
12411;Current updating of population figures;STAG;Reference date;2021-12-31;KREISE;Administrative districts;07336;Kusel, Landkreis;69949;number;BEVSTD;Population;e
12411;Current updating of population figures;STAG;Reference date;2016-12-31;KREISE;Administrative districts;06436;Main-Taunus-Kreis;235708;number;BEVSTD;Population;e
12411;Current updating of population figures;STAG;Reference date;2025-12-31;KREISE;Administrative districts;05114;Krefeld, kreisfreie Stadt;230738;number;BEVSTD;Population;e
12411;Current updating of population figures;STAG;Reference date;2019-12-31;KREISE;Administrative districts;09763;Kempten (Allgäu), kreisfreie Stadt;69151;number;BEVSTD;Population;e
12411;Current updating of population figures;STAG;Reference date;2020-12-31;KREISE;Administrative districts;16069;Hildburghausen, Landkreis;62656;number;BEVSTD;Population;e
12411;Current updating of population figures;STAG;Reference date;2020-12-31;KREISE;Administrative districts;15084;Burgenlandkreis;177590;number;BEVSTD;Population;e
12411;Current updating of population figures;STAG;Reference date;2025-12-31;KREISE;Administrative districts;08226;Rhein-Neckar-Kreis;559097;number;BEVSTD;Population;e
12411;Current updating of population figures;STAG;Reference date;2020-12-31;KREISE;Administrative districts;09176;Eichstätt, Landkreis;133169;number;BEVSTD;Population;e
12411;Current updating of population figures;STAG;Reference date;2024-12-31;KREISE;Administrative districts;13005;Stralsund, kreisfreie Stadt (until 2011-09-03);-;number;BEVSTD;Population;
12411;Current updating of population figures;STAG;Reference date;2023-12-31;KREISE;Administrative districts;07137;Mayen-Koblenz, Landkreis;216874;number;BEVSTD;Population;e
12411;Current updating of population figures;STAG;Reference date;2016-12-31;KREISE;Administrative districts;10045;Saarpfalz-Kreis;144100;number;BEVSTD;Population;e
12411;Current updating of population figures;STAG;Reference date;2019-12-31;KREISE;Administrative districts;06437;Odenwaldkreis;96703;number;BEVSTD;Population;e
12411;Current updating of population figures;STAG;Reference date;2025-12-31;KREISE;Administrative districts;05354;Aachen, Landkreis (until 2009-10-20);-;number;BEVSTD;Population;
12411;Current updating of population figures;STAG;Reference date;2017-12-31;KREISE;Administrative districts;08421;Ulm, kreisfreie Stadt;125596;number;BEVSTD;Population;e
12411;Current updating of population figures;STAG;Reference date;2019-12-31;KREISE;Administrative districts;12071;Spree-Neiße, Landkreis;113720;number;BEVSTD;Population;e
12411;Current updating of population figures;STAG;Reference date;2021-12-31;KREISE;Administrative districts;15151;Anhalt-Zerbst, Landkreis (until 2007-06-30);-;number;BEVSTD;Population;
12411;Current updating of population figures;STAG;Reference date;2017-12-31;KREISE;Administrative districts;09276;Regen, Landkreis;77489;number;BEVSTD;Population;e
12411;Current updating of population figures;STAG;Reference date;2019-12-31;KREISE;Administrative districts;05119;Oberhausen, kreisfreie Stadt;210764;number;BEVSTD;Population;e
12411;Current updating of population figures;STAG;Reference date;2018-12-31;KREISE;Administrative districts;09563;Fürth, kreisfreie Stadt;127748;number;BEVSTD;Population;e
12411;Current updating of population figures;STAG;Reference date;2020-12-31;KREISE;Administrative districts;09163;Rosenheim, kreisfreie Stadt;63591;number;BEVSTD;Population;e
12411;Current updating of population figures;STAG;Reference date;2024-12-31;KREISE;Administrative districts;05154;Kleve, Landkreis;322018;number;BEVSTD;Population;e
12411;Current updating of population figures;STAG;Reference date;2025-12-31;KREISE;Administrative districts;16065;Kyffhäuserkreis;70635;number;BEVSTD;Population;e
12411;Current updating of population figures;STAG;Reference date;2016-12-31;KREISE;Administrative districts;13053;Güstrow, Landkreis (until 2011-09-03);-;number;BEVSTD;Population;
12411;Current updating of population figures;STAG;Reference date;2024-12-31;KREISE;Administrative districts;09464;Hof, kreisfreie Stadt;46778;number;BEVSTD;Population;e
12411;Current updating of population figures;STAG;Reference date;2020-12-31;KREISE;Administrative districts;09189;Traunstein, Landkreis;177485;number;BEVSTD;Population;e
12411;Current updating of population figures;STAG;Reference date;2021-12-31;KREISE;Administrative districts;01060;Segeberg, Landkreis;280400;number;BEVSTD;Population;e
12411;Current updating of population figures;STAG;Reference date;2016-12-31;KREISE;Administrative districts;14264;Hoyerswerda, kreisfreie Stadt (until 2008-07-31);-;number;BEVSTD;Population;
12411;Current updating of population figures;STAG;Reference date;2025-12-31;KREISE;Administrative districts;07134;Birkenfeld, Landkreis;82304;number;BEVSTD;Population;e
12411;Current updating of population figures;STAG;Reference date;2023-12-31;KREISE;Administrative districts;05313;Aachen, kreisfreie Stadt (until 2009-10-20);-;number;BEVSTD;Population;
12411;Current updating of population figures;STAG;Reference date;2023-12-31;KREISE;Administrative districts;05566;Steinfurt, Landkreis;450042;number;BEVSTD;Population;e
12411;Current updating of population figures;STAG;Reference date;2025-12-31;KREISE;Administrative districts;06432;Darmstadt-Dieburg, Landkreis;301529;number;BEVSTD;Population;e
12411;Current updating of population figures;STAG;Reference date;2018-12-31;KREISE;Administrative districts;14292;Kamenz, Landkreis (until 2008-07-31);-;number;BEVSTD;Population;
12411;Current updating of population figures;STAG;Reference date;2024-12-31;KREISE;Administrative districts;03103;Wolfsburg, kreisfreie Stadt;129560;number;BEVSTD;Population;e
12411;Current updating of population figures;STAG;Reference date;2022-12-31;KREISE;Administrative districts;05113;Essen, kreisfreie Stadt;572237;number;BEVSTD;Population;e
12411;Current updating of population figures;STAG;Reference date;2018-12-31;KREISE;Administrative districts;16073;Saalfeld-Rudolstadt, Landkreis;106356;number;BEVSTD;Population;e
12411;Current updating of population figures;STAG;Reference date;2023-12-31;KREISE;Administrative districts;05170;Wesel, Landkreis;457545;number;BEVSTD;Population;e
12411;Current updating of population figures;STAG;Reference date;2025-12-31;KREISE;Administrative districts;09675;Kitzingen, Landkreis;91471;number;BEVSTD;Population;e
12411;Current updating of population figures;STAG;Reference date;2020-12-31;KREISE;Administrative districts;01003;Lübeck, kreisfreie Stadt;215846;number;BEVSTD;Population;e
12411;Current updating of population figures;STAG;Reference date;2022-12-31;KREISE;Administrative districts;14522;Mittelsachsen, Landkreis;297991;number;BEVSTD;Population;e
12411;Current updating of population figures;STAG;Reference date;2023-12-31;KREISE;Administrative districts;15085;Harz, Landkreis;207134;number;BEVSTD;Population;e
12411;Current updating of population figures;STAG;Reference date;2016-12-31;KREISE;Administrative districts;03402;Emden, kreisfreie Stadt;50486;number;BEVSTD;Population;e
12411;Current updating of population figures;STAG;Reference date;2016-12-31;KREISE;Administrative districts;08116;Esslingen, Landkreis;528792;number;BEVSTD;Population;e
12411;Current updating of population figures;STAG;Reference date;2024-12-31;KREISE;Administrative districts;02000;Hamburg, kreisfreie Stadt;1862565;number;BEVSTD;Population;e
12411;Current updating of population figures;STAG;Reference date;2025-12-31;KREISE;Administrative districts;13075;Vorpommern-Greifswald, Landkreis;225867;number;BEVSTD;Population;e
12411;Current updating of population figures;STAG;Reference date;2019-12-31;KREISE;Administrative districts;09273;Kelheim, Landkreis;123058;number;BEVSTD;Population;e
12411;Current updating of population figures;STAG;Reference date;2023-12-31;KREISE;Administrative districts;03158;Wolfenbüttel, Landkreis;118540;number;BEVSTD;Population;e
12411;Current updating of population figures;STAG;Reference date;2018-12-31;KREISE;Administrative districts;05122;Solingen, kreisfreie Stadt;159360;number;BEVSTD;Population;e
12411;Current updating of population figures;STAG;Reference date;2022-12-31;KREISE;Administrative districts;15002;Halle (Saale), kreisfreie Stadt;227416;number;BEVSTD;Population;e
12411;Current updating of population figures;STAG;Reference date;2022-12-31;KREISE;Administrative districts;15268;Weißenfels, Landkreis (until 2007-06-30);-;number;BEVSTD;Population;
12411;Current updating of population figures;STAG;Reference date;2020-12-31;KREISE;Administrative districts;14389;Torgau-Oschatz, Landkreis (until 2008-07-31);-;number;BEVSTD;Population;
12411;Current updating of population figures;STAG;Reference date;2017-12-31;KREISE;Administrative districts;01062;Stormarn, Landkreis;242472;number;BEVSTD;Population;e
12411;Current updating of population figures;STAG;Reference date;2017-12-31;KREISE;Administrative districts;08327;Tuttlingen, Landkreis;139397;number;BEVSTD;Population;e
12411;Current updating of population figures;STAG;Reference date;2016-12-31;KREISE;Administrative districts;08236;Enzkreis;197246;number;BEVSTD;Population;e
12411;Current updating of population figures;STAG;Reference date;2025-12-31;KREISE;Administrative districts;09662;Schweinfurt, kreisfreie Stadt;54539;number;BEVSTD;Population;e
12411;Current updating of population figures;STAG;Reference date;2023-12-31;KREISE;Administrative districts;09371;Amberg-Sulzbach, Landkreis;104127;number;BEVSTD;Population;e
12411;Current updating of population figures;STAG;Reference date;2022-12-31;KREISE;Administrative districts;05366;Euskirchen, Landkreis;199228;number;BEVSTD;Population;e
12411;Current updating of population figures;STAG;Reference date;2023-12-31;KREISE;Administrative districts;14626;Görlitz, Landkreis;245867;number;BEVSTD;Population;e
12411;Current updating of population figures;STAG;Reference date;2024-12-31;KREISE;Administrative districts;09571;Ansbach, Landkreis;187633;number;BEVSTD;Population;e
12411;Current updating of population figures;STAG;Reference date;2020-12-31;KREISE;Administrative districts;08215;Karlsruhe, Landkreis;446852;number;BEVSTD;Population;e
12411;Current updating of population figures;STAG;Reference date;2021-12-31;KREISE;Administrative districts;14193;Zwickauer Land, Landkreis (until 2008-07-31);-;number;BEVSTD;Population;
12411;Current updating of population figures;STAG;Reference date;2023-12-31;KREISE;Administrative districts;08335;Konstanz, Landkreis;291397;number;BEVSTD;Population;e
12411;Current updating of population figures;STAG;Reference date;2025-12-31;KREISE;Administrative districts;15358;Jerichower Land, Landkreis (until 2007-06-30);-;number;BEVSTD;Population;
12411;Current updating of population figures;STAG;Reference date;2018-12-31;KREISE;Administrative districts;05374;Oberbergischer Kreis;272471;number;BEVSTD;Population;e
12411;Current updating of population figures;STAG;Reference date;2017-12-31;KREISE;Administrative districts;05162;Rhein-Kreis Neuss;449408;number;BEVSTD;Population;e
12411;Current updating of population figures;STAG;Reference date;2022-12-31;KREISE;Administrative districts;14285;Riesa-Großenhain, Landkreis (until 2008-07-31);-;number;BEVSTD;Population;
12411;Current updating of population figures;STAG;Reference date;2023-12-31;KREISE;Administrative districts;14627;Meißen, Landkreis;240368;number;BEVSTD;Population;e
12411;Current updating of population figures;STAG;Reference date;2020-12-31;KREISE;Administrative districts;03251;Diepholz, Landkreis;218072;number;BEVSTD;Population;e
12411;Current updating of population figures;STAG;Reference date;2024-12-31;KREISE;Administrative districts;14193;Zwickauer Land, Landkreis (until 2008-07-31);-;number;BEVSTD;Population;
12411;Current updating of population figures;STAG;Reference date;2024-12-31;KREISE;Administrative districts;15266;Sangerhausen, Landkreis (until 2007-06-30);-;number;BEVSTD;Population;
12411;Current updating of population figures;STAG;Reference date;2018-12-31;KREISE;Administrative districts;03456;Grafschaft Bentheim, Landkreis;136511;number;BEVSTD;Population;e
12411;Current updating of population figures;STAG;Reference date;2023-12-31;KREISE;Administrative districts;09278;Straubing-Bogen, Landkreis;103329;number;BEVSTD;Population;e
12411;Current updating of population figures;STAG;Reference date;2017-12-31;KREISE;Administrative districts;07331;Alzey-Worms, Landkreis;128519;number;BEVSTD;Population;e
12411;Current updating of population figures;STAG;Reference date;2022-12-31;KREISE;Administrative districts;14272;Bautzen, Landkreis (until 2008-07-31);-;number;BEVSTD;Population;
12411;Current updating of population figures;STAG;Reference date;2019-12-31;KREISE;Administrative districts;03152;Göttingen, Landkreis (until 2016-10-31);-;number;BEVSTD;Population;
12411;Current updating of population figures;STAG;Reference date;2023-12-31;KREISE;Administrative districts;03251;Diepholz, Landkreis;220743;number;BEVSTD;Population;e
12411;Current updating of population figures;STAG;Reference date;2016-12-31;KREISE;Administrative districts;09780;Oberallgäu, Landkreis;153759;number;BEVSTD;Population;e
12411;Current updating of population figures;STAG;Reference date;2016-12-31;KREISE;Administrative districts;16063;Wartburgkreis;124729;number;BEVSTD;Population;e
12411;Current updating of population figures;STAG;Reference date;2023-12-31;KREISE;Administrative districts;12062;Elbe-Elster, Landkreis;98750;number;BEVSTD;Population;e
12411;Current updating of population figures;STAG;Reference date;2019-12-31;KREISE;Administrative districts;08325;Rottweil, Landkreis;139878;number;BEVSTD;Population;e
12411;Current updating of population figures;STAG;Reference date;2017-12-31;KREISE;Administrative districts;07211;Trier, kreisfreie Stadt;110013;number;BEVSTD;Population;e
12411;Current updating of population figures;STAG;Reference date;2017-12-31;KREISE;Administrative districts;12068;Ostprignitz-Ruppin, Landkreis;99368;number;BEVSTD;Population;e
12411;Current updating of population figures;STAG;Reference date;2020-12-31;KREISE;Administrative districts;14626;Görlitz, Landkreis;250558;number;BEVSTD;Population;e
12411;Current updating of population figures;STAG;Reference date;2016-12-31;KREISE;Administrative districts;03152;Göttingen, Landkreis (until 2016-10-31);-;number;BEVSTD;Population;
12411;Current updating of population figures;STAG;Reference date;2022-12-31;KREISE;Administrative districts;08136;Ostalbkreis;316343;number;BEVSTD;Population;e
12411;Current updating of population figures;STAG;Reference date;2016-12-31;KREISE;Administrative districts;07132;Altenkirchen (Westerwald), Landkreis;128961;number;BEVSTD;Population;e
12411;Current updating of population figures;STAG;Reference date;2017-12-31;KREISE;Administrative districts;05558;Coesfeld, Landkreis;219360;number;BEVSTD;Population;e
12411;Current updating of population figures;STAG;Reference date;2023-12-31;KREISE;Administrative districts;08215;Karlsruhe, Landkreis;455350;number;BEVSTD;Population;e
12411;Current updating of population figures;STAG;Reference date;2024-12-31;KREISE;Administrative districts;09477;Kulmbach, Landkreis;71518;number;BEVSTD;Population;e
12411;Current updating of population figures;STAG;Reference date;2016-12-31;KREISE;Administrative districts;09673;Rhön-Grabfeld, Landkreis;79855;number;BEVSTD;Population;e
12411;Current updating of population figures;STAG;Reference date;2022-12-31;KREISE;Administrative districts;01001;Flensburg, kreisfreie Stadt;96217;number;BEVSTD;Population;e
12411;Current updating of population figures;STAG;Reference date;2024-12-31;KREISE;Administrative districts;03356;Osterholz, Landkreis;113598;number;BEVSTD;Population;e
12411;Current updating of population figures;STAG;Reference date;2017-12-31;KREISE;Administrative districts;03351;Celle, Landkreis;178764;number;BEVSTD;Population;e
12411;Current updating of population figures;STAG;Reference date;2020-12-31;KREISE;Administrative districts;09772;Augsburg, Landkreis;255900;number;BEVSTD;Population;e
12411;Current updating of population figures;STAG;Reference date;2018-12-31;KREISE;Administrative districts;07316;Neustadt an der Weinstraße, kreisfreie Stadt;53148;number;BEVSTD;Population;e
12411;Current updating of population figures;STAG;Reference date;2025-12-31;KREISE;Administrative districts;14374;Delitzsch, Landkreis (until 2008-07-31);-;number;BEVSTD;Population;
12411;Current updating of population figures;STAG;Reference date;2019-12-31;KREISE;Administrative districts;07132;Altenkirchen (Westerwald), Landkreis;128805;number;BEVSTD;Population;e
12411;Current updating of population figures;STAG;Reference date;2020-12-31;KREISE;Administrative districts;03157;Peine, Landkreis;135844;number;BEVSTD;Population;e
12411;Current updating of population figures;STAG;Reference date;2020-12-31;KREISE;Administrative districts;16055;Weimar, kreisfreie Stadt;65098;number;BEVSTD;Population;e
12411;Current updating of population figures;STAG;Reference date;2017-12-31;KREISE;Administrative districts;09778;Unterallgäu, Landkreis;142544;number;BEVSTD;Population;e
12411;Current updating of population figures;STAG;Reference date;2019-12-31;KREISE;Administrative districts;09762;Kaufbeuren, kreisfreie Stadt;44398;number;BEVSTD;Population;e
12411;Current updating of population figures;STAG;Reference date;2019-12-31;KREISE;Administrative districts;09179;Fürstenfeldbruck, Landkreis;219311;number;BEVSTD;Population;e
12411;Current updating of population figures;STAG;Reference date;2019-12-31;KREISE;Administrative districts;03402;Emden, kreisfreie Stadt;49913;number;BEVSTD;Population;e
12411;Current updating of population figures;STAG;Reference date;2020-12-31;KREISE;Administrative districts;16068;Sömmerda, Landkreis;69107;number;BEVSTD;Population;e
12411;Current updating of population figures;STAG;Reference date;2022-12-31;KREISE;Administrative districts;14178;Vogtlandkreis (until 2008-07-31);-;number;BEVSTD;Population;
12411;Current updating of population figures;STAG;Reference date;2017-12-31;KREISE;Administrative districts;05915;Hamm, kreisfreie Stadt;179185;number;BEVSTD;Population;e
12411;Current updating of population figures;STAG;Reference date;2017-12-31;KREISE;Administrative districts;09262;Passau, kreisfreie Stadt;51781;number;BEVSTD;Population;e
12411;Current updating of population figures;STAG;Reference date;2017-12-31;KREISE;Administrative districts;15171;Wittenberg, Landkreis (until 2007-06-30);-;number;BEVSTD;Population;
12411;Current updating of population figures;STAG;Reference date;2016-12-31;KREISE;Administrative districts;09183;Mühldorf am Inn, Landkreis;113222;number;BEVSTD;Population;e
12411;Current updating of population figures;STAG;Reference date;2019-12-31;KREISE;Administrative districts;15088;Saalekreis;183815;number;BEVSTD;Population;e
12411;Current updating of population figures;STAG;Reference date;2025-12-31;KREISE;Administrative districts;08212;Karlsruhe, kreisfreie Stadt;309247;number;BEVSTD;Population;e
12411;Current updating of population figures;STAG;Reference date;2022-12-31;KREISE;Administrative districts;09573;Fürth, Landkreis;117602;number;BEVSTD;Population;e
12411;Current updating of population figures;STAG;Reference date;2020-12-31;KREISE;Administrative districts;12062;Elbe-Elster, Landkreis;101085;number;BEVSTD;Population;e
12411;Current updating of population figures;STAG;Reference date;2021-12-31;KREISE;Administrative districts;09361;Amberg, kreisfreie Stadt;41994;number;BEVSTD;Population;e
12411;Current updating of population figures;STAG;Reference date;2023-12-31;KREISE;Administrative districts;07111;Koblenz, kreisfreie Stadt;113346;number;BEVSTD;Population;e
12411;Current updating of population figures;STAG;Reference date;2016-12-31;KREISE;Administrative districts;06437;Odenwaldkreis;96473;number;BEVSTD;Population;e
12411;Current updating of population figures;STAG;Reference date;2023-12-31;KREISE;Administrative districts;07231;Bernkastel-Wittlich, Landkreis;113327;number;BEVSTD;Population;e
12411;Current updating of population figures;STAG;Reference date;2025-12-31;KREISE;Administrative districts;15082;Anhalt-Bitterfeld, Landkreis;151352;number;BEVSTD;Population;e
12411;Current updating of population figures;STAG;Reference date;2019-12-31;KREISE;Administrative districts;13054;Ludwigslust, Landkreis (until 2011-09-03);-;number;BEVSTD;Population;
12411;Current updating of population figures;STAG;Reference date;2022-12-31;KREISE;Administrative districts;16070;Ilm-Kreis;106975;number;BEVSTD;Population;e
12411;Current updating of population figures;STAG;Reference date;2021-12-31;KREISE;Administrative districts;03103;Wolfsburg, kreisfreie Stadt;123949;number;BEVSTD;Population;e
12411;Current updating of population figures;STAG;Reference date;2016-12-31;KREISE;Administrative districts;12070;Prignitz, Landkreis;77813;number;BEVSTD;Population;e
12411;Current updating of population figures;STAG;Reference date;2020-12-31;KREISE;Administrative districts;13059;Ostvorpommern, Landkreis (until 2011-09-03);-;number;BEVSTD;Population;
12411;Current updating of population figures;STAG;Reference date;2025-12-31;KREISE;Administrative districts;09173;Bad Tölz-Wolfratshausen, Landkreis;130081;number;BEVSTD;Population;e
12411;Current updating of population figures;STAG;Reference date;2024-12-31;KREISE;Administrative districts;01055;Ostholstein, Landkreis;201472;number;BEVSTD;Population;e
12411;Current updating of population figures;STAG;Reference date;2019-12-31;KREISE;Administrative districts;10045;Saarpfalz-Kreis;142196;number;BEVSTD;Population;e
12411;Current updating of population figures;STAG;Reference date;2022-12-31;KREISE;Administrative districts;13061;Rügen, Landkreis (until 2011-09-03);-;number;BEVSTD;Population;
12411;Current updating of population figures;STAG;Reference date;2016-12-31;KREISE;Administrative districts;16076;Greiz, Landkreis;99717;number;BEVSTD;Population;e
12411;Current updating of population figures;STAG;Reference date;2021-12-31;KREISE;Administrative districts;13005;Stralsund, kreisfreie Stadt (until 2011-09-03);-;number;BEVSTD;Population;
12411;Current updating of population figures;STAG;Reference date;2018-12-31;KREISE;Administrative districts;15370;Altmarkkreis Salzwedel (until 2007-06-30);-;number;BEVSTD;Population;
12411;Current updating of population figures;STAG;Reference date;2024-12-31;KREISE;Administrative districts;15159;Köthen, Landkreis (until 2007-06-30);-;number;BEVSTD;Population;
12411;Current updating of population figures;STAG;Reference date;2025-12-31;KREISE;Administrative districts;09186;Pfaffenhofen an der Ilm, Landkreis;131079;number;BEVSTD;Population;e
12411;Current updating of population figures;STAG;Reference date;2016-12-31;KREISE;Administrative districts;15355;Bördekreis (until 2007-06-30);-;number;BEVSTD;Population;
12411;Current updating of population figures;STAG;Reference date;2021-12-31;KREISE;Administrative districts;03356;Osterholz, Landkreis;115054;number;BEVSTD;Population;e
12411;Current updating of population figures;STAG;Reference date;2025-12-31;KREISE;Administrative districts;01001;Flensburg, kreisfreie Stadt;95568;number;BEVSTD;Population;e
12411;Current updating of population figures;STAG;Reference date;2022-12-31;KREISE;Administrative districts;06431;Bergstraße, Landkreis;273288;number;BEVSTD;Population;e
12411;Current updating of population figures;STAG;Reference date;2020-12-31;KREISE;Administrative districts;09678;Schweinfurt, Landkreis;115652;number;BEVSTD;Population;e
12411;Current updating of population figures;STAG;Reference date;2019-12-31;KREISE;Administrative districts;06411;Darmstadt, kreisfreie Stadt;159878;number;BEVSTD;Population;e
12411;Current updating of population figures;STAG;Reference date;2017-12-31;KREISE;Administrative districts;03257;Schaumburg, Landkreis;157883;number;BEVSTD;Population;e
12411;Current updating of population figures;STAG;Reference date;2018-12-31;KREISE;Administrative districts;15352;Aschersleben-Staßfurt, Landkreis (until 2007-06-30;-;number;BEVSTD;Population;
12411;Current updating of population figures;STAG;Reference date;2024-12-31;KREISE;Administrative districts;05122;Solingen, kreisfreie Stadt;165626;number;BEVSTD;Population;e
12411;Current updating of population figures;STAG;Reference date;2020-12-31;KREISE;Administrative districts;10042;Merzig-Wadern, Landkreis;103471;number;BEVSTD;Population;e
12411;Current updating of population figures;STAG;Reference date;2022-12-31;KREISE;Administrative districts;05358;Düren, Landkreis;276675;number;BEVSTD;Population;e
12411;Current updating of population figures;STAG;Reference date;2025-12-31;KREISE;Administrative districts;09563;Fürth, kreisfreie Stadt;131344;number;BEVSTD;Population;e
12411;Current updating of population figures;STAG;Reference date;2017-12-31;KREISE;Administrative districts;13005;Stralsund, kreisfreie Stadt (until 2011-09-03);-;number;BEVSTD;Population;
12411;Current updating of population figures;STAG;Reference date;2020-12-31;KREISE;Administrative districts;15357;Halberstadt, Landkreis (until 2007-06-30);-;number;BEVSTD;Population;
12411;Current updating of population figures;STAG;Reference date;2023-12-31;KREISE;Administrative districts;05558;Coesfeld, Landkreis;226217;number;BEVSTD;Population;e
12411;Current updating of population figures;STAG;Reference date;2019-12-31;KREISE;Administrative districts;15369;Wernigerode, Landkreis (until 2007-06-30);-;number;BEVSTD;Population;
12411;Current updating of population figures;STAG;Reference date;2016-12-31;KREISE;Administrative districts;15202;Halle (Saale), kreisfreie Stadt (until 2007-06-30);-;number;BEVSTD;Population;
12411;Current updating of population figures;STAG;Reference date;2018-12-31;KREISE;Administrative districts;13075;Vorpommern-Greifswald, Landkreis;236697;number;BEVSTD;Population;e
12411;Current updating of population figures;STAG;Reference date;2018-12-31;KREISE;Administrative districts;09564;Nürnberg, kreisfreie Stadt;518365;number;BEVSTD;Population;e
12411;Current updating of population figures;STAG;Reference date;2020-12-31;KREISE;Administrative districts;15081;Altmarkkreis Salzwedel;82687;number;BEVSTD;Population;e
12411;Current updating of population figures;STAG;Reference date;2020-12-31;KREISE;Administrative districts;07235;Trier-Saarburg, Landkreis;150533;number;BEVSTD;Population;e
12411;Current updating of population figures;STAG;Reference date;2025-12-31;KREISE;Administrative districts;13074;Nordwestmecklenburg, Landkreis;155869;number;BEVSTD;Population;e
12411;Current updating of population figures;STAG;Reference date;2024-12-31;KREISE;Administrative districts;05758;Herford, Landkreis;254404;number;BEVSTD;Population;e
12411;Current updating of population figures;STAG;Reference date;2018-12-31;KREISE;Administrative districts;09577;Weißenburg-Gunzenhausen, Landkreis;94393;number;BEVSTD;Population;e
12411;Current updating of population figures;STAG;Reference date;2018-12-31;KREISE;Administrative districts;13062;Uecker-Randow, Landkreis (until 2011-09-03);-;number;BEVSTD;Population;
12411;Current updating of population figures;STAG;Reference date;2021-12-31;KREISE;Administrative districts;02000;Hamburg, kreisfreie Stadt;1853935;number;BEVSTD;Population;e
12411;Current updating of population figures;STAG;Reference date;2023-12-31;KREISE;Administrative districts;09679;Würzburg, Landkreis;160879;number;BEVSTD;Population;e
12411;Current updating of population figures;STAG;Reference date;2019-12-31;KREISE;Administrative districts;09777;Ostallgäu, Landkreis;141182;number;BEVSTD;Population;e
12411;Current updating of population figures;STAG;Reference date;2020-12-31;KREISE;Administrative districts;09778;Unterallgäu, Landkreis;146164;number;BEVSTD;Population;e
12411;Current updating of population figures;STAG;Reference date;2016-12-31;KREISE;Administrative districts;05711;Bielefeld, kreisfreie Stadt;333451;number;BEVSTD;Population;e
12411;Current updating of population figures;STAG;Reference date;2022-12-31;KREISE;Administrative districts;07132;Altenkirchen (Westerwald), Landkreis;131657;number;BEVSTD;Population;e
12411;Current updating of population figures;STAG;Reference date;2019-12-31;KREISE;Administrative districts;06436;Main-Taunus-Kreis;238558;number;BEVSTD;Population;e
12411;Current updating of population figures;STAG;Reference date;2017-12-31;KREISE;Administrative districts;05911;Bochum, kreisfreie Stadt;365529;number;BEVSTD;Population;e
12411;Current updating of population figures;STAG;Reference date;2023-12-31;KREISE;Administrative districts;07332;Bad Dürkheim, Landkreis;134221;number;BEVSTD;Population;e
12411;Current updating of population figures;STAG;Reference date;2022-12-31;KREISE;Administrative districts;15001;Dessau-Roßlau, kreisfreie Stadt;76042;number;BEVSTD;Population;e
12411;Current updating of population figures;STAG;Reference date;2020-12-31;KREISE;Administrative districts;09262;Passau, kreisfreie Stadt;52415;number;BEVSTD;Population;e
12411;Current updating of population figures;STAG;Reference date;2025-12-31;KREISE;Administrative districts;05562;Recklinghausen, Landkreis;618865;number;BEVSTD;Population;e
12411;Current updating of population figures;STAG;Reference date;2025-12-31;KREISE;Administrative districts;05958;Hochsauerlandkreis;259176;number;BEVSTD;Population;e
12411;Current updating of population figures;STAG;Reference date;2022-12-31;KREISE;Administrative districts;09675;Kitzingen, Landkreis;90576;number;BEVSTD;Population;e
12411;Current updating of population figures;STAG;Reference date;2016-12-31;KREISE;Administrative districts;06433;Groß-Gerau, Landkreis;269045;number;BEVSTD;Population;e
12411;Current updating of population figures;STAG;Reference date;2024-12-31;KREISE;Administrative districts;01058;Rendsburg-Eckernförde, Landkreis;278058;number;BEVSTD;Population;e
12411;Current updating of population figures;STAG;Reference date;2025-12-31;KREISE;Administrative districts;16055;Weimar, kreisfreie Stadt;65566;number;BEVSTD;Population;e
12411;Current updating of population figures;STAG;Reference date;2025-12-31;KREISE;Administrative districts;09180;Garmisch-Partenkirchen, Landkreis;89350;number;BEVSTD;Population;e
12411;Current updating of population figures;STAG;Reference date;2023-12-31;KREISE;Administrative districts;13057;Nordvorpommern, Landkreis (until 2011-09-03);-;number;BEVSTD;Population;
12411;Current updating of population figures;STAG;Reference date;2017-12-31;KREISE;Administrative districts;09275;Passau, Landkreis;190504;number;BEVSTD;Population;e
12411;Current updating of population figures;STAG;Reference date;2025-12-31;KREISE;Administrative districts;07140;Rhein-Hunsrück-Kreis;106726;number;BEVSTD;Population;e
12411;Current updating of population figures;STAG;Reference date;2021-12-31;KREISE;Administrative districts;13001;Greifswald, kreisfreie Stadt (until 2011-09-03);-;number;BEVSTD;Population;
12411;Current updating of population figures;STAG;Reference date;2019-12-31;KREISE;Administrative districts;09764;Memmingen, kreisfreie Stadt;44100;number;BEVSTD;Population;e
12411;Current updating of population figures;STAG;Reference date;2021-12-31;KREISE;Administrative districts;05158;Mettmann, Landkreis;484411;number;BEVSTD;Population;e
12411;Current updating of population figures;STAG;Reference date;2023-12-31;KREISE;Administrative districts;05162;Rhein-Kreis Neuss;457398;number;BEVSTD;Population;e
12411;Current updating of population figures;STAG;Reference date;2024-12-31;KREISE;Administrative districts;05362;Rhein-Erft-Kreis;477988;number;BEVSTD;Population;e
12411;Current updating of population figures;STAG;Reference date;2021-12-31;KREISE;Administrative districts;09462;Bayreuth, kreisfreie Stadt;73909;number;BEVSTD;Population;e
12411;Current updating of population figures;STAG;Reference date;2016-12-31;KREISE;Administrative districts;10046;Sankt Wendel, Landkreis;88457;number;BEVSTD;Population;e
12411;Current updating of population figures;STAG;Reference date;2024-12-31;KREISE;Administrative districts;13004;Schwerin, kreisfreie Stadt;98308;number;BEVSTD;Population;e
12411;Current updating of population figures;STAG;Reference date;2022-12-31;KREISE;Administrative districts;09662;Schweinfurt, kreisfreie Stadt;53539;number;BEVSTD;Population;e
12411;Current updating of population figures;STAG;Reference date;2020-12-31;KREISE;Administrative districts;13054;Ludwigslust, Landkreis (until 2011-09-03);-;number;BEVSTD;Population;
12411;Current updating of population figures;STAG;Reference date;2025-12-31;KREISE;Administrative districts;13061;Rügen, Landkreis (until 2011-09-03);-;number;BEVSTD;Population;
12411;Current updating of population figures;STAG;Reference date;2017-12-31;KREISE;Administrative districts;08326;Schwarzwald-Baar-Kreis;211207;number;BEVSTD;Population;e
12411;Current updating of population figures;STAG;Reference date;2022-12-31;KREISE;Administrative districts;09172;Berchtesgadener Land, Landkreis;104372;number;BEVSTD;Population;e
12411;Current updating of population figures;STAG;Reference date;2025-12-31;KREISE;Administrative districts;03402;Emden, kreisfreie Stadt;49009;number;BEVSTD;Population;e
12411;Current updating of population figures;STAG;Reference date;2020-12-31;KREISE;Administrative districts;01002;Kiel, kreisfreie Stadt;246601;number;BEVSTD;Population;e
12411;Current updating of population figures;STAG;Reference date;2023-12-31;KREISE;Administrative districts;14612;Dresden, kreisfreie Stadt;563019;number;BEVSTD;Population;e
12411;Current updating of population figures;STAG;Reference date;2023-12-31;KREISE;Administrative districts;09189;Traunstein, Landkreis;172021;number;BEVSTD;Population;e
12411;Current updating of population figures;STAG;Reference date;2024-12-31;KREISE;Administrative districts;07318;Speyer, kreisfreie Stadt;49564;number;BEVSTD;Population;e
12411;Current updating of population figures;STAG;Reference date;2023-12-31;KREISE;Administrative districts;05915;Hamm, kreisfreie Stadt;179380;number;BEVSTD;Population;e
12411;Current updating of population figures;STAG;Reference date;2016-12-31;KREISE;Administrative districts;08126;Hohenlohekreis;110689;number;BEVSTD;Population;e
12411;Current updating of population figures;STAG;Reference date;2024-12-31;KREISE;Administrative districts;03455;Friesland, Landkreis;100411;number;BEVSTD;Population;e
12411;Current updating of population figures;STAG;Reference date;2021-12-31;KREISE;Administrative districts;09475;Hof, Landkreis;93907;number;BEVSTD;Population;e
12411;Current updating of population figures;STAG;Reference date;2023-12-31;KREISE;Administrative districts;09176;Eichstätt, Landkreis;135220;number;BEVSTD;Population;e
12411;Current updating of population figures;STAG;Reference date;2023-12-31;KREISE;Administrative districts;03255;Holzminden, Landkreis;66088;number;BEVSTD;Population;e
12411;Current updating of population figures;STAG;Reference date;2020-12-31;KREISE;Administrative districts;08327;Tuttlingen, Landkreis;141682;number;BEVSTD;Population;e
12411;Current updating of population figures;STAG;Reference date;2019-12-31;KREISE;Administrative districts;09274;Landshut, Landkreis;159895;number;BEVSTD;Population;e
12411;Current updating of population figures;STAG;Reference date;2020-12-31;KREISE;Administrative districts;09275;Passau, Landkreis;193454;number;BEVSTD;Population;e
12411;Current updating of population figures;STAG;Reference date;2017-12-31;KREISE;Administrative districts;06633;Kassel, Landkreis;236674;number;BEVSTD;Population;e
12411;Current updating of population figures;STAG;Reference date;2021-12-31;KREISE;Administrative districts;05515;Münster, kreisfreie Stadt;317713;number;BEVSTD;Population;e
12411;Current updating of population figures;STAG;Reference date;2020-12-31;KREISE;Administrative districts;05315;Köln, kreisfreie Stadt;1083498;number;BEVSTD;Population;e
12411;Current updating of population figures;STAG;Reference date;2017-12-31;KREISE;Administrative districts;03251;Diepholz, Landkreis;216012;number;BEVSTD;Population;e
12411;Current updating of population figures;STAG;Reference date;2018-12-31;KREISE;Administrative districts;03451;Ammerland, Landkreis;124071;number;BEVSTD;Population;e
12411;Current updating of population figures;STAG;Reference date;2016-12-31;KREISE;Administrative districts;15085;Harz, Landkreis;219643;number;BEVSTD;Population;e
12411;Current updating of population figures;STAG;Reference date;2025-12-31;KREISE;Administrative districts;03152;Göttingen, Landkreis (until 2016-10-31);-;number;BEVSTD;Population;
12411;Current updating of population figures;STAG;Reference date;2019-12-31;KREISE;Administrative districts;05358;Düren, Landkreis;264638;number;BEVSTD;Population;e
12411;Current updating of population figures;STAG;Reference date;2024-12-31;KREISE;Administrative districts;09376;Schwandorf, Landkreis;149312;number;BEVSTD;Population;e
12411;Current updating of population figures;STAG;Reference date;2019-12-31;KREISE;Administrative districts;01001;Flensburg, kreisfreie Stadt;90164;number;BEVSTD;Population;e
12411;Current updating of population figures;STAG;Reference date;2023-12-31;KREISE;Administrative districts;15084;Burgenlandkreis;175217;number;BEVSTD;Population;e
12411;Current updating of population figures;STAG;Reference date;2023-12-31;KREISE;Administrative districts;14625;Bautzen, Landkreis;294746;number;BEVSTD;Population;e
12411;Current updating of population figures;STAG;Reference date;2019-12-31;KREISE;Administrative districts;09261;Landshut, kreisfreie Stadt;73411;number;BEVSTD;Population;e
12411;Current updating of population figures;STAG;Reference date;2025-12-31;KREISE;Administrative districts;09576;Roth, Landkreis;128210;number;BEVSTD;Population;e
12411;Current updating of population figures;STAG;Reference date;2018-12-31;KREISE;Administrative districts;09181;Landsberg am Lech, Landkreis;120071;number;BEVSTD;Population;e
12411;Current updating of population figures;STAG;Reference date;2024-12-31;KREISE;Administrative districts;09363;Weiden in der Oberpfalz, kreisfreie Stadt;42444;number;BEVSTD;Population;e
12411;Current updating of population figures;STAG;Reference date;2018-12-31;KREISE;Administrative districts;05158;Mettmann, Landkreis;485684;number;BEVSTD;Population;e
12411;Current updating of population figures;STAG;Reference date;2018-12-31;KREISE;Administrative districts;14523;Vogtlandkreis;227796;number;BEVSTD;Population;e
12411;Current updating of population figures;STAG;Reference date;2018-12-31;KREISE;Administrative districts;01054;Nordfriesland, Landkreis;165507;number;BEVSTD;Population;e
12411;Current updating of population figures;STAG;Reference date;2023-12-31;KREISE;Administrative districts;09163;Rosenheim, kreisfreie Stadt;64453;number;BEVSTD;Population;e
12411;Current updating of population figures;STAG;Reference date;2025-12-31;KREISE;Administrative districts;06533;Limburg-Weilburg, Landkreis;172995;number;BEVSTD;Population;e
12411;Current updating of population figures;STAG;Reference date;2019-12-31;KREISE;Administrative districts;12063;Havelland, Landkreis;162996;number;BEVSTD;Population;e
12411;Current updating of population figures;STAG;Reference date;2021-12-31;KREISE;Administrative districts;03451;Ammerland, Landkreis;126475;number;BEVSTD;Population;e
12411;Current updating of population figures;STAG;Reference date;2019-12-31;KREISE;Administrative districts;16051;Erfurt, kreisfreie Stadt;213981;number;BEVSTD;Population;e
12411;Current updating of population figures;STAG;Reference date;2024-12-31;KREISE;Administrative districts;08415;Reutlingen, Landkreis;293483;number;BEVSTD;Population;e
12411;Current updating of population figures;STAG;Reference date;2025-12-31;KREISE;Administrative districts;08111;Stuttgart, kreisfreie Stadt;609365;number;BEVSTD;Population;e
12411;Current updating of population figures;STAG;Reference date;2017-12-31;KREISE;Administrative districts;03158;Wolfenbüttel, Landkreis;120437;number;BEVSTD;Population;e
12411;Current updating of population figures;STAG;Reference date;2017-12-31;KREISE;Administrative districts;05315;Köln, kreisfreie Stadt;1080394;number;BEVSTD;Population;e
12411;Current updating of population figures;STAG;Reference date;2025-12-31;KREISE;Administrative districts;06413;Offenbach am Main, kreisfreie Stadt;133195;number;BEVSTD;Population;e
12411;Current updating of population figures;STAG;Reference date;2022-12-31;KREISE;Administrative districts;06436;Main-Taunus-Kreis;237671;number;BEVSTD;Population;e
12411;Current updating of population figures;STAG;Reference date;2016-12-31;KREISE;Administrative districts;09672;Bad Kissingen, Landkreis;103100;number;BEVSTD;Population;e
12411;Current updating of population figures;STAG;Reference date;2016-12-31;KREISE;Administrative districts;05114;Krefeld, kreisfreie Stadt;226812;number;BEVSTD;Population;e
12411;Current updating of population figures;STAG;Reference date;2017-12-31;KREISE;Administrative districts;14193;Zwickauer Land, Landkreis (until 2008-07-31);-;number;BEVSTD;Population;
12411;Current updating of population figures;STAG;Reference date;2024-12-31;KREISE;Administrative districts;15001;Dessau-Roßlau, kreisfreie Stadt;75402;number;BEVSTD;Population;e
12411;Current updating of population figures;STAG;Reference date;2020-12-31;KREISE;Administrative districts;16052;Gera, kreisfreie Stadt;92126;number;BEVSTD;Population;e
12411;Current updating of population figures;STAG;Reference date;2025-12-31;KREISE;Administrative districts;08231;Pforzheim, kreisfreie Stadt;134422;number;BEVSTD;Population;e
12411;Current updating of population figures;STAG;Reference date;2020-12-31;KREISE;Administrative districts;11000;Berlin, kreisfreie Stadt;3664088;number;BEVSTD;Population;e
12411;Current updating of population figures;STAG;Reference date;2020-12-31;KREISE;Administrative districts;03252;Hameln-Pyrmont, Landkreis;148580;number;BEVSTD;Population;e
12411;Current updating of population figures;STAG;Reference date;2018-12-31;KREISE;Administrative districts;14287;Sächsische Schweiz, Landkreis (until 2008-07-31);-;number;BEVSTD;Population;
12411;Current updating of population figures;STAG;Reference date;2022-12-31;KREISE;Administrative districts;08211;Baden-Baden, kreisfreie Stadt;56094;number;BEVSTD;Population;e
12411;Current updating of population figures;STAG;Reference date;2024-12-31;KREISE;Administrative districts;06440;Wetteraukreis;311593;number;BEVSTD;Population;e
12411;Current updating of population figures;STAG;Reference date;2021-12-31;KREISE;Administrative districts;05754;Gütersloh, Landkreis;366104;number;BEVSTD;Population;e
12411;Current updating of population figures;STAG;Reference date;2025-12-31;KREISE;Administrative districts;14612;Dresden, kreisfreie Stadt;562764;number;BEVSTD;Population;e
12411;Current updating of population figures;STAG;Reference date;2023-12-31;KREISE;Administrative districts;14389;Torgau-Oschatz, Landkreis (until 2008-07-31);-;number;BEVSTD;Population;
12411;Current updating of population figures;STAG;Reference date;2022-12-31;KREISE;Administrative districts;01002;Kiel, kreisfreie Stadt;250064;number;BEVSTD;Population;e
12411;Current updating of population figures;STAG;Reference date;2019-12-31;KREISE;Administrative districts;16077;Altenburger Land, Landkreis;89393;number;BEVSTD;Population;e
12411;Current updating of population figures;STAG;Reference date;2023-12-31;KREISE;Administrative districts;03241;Region Hannover, Landkreis;1138943;number;BEVSTD;Population;e
12411;Current updating of population figures;STAG;Reference date;2022-12-31;KREISE;Administrative districts;09185;Neuburg-Schrobenhausen, Landkreis;97792;number;BEVSTD;Population;e
12411;Current updating of population figures;STAG;Reference date;2018-12-31;KREISE;Administrative districts;07315;Mainz, kreisfreie Stadt;217118;number;BEVSTD;Population;e
12411;Current updating of population figures;STAG;Reference date;2025-12-31;KREISE;Administrative districts;03401;Delmenhorst, kreisfreie Stadt;81274;number;BEVSTD;Population;e
12411;Current updating of population figures;STAG;Reference date;2019-12-31;KREISE;Administrative districts;16064;Unstrut-Hainich-Kreis;102232;number;BEVSTD;Population;e
12411;Current updating of population figures;STAG;Reference date;2017-12-31;KREISE;Administrative districts;09764;Memmingen, kreisfreie Stadt;43470;number;BEVSTD;Population;e
12411;Current updating of population figures;STAG;Reference date;2016-12-31;KREISE;Administrative districts;14626;Görlitz, Landkreis;258337;number;BEVSTD;Population;e
12411;Current updating of population figures;STAG;Reference date;2023-12-31;KREISE;Administrative districts;12072;Teltow-Fläming, Landkreis;177420;number;BEVSTD;Population;e
12411;Current updating of population figures;STAG;Reference date;2021-12-31;KREISE;Administrative districts;12068;Ostprignitz-Ruppin, Landkreis;98829;number;BEVSTD;Population;e
12411;Current updating of population figures;STAG;Reference date;2023-12-31;KREISE;Administrative districts;05914;Hagen, kreisfreie Stadt;190640;number;BEVSTD;Population;e
12411;Current updating of population figures;STAG;Reference date;2025-12-31;KREISE;Administrative districts;06439;Rheingau-Taunus-Kreis;185359;number;BEVSTD;Population;e
12411;Current updating of population figures;STAG;Reference date;2022-12-31;KREISE;Administrative districts;14188;Stollberg, Landkreis (until 2008-07-31);-;number;BEVSTD;Population;
12411;Current updating of population figures;STAG;Reference date;2018-12-31;KREISE;Administrative districts;05754;Gütersloh, Landkreis;364083;number;BEVSTD;Population;e
12411;Current updating of population figures;STAG;Reference date;2023-12-31;KREISE;Administrative districts;10045;Saarpfalz-Kreis;144478;number;BEVSTD;Population;e
12411;Current updating of population figures;STAG;Reference date;2023-12-31;KREISE;Administrative districts;08316;Emmendingen, Landkreis;169470;number;BEVSTD;Population;e
12411;Current updating of population figures;STAG;Reference date;2021-12-31;KREISE;Administrative districts;03357;Rotenburg (Wümme), Landkreis;165001;number;BEVSTD;Population;e
12411;Current updating of population figures;STAG;Reference date;2017-12-31;KREISE;Administrative districts;09261;Landshut, kreisfreie Stadt;71193;number;BEVSTD;Population;e
12411;Current updating of population figures;STAG;Reference date;2025-12-31;KREISE;Administrative districts;14625;Bautzen, Landkreis;290610;number;BEVSTD;Population;e
12411;Current updating of population figures;STAG;Reference date;2020-12-31;KREISE;Administrative districts;06633;Kassel, Landkreis;237007;number;BEVSTD;Population;e
12411;Current updating of population figures;STAG;Reference date;2025-12-31;KREISE;Administrative districts;01004;Neumünster, kreisfreie Stadt;80145;number;BEVSTD;Population;e
12411;Current updating of population figures;STAG;Reference date;2016-12-31;KREISE;Administrative districts;09182;Miesbach, Landkreis;98828;number;BEVSTD;Population;e
12411;Current updating of population figures;STAG;Reference date;2018-12-31;KREISE;Administrative districts;02000;Hamburg, kreisfreie Stadt;1841179;number;BEVSTD;Population;e
12411;Current updating of population figures;STAG;Reference date;2023-12-31;KREISE;Administrative districts;08436;Ravensburg, Landkreis;289725;number;BEVSTD;Population;e
12411;Current updating of population figures;STAG;Reference date;2025-12-31;KREISE;Administrative districts;14375;Döbeln, Landkreis (until 2008-07-31);-;number;BEVSTD;Population;
12411;Current updating of population figures;STAG;Reference date;2023-12-31;KREISE;Administrative districts;06611;Kassel, kreisfreie Stadt;197065;number;BEVSTD;Population;e
12411;Current updating of population figures;STAG;Reference date;2025-12-31;KREISE;Administrative districts;16056;Eisenach, kreisfreie Stadt (until 2021-06-30);-;number;BEVSTD;Population;
12411;Current updating of population figures;STAG;Reference date;2018-12-31;KREISE;Administrative districts;09671;Aschaffenburg, Landkreis;174208;number;BEVSTD;Population;e
12411;Current updating of population figures;STAG;Reference date;2022-12-31;KREISE;Administrative districts;13071;Mecklenburgische Seenplatte, Landkreis;247735;number;BEVSTD;Population;e
12411;Current updating of population figures;STAG;Reference date;2019-12-31;KREISE;Administrative districts;07131;Ahrweiler, Landkreis;130086;number;BEVSTD;Population;e
12411;Current updating of population figures;STAG;Reference date;2016-12-31;KREISE;Administrative districts;12073;Uckermark, Landkreis;120878;number;BEVSTD;Population;e
12411;Current updating of population figures;STAG;Reference date;2020-12-31;KREISE;Administrative districts;12070;Prignitz, Landkreis;76096;number;BEVSTD;Population;e
12411;Current updating of population figures;STAG;Reference date;2017-12-31;KREISE;Administrative districts;09274;Landshut, Landkreis;157239;number;BEVSTD;Population;e
12411;Current updating of population figures;STAG;Reference date;2020-12-31;KREISE;Administrative districts;03158;Wolfenbüttel, Landkreis;119361;number;BEVSTD;Population;e
12411;Current updating of population figures;STAG;Reference date;2018-12-31;KREISE;Administrative districts;03357;Rotenburg (Wümme), Landkreis;163455;number;BEVSTD;Population;e
12411;Current updating of population figures;STAG;Reference date;2016-12-31;KREISE;Administrative districts;09565;Schwabach, kreisfreie Stadt;40707;number;BEVSTD;Population;e
12411;Current updating of population figures;STAG;Reference date;2017-12-31;KREISE;Administrative districts;09777;Ostallgäu, Landkreis;139278;number;BEVSTD;Population;e
12411;Current updating of population figures;STAG;Reference date;2023-12-31;KREISE;Administrative districts;03361;Verden, Landkreis;138273;number;BEVSTD;Population;e
12411;Current updating of population figures;STAG;Reference date;2016-12-31;KREISE;Administrative districts;13059;Ostvorpommern, Landkreis (until 2011-09-03);-;number;BEVSTD;Population;
12411;Current updating of population figures;STAG;Reference date;2020-12-31;KREISE;Administrative districts;16065;Kyffhäuserkreis;73522;number;BEVSTD;Population;e
12411;Current updating of population figures;STAG;Reference date;2018-12-31;KREISE;Administrative districts;13061;Rügen, Landkreis (until 2011-09-03);-;number;BEVSTD;Population;
12411;Current updating of population figures;STAG;Reference date;2019-12-31;KREISE;Administrative districts;14379;Leipziger Land, Landkreis (until 2008-07-31);-;number;BEVSTD;Population;
12411;Current updating of population figures;STAG;Reference date;2022-12-31;KREISE;Administrative districts;05119;Oberhausen, kreisfreie Stadt;213252;number;BEVSTD;Population;e
12411;Current updating of population figures;STAG;Reference date;2023-12-31;KREISE;Administrative districts;09773;Dillingen an der Donau, Landkreis;98474;number;BEVSTD;Population;e
12411;Current updating of population figures;STAG;Reference date;2022-12-31;KREISE;Administrative districts;08117;Göppingen, Landkreis;257269;number;BEVSTD;Population;e
12411;Current updating of population figures;STAG;Reference date;2021-12-31;KREISE;Administrative districts;15303;Magdeburg, kreisfreie Stadt (until 2007-06-30);-;number;BEVSTD;Population;
12411;Current updating of population figures;STAG;Reference date;2018-12-31;KREISE;Administrative districts;14167;Zwickau, kreisfreie Stadt (until 2008-07-31);-;number;BEVSTD;Population;
12411;Current updating of population figures;STAG;Reference date;2019-12-31;KREISE;Administrative districts;08326;Schwarzwald-Baar-Kreis;212506;number;BEVSTD;Population;e
12411;Current updating of population figures;STAG;Reference date;2022-12-31;KREISE;Administrative districts;08237;Freudenstadt, Landkreis;121450;number;BEVSTD;Population;e
12411;Current updating of population figures;STAG;Reference date;2016-12-31;KREISE;Administrative districts;12060;Barnim, Landkreis;179365;number;BEVSTD;Population;e
12411;Current updating of population figures;STAG;Reference date;2021-12-31;KREISE;Administrative districts;07315;Mainz, kreisfreie Stadt;217556;number;BEVSTD;Population;e
12411;Current updating of population figures;STAG;Reference date;2020-12-31;KREISE;Administrative districts;09764;Memmingen, kreisfreie Stadt;44360;number;BEVSTD;Population;e
12411;Current updating of population figures;STAG;Reference date;2025-12-31;KREISE;Administrative districts;15083;Börde, Landkreis;167314;number;BEVSTD;Population;e
12411;Current updating of population figures;STAG;Reference date;2016-12-31;KREISE;Administrative districts;05354;Aachen, Landkreis (until 2009-10-20);-;number;BEVSTD;Population;
12411;Current updating of population figures;STAG;Reference date;2025-12-31;KREISE;Administrative districts;16069;Hildburghausen, Landkreis;59287;number;BEVSTD;Population;e
12411;Current updating of population figures;STAG;Reference date;2019-12-31;KREISE;Administrative districts;15357;Halberstadt, Landkreis (until 2007-06-30);-;number;BEVSTD;Population;
12411;Current updating of population figures;STAG;Reference date;2025-12-31;KREISE;Administrative districts;05334;Städteregion Aachen, Landkreis;583325;number;BEVSTD;Population;e
12411;Current updating of population figures;STAG;Reference date;2020-12-31;KREISE;Administrative districts;15082;Anhalt-Bitterfeld, Landkreis;157217;number;BEVSTD;Population;e
12411;Current updating of population figures;STAG;Reference date;2023-12-31;KREISE;Administrative districts;09271;Deggendorf, Landkreis;121137;number;BEVSTD;Population;e
12411;Current updating of population figures;STAG;Reference date;2025-12-31;KREISE;Administrative districts;13073;Vorpommern-Rügen, Landkreis;217817;number;BEVSTD;Population;e
12411;Current updating of population figures;STAG;Reference date;2021-12-31;KREISE;Administrative districts;09461;Bamberg, kreisfreie Stadt;77749;number;BEVSTD;Population;e
12411;Current updating of population figures;STAG;Reference date;2022-12-31;KREISE;Administrative districts;09661;Aschaffenburg, kreisfreie Stadt;72054;number;BEVSTD;Population;e
12411;Current updating of population figures;STAG;Reference date;2017-12-31;KREISE;Administrative districts;15151;Anhalt-Zerbst, Landkreis (until 2007-06-30);-;number;BEVSTD;Population;
12411;Current updating of population figures;STAG;Reference date;2024-12-31;KREISE;Administrative districts;13003;Rostock, kreisfreie Stadt;205307;number;BEVSTD;Population;e
12411;Current updating of population figures;STAG;Reference date;2019-12-31;KREISE;Administrative districts;06435;Main-Kinzig-Kreis;420552;number;BEVSTD;Population;e
12411;Current updating of population figures;STAG;Reference date;2023-12-31;KREISE;Administrative districts;07331;Alzey-Worms, Landkreis;130794;number;BEVSTD;Population;e
12411;Current updating of population figures;STAG;Reference date;2025-12-31;KREISE;Administrative districts;14389;Torgau-Oschatz, Landkreis (until 2008-07-31);-;number;BEVSTD;Population;
12411;Current updating of population figures;STAG;Reference date;2025-12-31;KREISE;Administrative districts;03153;Goslar, Landkreis;126082;number;BEVSTD;Population;e
12411;Current updating of population figures;STAG;Reference date;2025-12-31;KREISE;Administrative districts;09562;Erlangen, kreisfreie Stadt;116450;number;BEVSTD;Population;e
12411;Current updating of population figures;STAG;Reference date;2017-12-31;KREISE;Administrative districts;13006;Wismar, kreisfreie Stadt (until 2011-09-03);-;number;BEVSTD;Population;
12411;Current updating of population figures;STAG;Reference date;2020-12-31;KREISE;Administrative districts;15358;Jerichower Land, Landkreis (until 2007-06-30);-;number;BEVSTD;Population;
12411;Current updating of population figures;STAG;Reference date;2022-12-31;KREISE;Administrative districts;15266;Sangerhausen, Landkreis (until 2007-06-30);-;number;BEVSTD;Population;
12411;Current updating of population figures;STAG;Reference date;2024-12-31;KREISE;Administrative districts;16070;Ilm-Kreis;106657;number;BEVSTD;Population;e
12411;Current updating of population figures;STAG;Reference date;2020-12-31;KREISE;Administrative districts;14730;Nordsachsen, Landkreis;197444;number;BEVSTD;Population;e
12411;Current updating of population figures;STAG;Reference date;2023-12-31;KREISE;Administrative districts;07211;Trier, kreisfreie Stadt;103986;number;BEVSTD;Population;e
12411;Current updating of population figures;STAG;Reference date;2023-12-31;KREISE;Administrative districts;09774;Günzburg, Landkreis;129696;number;BEVSTD;Population;e
12411;Current updating of population figures;STAG;Reference date;2024-12-31;KREISE;Administrative districts;09471;Bamberg, Landkreis;147777;number;BEVSTD;Population;e
12411;Current updating of population figures;STAG;Reference date;2018-12-31;KREISE;Administrative districts;15364;Quedlinburg, Landkreis (until 2007-06-30);-;number;BEVSTD;Population;
12411;Current updating of population figures;STAG;Reference date;2018-12-31;KREISE;Administrative districts;09565;Schwabach, kreisfreie Stadt;40792;number;BEVSTD;Population;e
12411;Current updating of population figures;STAG;Reference date;2021-12-31;KREISE;Administrative districts;13002;Neubrandenburg, kreisfreie Stadt (until 2011-09-03;-;number;BEVSTD;Population;
12411;Current updating of population figures;STAG;Reference date;2021-12-31;KREISE;Administrative districts;09474;Forchheim, Landkreis;116753;number;BEVSTD;Population;e
12411;Current updating of population figures;STAG;Reference date;2018-12-31;KREISE;Administrative districts;09672;Bad Kissingen, Landkreis;103218;number;BEVSTD;Population;e
12411;Current updating of population figures;STAG;Reference date;2021-12-31;KREISE;Administrative districts;03359;Stade, Landkreis;206496;number;BEVSTD;Population;e
12411;Current updating of population figures;STAG;Reference date;2020-12-31;KREISE;Administrative districts;09779;Donau-Ries, Landkreis;134324;number;BEVSTD;Population;e
12411;Current updating of population figures;STAG;Reference date;2017-12-31;KREISE;Administrative districts;06634;Schwalm-Eder-Kreis;180754;number;BEVSTD;Population;e
12411;Current updating of population figures;STAG;Reference date;2022-12-31;KREISE;Administrative districts;07133;Bad Kreuznach, Landkreis;163979;number;BEVSTD;Population;e
12411;Current updating of population figures;STAG;Reference date;2020-12-31;KREISE;Administrative districts;03159;Göttingen, Landkreis;323900;number;BEVSTD;Population;e
12411;Current updating of population figures;STAG;Reference date;2025-12-31;KREISE;Administrative districts;13060;Parchim, Landkreis (until 2011-09-03);-;number;BEVSTD;Population;
12411;Current updating of population figures;STAG;Reference date;2024-12-31;KREISE;Administrative districts;05374;Oberbergischer Kreis;274057;number;BEVSTD;Population;e
12411;Current updating of population figures;STAG;Reference date;2025-12-31;KREISE;Administrative districts;16054;Suhl, kreisfreie Stadt;33976;number;BEVSTD;Population;e
12411;Current updating of population figures;STAG;Reference date;2022-12-31;KREISE;Administrative districts;09674;Haßberge, Landkreis;83258;number;BEVSTD;Population;e
12411;Current updating of population figures;STAG;Reference date;2020-12-31;KREISE;Administrative districts;01001;Flensburg, kreisfreie Stadt;89934;number;BEVSTD;Population;e
12411;Current updating of population figures;STAG;Reference date;2016-12-31;KREISE;Administrative districts;06434;Hochtaunuskreis;234991;number;BEVSTD;Population;e
12411;Current updating of population figures;STAG;Reference date;2016-12-31;KREISE;Administrative districts;16069;Hildburghausen, Landkreis;64330;number;BEVSTD;Population;e
12411;Current updating of population figures;STAG;Reference date;2018-12-31;KREISE;Administrative districts;13076;Ludwigslust-Parchim, Landkreis;212618;number;BEVSTD;Population;e
12411;Current updating of population figures;STAG;Reference date;2023-12-31;KREISE;Administrative districts;13058;Nordwestmecklenburg, Landkreis (until 2011-09-03);-;number;BEVSTD;Population;
12411;Current updating of population figures;STAG;Reference date;2020-12-31;KREISE;Administrative districts;06632;Hersfeld-Rotenburg, Landkreis;120304;number;BEVSTD;Population;e
12411;Current updating of population figures;STAG;Reference date;2025-12-31;KREISE;Administrative districts;07141;Rhein-Lahn-Kreis;125160;number;BEVSTD;Population;e
12411;Current updating of population figures;STAG;Reference date;2016-12-31;KREISE;Administrative districts;08221;Heidelberg, kreisfreie Stadt;159914;number;BEVSTD;Population;e
12411;Current updating of population figures;STAG;Reference date;2023-12-31;KREISE;Administrative districts;09177;Erding, Landkreis;139547;number;BEVSTD;Population;e
12411;Current updating of population figures;STAG;Reference date;2023-12-31;KREISE;Administrative districts;03254;Hildesheim, Landkreis;268318;number;BEVSTD;Population;e
12411;Current updating of population figures;STAG;Reference date;2019-12-31;KREISE;Administrative districts;09275;Passau, Landkreis;192656;number;BEVSTD;Population;e
12411;Current updating of population figures;STAG;Reference date;2020-12-31;KREISE;Administrative districts;09276;Regen, Landkreis;77313;number;BEVSTD;Population;e
12411;Current updating of population figures;STAG;Reference date;2018-12-31;KREISE;Administrative districts;14522;Mittelsachsen, Landkreis;306185;number;BEVSTD;Population;e
12411;Current updating of population figures;STAG;Reference date;2018-12-31;KREISE;Administrative districts;01055;Ostholstein, Landkreis;200581;number;BEVSTD;Population;e
12411;Current updating of population figures;STAG;Reference date;2020-12-31;KREISE;Administrative districts;13053;Güstrow, Landkreis (until 2011-09-03);-;number;BEVSTD;Population;
12411;Current updating of population figures;STAG;Reference date;2020-12-31;KREISE;Administrative districts;05314;Bonn, kreisfreie Stadt;330579;number;BEVSTD;Population;e
12411;Current updating of population figures;STAG;Reference date;2020-12-31;KREISE;Administrative districts;09263;Straubing, kreisfreie Stadt;47612;number;BEVSTD;Population;e
12411;Current updating of population figures;STAG;Reference date;2017-12-31;KREISE;Administrative districts;08325;Rottweil, Landkreis;138858;number;BEVSTD;Population;e
12411;Current updating of population figures;STAG;Reference date;2019-12-31;KREISE;Administrative districts;16066;Schmalkalden-Meiningen, Landkreis;124916;number;BEVSTD;Population;e
12411;Current updating of population figures;STAG;Reference date;2025-12-31;KREISE;Administrative districts;03403;Oldenburg (Oldenburg), kreisfreie Stadt;177055;number;BEVSTD;Population;e
12411;Current updating of population figures;STAG;Reference date;2024-12-31;KREISE;Administrative districts;03456;Grafschaft Bentheim, Landkreis;144543;number;BEVSTD;Population;e
12411;Current updating of population figures;STAG;Reference date;2024-12-31;KREISE;Administrative districts;07317;Pirmasens, kreisfreie Stadt;39761;number;BEVSTD;Population;e
12411;Current updating of population figures;STAG;Reference date;2024-12-31;KREISE;Administrative districts;09377;Tirschenreuth, Landkreis;72210;number;BEVSTD;Population;e
12411;Current updating of population figures;STAG;Reference date;2020-12-31;KREISE;Administrative districts;08315;Breisgau-Hochschwarzwald, Landkreis;264867;number;BEVSTD;Population;e
12411;Current updating of population figures;STAG;Reference date;2019-12-31;KREISE;Administrative districts;05117;Mülheim an der Ruhr, kreisfreie Stadt;170632;number;BEVSTD;Population;e
12411;Current updating of population figures;STAG;Reference date;2022-12-31;KREISE;Administrative districts;09184;München, Landkreis;350047;number;BEVSTD;Population;e
12411;Current updating of population figures;STAG;Reference date;2019-12-31;KREISE;Administrative districts;09262;Passau, kreisfreie Stadt;52803;number;BEVSTD;Population;e
12411;Current updating of population figures;STAG;Reference date;2023-12-31;KREISE;Administrative districts;05916;Herne, kreisfreie Stadt;156154;number;BEVSTD;Population;e
12411;Current updating of population figures;STAG;Reference date;2018-12-31;KREISE;Administrative districts;09182;Miesbach, Landkreis;99726;number;BEVSTD;Population;e
12411;Current updating of population figures;STAG;Reference date;2019-12-31;KREISE;Administrative districts;12051;Brandenburg an der Havel, kreisfreie Stadt;72184;number;BEVSTD;Population;e
12411;Current updating of population figures;STAG;Reference date;2019-12-31;KREISE;Administrative districts;09778;Unterallgäu, Landkreis;145341;number;BEVSTD;Population;e
12411;Current updating of population figures;STAG;Reference date;2020-12-31;KREISE;Administrative districts;08435;Bodenseekreis;217901;number;BEVSTD;Population;e
12411;Current updating of population figures;STAG;Reference date;2023-12-31;KREISE;Administrative districts;14374;Delitzsch, Landkreis (until 2008-07-31);-;number;BEVSTD;Population;
12411;Current updating of population figures;STAG;Reference date;2022-12-31;KREISE;Administrative districts;06438;Offenbach, Landkreis;353948;number;BEVSTD;Population;e
12411;Current updating of population figures;STAG;Reference date;2025-12-31;KREISE;Administrative districts;06532;Lahn-Dill-Kreis;253439;number;BEVSTD;Population;e
12411;Current updating of population figures;STAG;Reference date;2019-12-31;KREISE;Administrative districts;15081;Altmarkkreis Salzwedel;83173;number;BEVSTD;Population;e
12411;Current updating of population figures;STAG;Reference date;2016-12-31;KREISE;Administrative districts;15086;Jerichower Land, Landkreis;91345;number;BEVSTD;Population;e
12411;Current updating of population figures;STAG;Reference date;2020-12-31;KREISE;Administrative districts;10043;Neunkirchen, Landkreis;131172;number;BEVSTD;Population;e
12411;Current updating of population figures;STAG;Reference date;2022-12-31;KREISE;Administrative districts;09171;Altötting, Landkreis;112296;number;BEVSTD;Population;e
12411;Current updating of population figures;STAG;Reference date;2025-12-31;KREISE;Administrative districts;06412;Frankfurt am Main, kreisfreie Stadt;760656;number;BEVSTD;Population;e
12411;Current updating of population figures;STAG;Reference date;2025-12-31;KREISE;Administrative districts;09575;Neustadt an der Aisch-Bad Windsheim, Landkreis;100767;number;BEVSTD;Population;e
12411;Current updating of population figures;STAG;Reference date;2022-12-31;KREISE;Administrative districts;15159;Köthen, Landkreis (until 2007-06-30);-;number;BEVSTD;Population;
12411;Current updating of population figures;STAG;Reference date;2023-12-31;KREISE;Administrative districts;15083;Börde, Landkreis;168593;number;BEVSTD;Population;e
12411;Current updating of population figures;STAG;Reference date;2016-12-31;KREISE;Administrative districts;08127;Schwäbisch Hall, Landkreis;192958;number;BEVSTD;Population;e
12411;Current updating of population figures;STAG;Reference date;2019-12-31;KREISE;Administrative districts;14365;Leipzig, kreisfreie Stadt (until 2008-07-31);-;number;BEVSTD;Population;
12411;Current updating of population figures;STAG;Reference date;2017-12-31;KREISE;Administrative districts;09763;Kempten (Allgäu), kreisfreie Stadt;68330;number;BEVSTD;Population;e
12411;Current updating of population figures;STAG;Reference date;2020-12-31;KREISE;Administrative districts;03360;Uelzen, Landkreis;92566;number;BEVSTD;Population;e
12411;Current updating of population figures;STAG;Reference date;2025-12-31;KREISE;Administrative districts;15084;Burgenlandkreis;171535;number;BEVSTD;Population;e
12411;Current updating of population figures;STAG;Reference date;2019-12-31;KREISE;Administrative districts;14628;Sächsische Schweiz-Osterzgebirge, Landkreis;245586;number;BEVSTD;Population;e
12411;Current updating of population figures;STAG;Reference date;2019-12-31;KREISE;Administrative districts;16052;Gera, kreisfreie Stadt;93125;number;BEVSTD;Population;e
12411;Current updating of population figures;STAG;Reference date;2024-12-31;KREISE;Administrative districts;15002;Halle (Saale), kreisfreie Stadt;226767;number;BEVSTD;Population;e
12411;Current updating of population figures;STAG;Reference date;2019-12-31;KREISE;Administrative districts;12064;Märkisch-Oderland, Landkreis;195751;number;BEVSTD;Population;e
12411;Current updating of population figures;STAG;Reference date;2021-12-31;KREISE;Administrative districts;03452;Aurich, Landkreis;190425;number;BEVSTD;Population;e
12411;Current updating of population figures;STAG;Reference date;2024-12-31;KREISE;Administrative districts;08416;Tübingen, Landkreis;233546;number;BEVSTD;Population;e
12411;Current updating of population figures;STAG;Reference date;2020-12-31;KREISE;Administrative districts;08421;Ulm, kreisfreie Stadt;126405;number;BEVSTD;Population;e
12411;Current updating of population figures;STAG;Reference date;2017-12-31;KREISE;Administrative districts;03157;Peine, Landkreis;133368;number;BEVSTD;Population;e
12411;Current updating of population figures;STAG;Reference date;2023-12-31;KREISE;Administrative districts;14375;Döbeln, Landkreis (until 2008-07-31);-;number;BEVSTD;Population;
12411;Current updating of population figures;STAG;Reference date;2022-12-31;KREISE;Administrative districts;06437;Odenwaldkreis;94619;number;BEVSTD;Population;e
12411;Current updating of population figures;STAG;Reference date;2016-12-31;KREISE;Administrative districts;09671;Aschaffenburg, Landkreis;173504;number;BEVSTD;Population;e
12411;Current updating of population figures;STAG;Reference date;2018-12-31;KREISE;Administrative districts;14166;Plauen, kreisfreie Stadt (until 2008-07-31);-;number;BEVSTD;Population;
12411;Current updating of population figures;STAG;Reference date;2017-12-31;KREISE;Administrative districts;14181;Mittlerer Erzgebirgskreis (until 2008-07-31);-;number;BEVSTD;Population;
12411;Current updating of population figures;STAG;Reference date;2018-12-31;KREISE;Administrative districts;07314;Ludwigshafen am Rhein, kreisfreie Stadt;171061;number;BEVSTD;Population;e
12411;Current updating of population figures;STAG;Reference date;2019-12-31;KREISE;Administrative districts;16065;Kyffhäuserkreis;74212;number;BEVSTD;Population;e
12411;Current updating of population figures;STAG;Reference date;2023-12-31;KREISE;Administrative districts;08435;Bodenseekreis;221208;number;BEVSTD;Population;e
12411;Current updating of population figures;STAG;Reference date;2021-12-31;KREISE;Administrative districts;14729;Leipzig, Landkreis;258214;number;BEVSTD;Population;e
12411;Current updating of population figures;STAG;Reference date;2016-12-31;KREISE;Administrative districts;07143;Westerwaldkreis;201027;number;BEVSTD;Population;e
12411;Current updating of population figures;STAG;Reference date;2023-12-31;KREISE;Administrative districts;12073;Uckermark, Landkreis;117797;number;BEVSTD;Population;e
12411;Current updating of population figures;STAG;Reference date;2016-12-31;KREISE;Administrative districts;14627;Meißen, Landkreis;243889;number;BEVSTD;Population;e
12411;Current updating of population figures;STAG;Reference date;2021-12-31;KREISE;Administrative districts;05766;Lippe, Landkreis;346151;number;BEVSTD;Population;e
12411;Current updating of population figures;STAG;Reference date;2020-12-31;KREISE;Administrative districts;05911;Bochum, kreisfreie Stadt;364454;number;BEVSTD;Population;e
12411;Current updating of population figures;STAG;Reference date;2021-12-31;KREISE;Administrative districts;12067;Oder-Spree, Landkreis;179245;number;BEVSTD;Population;e
12411;Current updating of population figures;STAG;Reference date;2018-12-31;KREISE;Administrative districts;05515;Münster, kreisfreie Stadt;314319;number;BEVSTD;Population;e
12411;Current updating of population figures;STAG;Reference date;2017-12-31;KREISE;Administrative districts;09776;Lindau (Bodensee), Landkreis;81148;number;BEVSTD;Population;e
12411;Current updating of population figures;STAG;Reference date;2020-12-31;KREISE;Administrative districts;14374;Delitzsch, Landkreis (until 2008-07-31);-;number;BEVSTD;Population;
12411;Current updating of population figures;STAG;Reference date;2022-12-31;KREISE;Administrative districts;06411;Darmstadt, kreisfreie Stadt;162329;number;BEVSTD;Population;e
12411;Current updating of population figures;STAG;Reference date;2025-12-31;KREISE;Administrative districts;06438;Offenbach, Landkreis;358984;number;BEVSTD;Population;e
12411;Current updating of population figures;STAG;Reference date;2016-12-31;KREISE;Administrative districts;09564;Nürnberg, kreisfreie Stadt;511628;number;BEVSTD;Population;e
12411;Current updating of population figures;STAG;Reference date;2018-12-31;KREISE;Administrative districts;14286;Löbau-Zittau, Landkreis (until 2008-07-31);-;number;BEVSTD;Population;
12411;Current updating of population figures;STAG;Reference date;2023-12-31;KREISE;Administrative districts;06636;Werra-Meißner-Kreis;98055;number;BEVSTD;Population;e
12411;Current updating of population figures;STAG;Reference date;2024-12-31;KREISE;Administrative districts;14191;Aue-Schwarzenberg, Landkreis (until 2008-07-31);-;number;BEVSTD;Population;
12411;Current updating of population figures;STAG;Reference date;2017-12-31;KREISE;Administrative districts;07235;Trier-Saarburg, Landkreis;148532;number;BEVSTD;Population;e
12411;Current updating of population figures;STAG;Reference date;2023-12-31;KREISE;Administrative districts;09178;Freising, Landkreis;183535;number;BEVSTD;Population;e
12411;Current updating of population figures;STAG;Reference date;2019-12-31;KREISE;Administrative districts;08421;Ulm, kreisfreie Stadt;126790;number;BEVSTD;Population;e
12411;Current updating of population figures;STAG;Reference date;2023-12-31;KREISE;Administrative districts;03253;Hannover, Landkreis (until 2001-10-31);-;number;BEVSTD;Population;
12411;Current updating of population figures;STAG;Reference date;2024-12-31;KREISE;Administrative districts;15362;Ohrekreis (until 2007-06-30);-;number;BEVSTD;Population;
12411;Current updating of population figures;STAG;Reference date;2021-12-31;KREISE;Administrative districts;05513;Gelsenkirchen, kreisfreie Stadt;260126;number;BEVSTD;Population;e
12411;Current updating of population figures;STAG;Reference date;2021-12-31;KREISE;Administrative districts;05370;Heinsberg, Landkreis;258306;number;BEVSTD;Population;e
12411;Current updating of population figures;STAG;Reference date;2017-12-31;KREISE;Administrative districts;05316;Leverkusen, kreisfreie Stadt;163577;number;BEVSTD;Population;e
12411;Current updating of population figures;STAG;Reference date;2023-12-31;KREISE;Administrative districts;12060;Barnim, Landkreis;192776;number;BEVSTD;Population;e
12411;Current updating of population figures;STAG;Reference date;2022-12-31;KREISE;Administrative districts;08236;Enzkreis;198950;number;BEVSTD;Population;e
12411;Current updating of population figures;STAG;Reference date;2021-12-31;KREISE;Administrative districts;12054;Potsdam, kreisfreie Stadt;183154;number;BEVSTD;Population;e
12411;Current updating of population figures;STAG;Reference date;2017-12-31;KREISE;Administrative districts;09273;Kelheim, Landkreis;121119;number;BEVSTD;Population;e
12411;Current updating of population figures;STAG;Reference date;2019-12-31;KREISE;Administrative districts;05954;Ennepe-Ruhr-Kreis;324106;number;BEVSTD;Population;e
12411;Current updating of population figures;STAG;Reference date;2016-12-31;KREISE;Administrative districts;12072;Teltow-Fläming, Landkreis;164771;number;BEVSTD;Population;e
12411;Current updating of population figures;STAG;Reference date;2018-12-31;KREISE;Administrative districts;03356;Osterholz, Landkreis;113517;number;BEVSTD;Population;e
12411;Current updating of population figures;STAG;Reference date;2025-12-31;KREISE;Administrative districts;16068;Sömmerda, Landkreis;67106;number;BEVSTD;Population;e
12411;Current updating of population figures;STAG;Reference date;2016-12-31;KREISE;Administrative districts;16056;Eisenach, kreisfreie Stadt (until 2021-06-30);42588;number;BEVSTD;Population;e
12411;Current updating of population figures;STAG;Reference date;2024-12-31;KREISE;Administrative districts;01057;Plön, Landkreis;130609;number;BEVSTD;Population;e
12411;Current updating of population figures;STAG;Reference date;2022-12-31;KREISE;Administrative districts;06531;Gießen, Landkreis;266314;number;BEVSTD;Population;e
12411;Current updating of population figures;STAG;Reference date;2019-12-31;KREISE;Administrative districts;07143;Westerwaldkreis;201904;number;BEVSTD;Population;e
12411;Current updating of population figures;STAG;Reference date;2025-12-31;KREISE;Administrative districts;08125;Heilbronn, Landkreis;353704;number;BEVSTD;Population;e
12411;Current updating of population figures;STAG;Reference date;2020-12-31;KREISE;Administrative districts;05554;Borken, Landkreis;371898;number;BEVSTD;Population;e
12411;Current updating of population figures;STAG;Reference date;2023-12-31;KREISE;Administrative districts;10044;Saarlouis, Landkreis;206094;number;BEVSTD;Population;e
12411;Current updating of population figures;STAG;Reference date;2016-12-31;KREISE;Administrative districts;09577;Weißenburg-Gunzenhausen, Landkreis;93974;number;BEVSTD;Population;e
12411;Current updating of population figures;STAG;Reference date;2023-12-31;KREISE;Administrative districts;08315;Breisgau-Hochschwarzwald, Landkreis;271977;number;BEVSTD;Population;e
12411;Current updating of population figures;STAG;Reference date;2021-12-31;KREISE;Administrative districts;03358;Heidekreis;142912;number;BEVSTD;Population;e
12411;Current updating of population figures;STAG;Reference date;2022-12-31;KREISE;Administrative districts;01003;Lübeck, kreisfreie Stadt;216097;number;BEVSTD;Population;e
12411;Current updating of population figures;STAG;Reference date;2025-12-31;KREISE;Administrative districts;01003;Lübeck, kreisfreie Stadt;217061;number;BEVSTD;Population;e
12411;Current updating of population figures;STAG;Reference date;2018-12-31;KREISE;Administrative districts;03103;Wolfsburg, kreisfreie Stadt;124151;number;BEVSTD;Population;e
12411;Current updating of population figures;STAG;Reference date;2022-12-31;KREISE;Administrative districts;09780;Oberallgäu, Landkreis;152664;number;BEVSTD;Population;e
12411;Current updating of population figures;STAG;Reference date;2016-12-31;KREISE;Administrative districts;05366;Euskirchen, Landkreis;191202;number;BEVSTD;Population;e
12411;Current updating of population figures;STAG;Reference date;2016-12-31;KREISE;Administrative districts;05113;Essen, kreisfreie Stadt;583084;number;BEVSTD;Population;e
12411;Current updating of population figures;STAG;Reference date;2021-12-31;KREISE;Administrative districts;07316;Neustadt an der Weinstraße, kreisfreie Stadt;53491;number;BEVSTD;Population;e
12411;Current updating of population figures;STAG;Reference date;2022-12-31;KREISE;Administrative districts;13072;Rostock, Landkreis;218132;number;BEVSTD;Population;e
12411;Current updating of population figures;STAG;Reference date;2020-12-31;KREISE;Administrative districts;16053;Jena, kreisfreie Stadt;110731;number;BEVSTD;Population;e
12411;Current updating of population figures;STAG;Reference date;2020-12-31;KREISE;Administrative districts;03253;Hannover, Landkreis (until 2001-10-31);-;number;BEVSTD;Population;
12411;Current updating of population figures;STAG;Reference date;2023-12-31;KREISE;Administrative districts;03360;Uelzen, Landkreis;91832;number;BEVSTD;Population;e
12411;Current updating of population figures;STAG;Reference date;2023-12-31;KREISE;Administrative districts;09761;Augsburg, kreisfreie Stadt;298972;number;BEVSTD;Population;e
12411;Current updating of population figures;STAG;Reference date;2024-12-31;KREISE;Administrative districts;15268;Weißenfels, Landkreis (until 2007-06-30);-;number;BEVSTD;Population;
12411;Current updating of population figures;STAG;Reference date;2020-12-31;KREISE;Administrative districts;16066;Schmalkalden-Meiningen, Landkreis;124241;number;BEVSTD;Population;e
12411;Current updating of population figures;STAG;Reference date;2022-12-31;KREISE;Administrative districts;04012;Bremerhaven, kreisfreie Stadt;118811;number;BEVSTD;Population;e
12411;Current updating of population figures;STAG;Reference date;2019-12-31;KREISE;Administrative districts;08327;Tuttlingen, Landkreis;140766;number;BEVSTD;Population;e
12411;Current updating of population figures;STAG;Reference date;2022-12-31;KREISE;Administrative districts;08116;Esslingen, Landkreis;533434;number;BEVSTD;Population;e
12411;Current updating of population figures;STAG;Reference date;2025-12-31;KREISE;Administrative districts;14626;Görlitz, Landkreis;241749;number;BEVSTD;Population;e
12411;Current updating of population figures;STAG;Reference date;2016-12-31;KREISE;Administrative districts;09181;Landsberg am Lech, Landkreis;118725;number;BEVSTD;Population;e
12411;Current updating of population figures;STAG;Reference date;2025-12-31;KREISE;Administrative districts;09672;Bad Kissingen, Landkreis;102950;number;BEVSTD;Population;e
12411;Current updating of population figures;STAG;Reference date;2019-12-31;KREISE;Administrative districts;15082;Anhalt-Bitterfeld, Landkreis;158486;number;BEVSTD;Population;e
12411;Current updating of population figures;STAG;Reference date;2016-12-31;KREISE;Administrative districts;15083;Börde, Landkreis;172959;number;BEVSTD;Population;e
12411;Current updating of population figures;STAG;Reference date;2022-12-31;KREISE;Administrative districts;09673;Rhön-Grabfeld, Landkreis;79216;number;BEVSTD;Population;e
12411;Current updating of population figures;STAG;Reference date;2024-12-31;KREISE;Administrative districts;16071;Weimarer Land, Landkreis;82392;number;BEVSTD;Population;e
12411;Current updating of population figures;STAG;Reference date;2016-12-31;KREISE;Administrative districts;08231;Pforzheim, kreisfreie Stadt;123493;number;BEVSTD;Population;e
12411;Current updating of population figures;STAG;Reference date;2022-12-31;KREISE;Administrative districts;15265;Saalkreis (until 2007-06-30);-;number;BEVSTD;Population;
12411;Current updating of population figures;STAG;Reference date;2017-12-31;KREISE;Administrative districts;08311;Freiburg im Breisgau, kreisfreie Stadt;229636;number;BEVSTD;Population;e
12411;Current updating of population figures;STAG;Reference date;2017-12-31;KREISE;Administrative districts;09179;Fürstenfeldbruck, Landkreis;217831;number;BEVSTD;Population;e
12411;Current updating of population figures;STAG;Reference date;2023-12-31;KREISE;Administrative districts;09775;Neu-Ulm, Landkreis;182560;number;BEVSTD;Population;e
12411;Current updating of population figures;STAG;Reference date;2023-12-31;KREISE;Administrative districts;13055;Mecklenburg-Strelitz, Landkreis (until 2011-09-03);-;number;BEVSTD;Population;
12411;Current updating of population figures;STAG;Reference date;2024-12-31;KREISE;Administrative districts;09472;Bayreuth, Landkreis;103215;number;BEVSTD;Population;e
12411;Current updating of population figures;STAG;Reference date;2018-12-31;KREISE;Administrative districts;15363;Stendal, Landkreis (until 2007-06-30);-;number;BEVSTD;Population;
12411;Current updating of population figures;STAG;Reference date;2023-12-31;KREISE;Administrative districts;15082;Anhalt-Bitterfeld, Landkreis;153801;number;BEVSTD;Population;e
12411;Current updating of population figures;STAG;Reference date;2021-12-31;KREISE;Administrative districts;07313;Landau in der Pfalz, kreisfreie Stadt;46919;number;BEVSTD;Population;e
12411;Current updating of population figures;STAG;Reference date;2016-12-31;KREISE;Administrative districts;13056;Müritz, Landkreis (until 2011-09-03);-;number;BEVSTD;Population;
12411;Current updating of population figures;STAG;Reference date;2023-12-31;KREISE;Administrative districts;14730;Nordsachsen, Landkreis;200778;number;BEVSTD;Population;e
12411;Current updating of population figures;STAG;Reference date;2022-12-31;KREISE;Administrative districts;07143;Westerwaldkreis;207154;number;BEVSTD;Population;e
12411;Current updating of population figures;STAG;Reference date;2020-12-31;KREISE;Administrative districts;13056;Müritz, Landkreis (until 2011-09-03);-;number;BEVSTD;Population;
12411;Current updating of population figures;STAG;Reference date;2024-12-31;KREISE;Administrative districts;13002;Neubrandenburg, kreisfreie Stadt (until 2011-09-03;-;number;BEVSTD;Population;
12411;Current updating of population figures;STAG;Reference date;2024-12-31;KREISE;Administrative districts;05120;Remscheid, kreisfreie Stadt;113828;number;BEVSTD;Population;e
12411;Current updating of population figures;STAG;Reference date;2019-12-31;KREISE;Administrative districts;04011;Bremen, kreisfreie Stadt;567559;number;BEVSTD;Population;e
12411;Current updating of population figures;STAG;Reference date;2024-12-31;KREISE;Administrative districts;07316;Neustadt an der Weinstraße, kreisfreie Stadt;52945;number;BEVSTD;Population;e
12411;Current updating of population figures;STAG;Reference date;2023-12-31;KREISE;Administrative districts;05316;Leverkusen, kreisfreie Stadt;167850;number;BEVSTD;Population;e
12411;Current updating of population figures;STAG;Reference date;2016-12-31;KREISE;Administrative districts;05570;Warendorf, Landkreis;277744;number;BEVSTD;Population;e
12411;Current updating of population figures;STAG;Reference date;2016-12-31;KREISE;Administrative districts;08111;Stuttgart, kreisfreie Stadt;628032;number;BEVSTD;Population;e
12411;Current updating of population figures;STAG;Reference date;2021-12-31;KREISE;Administrative districts;09473;Coburg, Landkreis;86544;number;BEVSTD;Population;e
12411;Current updating of population figures;STAG;Reference date;2025-12-31;KREISE;Administrative districts;08127;Schwäbisch Hall, Landkreis;201064;number;BEVSTD;Population;e
12411;Current updating of population figures;STAG;Reference date;2020-12-31;KREISE;Administrative districts;07233;Vulkaneifel, Landkreis;60491;number;BEVSTD;Population;e
12411;Current updating of population figures;STAG;Reference date;2025-12-31;KREISE;Administrative districts;13072;Rostock, Landkreis;218123;number;BEVSTD;Population;e
12411;Current updating of population figures;STAG;Reference date;2018-12-31;KREISE;Administrative districts;09673;Rhön-Grabfeld, Landkreis;79690;number;BEVSTD;Population;e
12411;Current updating of population figures;STAG;Reference date;2020-12-31;KREISE;Administrative districts;09273;Kelheim, Landkreis;123390;number;BEVSTD;Population;e
12411;Current updating of population figures;STAG;Reference date;2022-12-31;KREISE;Administrative districts;05116;Mönchengladbach, kreisfreie Stadt;267333;number;BEVSTD;Population;e
12411;Current updating of population figures;STAG;Reference date;2019-12-31;KREISE;Administrative districts;16067;Gotha, Landkreis;134908;number;BEVSTD;Population;e
12411;Current updating of population figures;STAG;Reference date;2018-12-31;KREISE;Administrative districts;03453;Cloppenburg, Landkreis;169348;number;BEVSTD;Population;e
12411;Current updating of population figures;STAG;Reference date;2016-12-31;KREISE;Administrative districts;06431;Bergstraße, Landkreis;267935;number;BEVSTD;Population;e
12411;Current updating of population figures;STAG;Reference date;2018-12-31;KREISE;Administrative districts;08417;Zollernalbkreis;188935;number;BEVSTD;Population;e
12411;Current updating of population figures;STAG;Reference date;2016-12-31;KREISE;Administrative districts;05966;Olpe, Landkreis;134983;number;BEVSTD;Population;e
12411;Current updating of population figures;STAG;Reference date;2022-12-31;KREISE;Administrative districts;09183;Mühldorf am Inn, Landkreis;120317;number;BEVSTD;Population;e
12411;Current updating of population figures;STAG;Reference date;2019-12-31;KREISE;Administrative districts;01003;Lübeck, kreisfreie Stadt;216530;number;BEVSTD;Population;e
12411;Current updating of population figures;STAG;Reference date;2019-12-31;KREISE;Administrative districts;09263;Straubing, kreisfreie Stadt;47791;number;BEVSTD;Population;e
12411;Current updating of population figures;STAG;Reference date;2018-12-31;KREISE;Administrative districts;09183;Mühldorf am Inn, Landkreis;115250;number;BEVSTD;Population;e
12411;Current updating of population figures;STAG;Reference date;2016-12-31;KREISE;Administrative districts;14374;Delitzsch, Landkreis (until 2008-07-31);-;number;BEVSTD;Population;
12411;Current updating of population figures;STAG;Reference date;2018-12-31;KREISE;Administrative districts;14521;Erzgebirgskreis;337696;number;BEVSTD;Population;e
12411;Current updating of population figures;STAG;Reference date;2019-12-31;KREISE;Administrative districts;13059;Ostvorpommern, Landkreis (until 2011-09-03);-;number;BEVSTD;Population;
12411;Current updating of population figures;STAG;Reference date;2018-12-31;KREISE;Administrative districts;01056;Pinneberg, Landkreis;314391;number;BEVSTD;Population;e
12411;Current updating of population figures;STAG;Reference date;2017-12-31;KREISE;Administrative districts;08337;Waldshut, Landkreis;170198;number;BEVSTD;Population;e
12411;Current updating of population figures;STAG;Reference date;2022-12-31;KREISE;Administrative districts;14280;Meißen, Landkreis (until 2008-07-31);-;number;BEVSTD;Population;
12411;Current updating of population figures;STAG;Reference date;2019-12-31;KREISE;Administrative districts;12061;Dahme-Spreewald, Landkreis;170791;number;BEVSTD;Population;e
12411;Current updating of population figures;STAG;Reference date;2020-12-31;KREISE;Administrative districts;07340;Südwestpfalz, Landkreis;94912;number;BEVSTD;Population;e
12411;Current updating of population figures;STAG;Reference date;2025-12-31;KREISE;Administrative districts;06531;Gießen, Landkreis;267283;number;BEVSTD;Population;e
12411;Current updating of population figures;STAG;Reference date;2020-12-31;KREISE;Administrative districts;10044;Saarlouis, Landkreis;193732;number;BEVSTD;Population;e
12411;Current updating of population figures;STAG;Reference date;2017-12-31;KREISE;Administrative districts;03360;Uelzen, Landkreis;92744;number;BEVSTD;Population;e
12411;Current updating of population figures;STAG;Reference date;2022-12-31;KREISE;Administrative districts;14173;Chemnitzer Land, Landkreis (until 2008-07-31);-;number;BEVSTD;Population;
12411;Current updating of population figures;STAG;Reference date;2025-12-31;KREISE;Administrative districts;09565;Schwabach, kreisfreie Stadt;40702;number;BEVSTD;Population;e
12411;Current updating of population figures;STAG;Reference date;2023-12-31;KREISE;Administrative districts;15358;Jerichower Land, Landkreis (until 2007-06-30);-;number;BEVSTD;Population;
12411;Current updating of population figures;STAG;Reference date;2025-12-31;KREISE;Administrative districts;06411;Darmstadt, kreisfreie Stadt;168253;number;BEVSTD;Population;e
12411;Current updating of population figures;STAG;Reference date;2024-12-31;KREISE;Administrative districts;14729;Leipzig, Landkreis;260127;number;BEVSTD;Population;e
12411;Current updating of population figures;STAG;Reference date;2024-12-31;KREISE;Administrative districts;03359;Stade, Landkreis;207700;number;BEVSTD;Population;e
12411;Current updating of population figures;STAG;Reference date;2018-12-31;KREISE;Administrative districts;15003;Magdeburg, kreisfreie Stadt;238697;number;BEVSTD;Population;e
12411;Current updating of population figures;STAG;Reference date;2019-12-31;KREISE;Administrative districts;05116;Mönchengladbach, kreisfreie Stadt;261034;number;BEVSTD;Population;e
12411;Current updating of population figures;STAG;Reference date;2016-12-31;KREISE;Administrative districts;01004;Neumünster, kreisfreie Stadt;79680;number;BEVSTD;Population;e
12411;Current updating of population figures;STAG;Reference date;2019-12-31;KREISE;Administrative districts;15358;Jerichower Land, Landkreis (until 2007-06-30);-;number;BEVSTD;Population;
12411;Current updating of population figures;STAG;Reference date;2023-12-31;KREISE;Administrative districts;03257;Schaumburg, Landkreis;157051;number;BEVSTD;Population;e
12411;Current updating of population figures;STAG;Reference date;2020-12-31;KREISE;Administrative districts;08325;Rottweil, Landkreis;140166;number;BEVSTD;Population;e
12411;Current updating of population figures;STAG;Reference date;2023-12-31;KREISE;Administrative districts;09272;Freyung-Grafenau, Landkreis;78512;number;BEVSTD;Population;e
12411;Current updating of population figures;STAG;Reference date;2017-12-31;KREISE;Administrative districts;14191;Aue-Schwarzenberg, Landkreis (until 2008-07-31);-;number;BEVSTD;Population;
12411;Current updating of population figures;STAG;Reference date;2016-12-31;KREISE;Administrative districts;04012;Bremerhaven, kreisfreie Stadt;113034;number;BEVSTD;Population;e
12411;Current updating of population figures;STAG;Reference date;2020-12-31;KREISE;Administrative districts;09179;Fürstenfeldbruck, Landkreis;218740;number;BEVSTD;Population;e
12411;Current updating of population figures;STAG;Reference date;2017-12-31;KREISE;Administrative districts;06631;Fulda, Landkreis;221783;number;BEVSTD;Population;e
12411;Current updating of population figures;STAG;Reference date;2021-12-31;KREISE;Administrative districts;05374;Oberbergischer Kreis;271621;number;BEVSTD;Population;e
12411;Current updating of population figures;STAG;Reference date;2019-12-31;KREISE;Administrative districts;09779;Donau-Ries, Landkreis;133783;number;BEVSTD;Population;e
12411;Current updating of population figures;STAG;Reference date;2018-12-31;KREISE;Administrative districts;15256;Burgenlandkreis (until 2007-06-30);-;number;BEVSTD;Population;
12411;Current updating of population figures;STAG;Reference date;2018-12-31;KREISE;Administrative districts;14285;Riesa-Großenhain, Landkreis (until 2008-07-31);-;number;BEVSTD;Population;
12411;Current updating of population figures;STAG;Reference date;2017-12-31;KREISE;Administrative districts;07232;Eifelkreis Bitburg-Prüm;98213;number;BEVSTD;Population;e
12411;Current updating of population figures;STAG;Reference date;2020-12-31;KREISE;Administrative districts;16063;Wartburgkreis;117967;number;BEVSTD;Population;e
12411;Current updating of population figures;STAG;Reference date;2024-12-31;KREISE;Administrative districts;15256;Burgenlandkreis (until 2007-06-30);-;number;BEVSTD;Population;
12411;Current updating of population figures;STAG;Reference date;2024-12-31;KREISE;Administrative districts;05970;Siegen-Wittgenstein, Landkreis;274074;number;BEVSTD;Population;e
12411;Current updating of population figures;STAG;Reference date;2023-12-31;KREISE;Administrative districts;08421;Ulm, kreisfreie Stadt;128998;number;BEVSTD;Population;e
12411;Current updating of population figures;STAG;Reference date;2021-12-31;KREISE;Administrative districts;05970;Siegen-Wittgenstein, Landkreis;274342;number;BEVSTD;Population;e
12411;Current updating of population figures;STAG;Reference date;2024-12-31;KREISE;Administrative districts;12069;Potsdam-Mittelmark, Landkreis;221268;number;BEVSTD;Population;e
12411;Current updating of population figures;STAG;Reference date;2018-12-31;KREISE;Administrative districts;07313;Landau in der Pfalz, kreisfreie Stadt;46677;number;BEVSTD;Population;e
12411;Current updating of population figures;STAG;Reference date;2017-12-31;KREISE;Administrative districts;09762;Kaufbeuren, kreisfreie Stadt;43478;number;BEVSTD;Population;e
12411;Current updating of population figures;STAG;Reference date;2020-12-31;KREISE;Administrative districts;03361;Verden, Landkreis;137574;number;BEVSTD;Population;e
12411;Current updating of population figures;STAG;Reference date;2019-12-31;KREISE;Administrative districts;08435;Bodenseekreis;217470;number;BEVSTD;Population;e
12411;Current updating of population figures;STAG;Reference date;2025-12-31;KREISE;Administrative districts;15085;Harz, Landkreis;202574;number;BEVSTD;Population;e
12411;Current updating of population figures;STAG;Reference date;2019-12-31;KREISE;Administrative districts;14627;Meißen, Landkreis;241717;number;BEVSTD;Population;e
12411;Current updating of population figures;STAG;Reference date;2018-12-31;KREISE;Administrative districts;14272;Bautzen, Landkreis (until 2008-07-31);-;number;BEVSTD;Population;
12411;Current updating of population figures;STAG;Reference date;2025-12-31;KREISE;Administrative districts;06437;Odenwaldkreis;93399;number;BEVSTD;Population;e
12411;Current updating of population figures;STAG;Reference date;2020-12-31;KREISE;Administrative districts;08311;Freiburg im Breisgau, kreisfreie Stadt;230940;number;BEVSTD;Population;e
12411;Current updating of population figures;STAG;Reference date;2023-12-31;KREISE;Administrative districts;01060;Segeberg, Landkreis;282268;number;BEVSTD;Population;e
12411;Current updating of population figures;STAG;Reference date;2021-12-31;KREISE;Administrative districts;08417;Zollernalbkreis;190545;number;BEVSTD;Population;e
12411;Current updating of population figures;STAG;Reference date;2023-12-31;KREISE;Administrative districts;06635;Waldeck-Frankenberg, Landkreis;155135;number;BEVSTD;Population;e
12411;Current updating of population figures;STAG;Reference date;2023-12-31;KREISE;Administrative districts;09179;Fürstenfeldbruck, Landkreis;216912;number;BEVSTD;Population;e
12411;Current updating of population figures;STAG;Reference date;2016-12-31;KREISE;Administrative districts;09576;Roth, Landkreis;125563;number;BEVSTD;Population;e
12411;Current updating of population figures;STAG;Reference date;2022-12-31;KREISE;Administrative districts;05966;Olpe, Landkreis;132519;number;BEVSTD;Population;e
12411;Current updating of population figures;STAG;Reference date;2024-12-31;KREISE;Administrative districts;15363;Stendal, Landkreis (until 2007-06-30);-;number;BEVSTD;Population;
12411;Current updating of population figures;STAG;Reference date;2022-12-31;KREISE;Administrative districts;06434;Hochtaunuskreis;238534;number;BEVSTD;Population;e
12411;Current updating of population figures;STAG;Reference date;2017-12-31;KREISE;Administrative districts;03254;Hildesheim, Landkreis;276640;number;BEVSTD;Population;e
12411;Current updating of population figures;STAG;Reference date;2024-12-31;KREISE;Administrative districts;03453;Cloppenburg, Landkreis;177025;number;BEVSTD;Population;e
12411;Current updating of population figures;STAG;Reference date;2020-12-31;KREISE;Administrative districts;14264;Hoyerswerda, kreisfreie Stadt (until 2008-07-31);-;number;BEVSTD;Population;
12411;Current updating of population figures;STAG;Reference date;2016-12-31;KREISE;Administrative districts;05116;Mönchengladbach, kreisfreie Stadt;260925;number;BEVSTD;Population;e
12411;Current updating of population figures;STAG;Reference date;2019-12-31;KREISE;Administrative districts;09276;Regen, Landkreis;77410;number;BEVSTD;Population;e
12411;Current updating of population figures;STAG;Reference date;2022-12-31;KREISE;Administrative districts;08222;Mannheim, kreisfreie Stadt;314961;number;BEVSTD;Population;e
12411;Current updating of population figures;STAG;Reference date;2019-12-31;KREISE;Administrative districts;16053;Jena, kreisfreie Stadt;111343;number;BEVSTD;Population;e
12411;Current updating of population figures;STAG;Reference date;2019-12-31;KREISE;Administrative districts;01004;Neumünster, kreisfreie Stadt;80196;number;BEVSTD;Population;e
12411;Current updating of population figures;STAG;Reference date;2017-12-31;KREISE;Administrative districts;09775;Neu-Ulm, Landkreis;172546;number;BEVSTD;Population;e
12411;Current updating of population figures;STAG;Reference date;2016-12-31;KREISE;Administrative districts;09563;Fürth, kreisfreie Stadt;125403;number;BEVSTD;Population;e
12411;Current updating of population figures;STAG;Reference date;2022-12-31;KREISE;Administrative districts;05570;Warendorf, Landkreis;281090;number;BEVSTD;Population;e
12411;Current updating of population figures;STAG;Reference date;2018-12-31;KREISE;Administrative districts;07339;Mainz-Bingen, Landkreis;210889;number;BEVSTD;Population;e
12411;Current updating of population figures;STAG;Reference date;2025-12-31;KREISE;Administrative districts;08126;Hohenlohekreis;115601;number;BEVSTD;Population;e
12411;Current updating of population figures;STAG;Reference date;2019-12-31;KREISE;Administrative districts;05966;Olpe, Landkreis;133955;number;BEVSTD;Population;e
12411;Current updating of population figures;STAG;Reference date;2022-12-31;KREISE;Administrative districts;03151;Gifhorn, Landkreis;175361;number;BEVSTD;Population;e
12411;Current updating of population figures;STAG;Reference date;2025-12-31;KREISE;Administrative districts;09183;Mühldorf am Inn, Landkreis;122314;number;BEVSTD;Population;e
12411;Current updating of population figures;STAG;Reference date;2016-12-31;KREISE;Administrative districts;16068;Sömmerda, Landkreis;70118;number;BEVSTD;Population;e
12411;Current updating of population figures;STAG;Reference date;2022-12-31;KREISE;Administrative districts;01004;Neumünster, kreisfreie Stadt;78858;number;BEVSTD;Population;e
12411;Current updating of population figures;STAG;Reference date;2022-12-31;KREISE;Administrative districts;08115;Böblingen, Landkreis;391368;number;BEVSTD;Population;e
12411;Current updating of population figures;STAG;Reference date;2019-12-31;KREISE;Administrative districts;05570;Warendorf, Landkreis;277840;number;BEVSTD;Population;e
12411;Current updating of population figures;STAG;Reference date;2025-12-31;KREISE;Administrative districts;05119;Oberhausen, kreisfreie Stadt;213178;number;BEVSTD;Population;e
12411;Current updating of population figures;STAG;Reference date;2017-12-31;KREISE;Administrative districts;07138;Neuwied, Landkreis;181655;number;BEVSTD;Population;e
12411;Current updating of population figures;STAG;Reference date;2023-12-31;KREISE;Administrative districts;08327;Tuttlingen, Landkreis;144955;number;BEVSTD;Population;e
12411;Current updating of population figures;STAG;Reference date;2018-12-31;KREISE;Administrative districts;05382;Rhein-Sieg-Kreis;599780;number;BEVSTD;Population;e
12411;Current updating of population figures;STAG;Reference date;2022-12-31;KREISE;Administrative districts;08235;Calw, Landkreis;160139;number;BEVSTD;Population;e
12411;Current updating of population figures;STAG;Reference date;2016-12-31;KREISE;Administrative districts;12062;Elbe-Elster, Landkreis;104397;number;BEVSTD;Population;e
12411;Current updating of population figures;STAG;Reference date;2023-12-31;KREISE;Administrative districts;12070;Prignitz, Landkreis;76148;number;BEVSTD;Population;e
12411;Current updating of population figures;STAG;Reference date;2020-12-31;KREISE;Administrative districts;09762;Kaufbeuren, kreisfreie Stadt;44662;number;BEVSTD;Population;e
12411;Current updating of population figures;STAG;Reference date;2018-12-31;KREISE;Administrative districts;09780;Oberallgäu, Landkreis;155362;number;BEVSTD;Population;e
12411;Current updating of population figures;STAG;Reference date;2017-12-31;KREISE;Administrative districts;05170;Wesel, Landkreis;460666;number;BEVSTD;Population;e
12411;Current updating of population figures;STAG;Reference date;2016-12-31;KREISE;Administrative districts;16055;Weimar, kreisfreie Stadt;64355;number;BEVSTD;Population;e
12411;Current updating of population figures;STAG;Reference date;2020-12-31;KREISE;Administrative districts;03241;Region Hannover, Landkreis;1155330;number;BEVSTD;Population;e
12411;Current updating of population figures;STAG;Reference date;2024-12-31;KREISE;Administrative districts;08417;Zollernalbkreis;193326;number;BEVSTD;Population;e
12411;Current updating of population figures;STAG;Reference date;2023-12-31;KREISE;Administrative districts;09762;Kaufbeuren, kreisfreie Stadt;46071;number;BEVSTD;Population;e
12411;Current updating of population figures;STAG;Reference date;2022-12-31;KREISE;Administrative districts;03401;Delmenhorst, kreisfreie Stadt;81148;number;BEVSTD;Population;e
12411;Current updating of population figures;STAG;Reference date;2019-12-31;KREISE;Administrative districts;08315;Breisgau-Hochschwarzwald, Landkreis;263601;number;BEVSTD;Population;e
12411;Current updating of population figures;STAG;Reference date;2017-12-31;KREISE;Administrative districts;13003;Rostock, kreisfreie Stadt;208409;number;BEVSTD;Population;e
12411;Current updating of population figures;STAG;Reference date;2021-12-31;KREISE;Administrative districts;03453;Cloppenburg, Landkreis;173980;number;BEVSTD;Population;e
12411;Current updating of population figures;STAG;Reference date;2021-12-31;KREISE;Administrative districts;07339;Mainz-Bingen, Landkreis;212420;number;BEVSTD;Population;e
12411;Current updating of population figures;STAG;Reference date;2018-12-31;KREISE;Administrative districts;14178;Vogtlandkreis (until 2008-07-31);-;number;BEVSTD;Population;
12411;Current updating of population figures;STAG;Reference date;2020-12-31;KREISE;Administrative districts;15355;Bördekreis (until 2007-06-30);-;number;BEVSTD;Population;
12411;Current updating of population figures;STAG;Reference date;2021-12-31;KREISE;Administrative districts;15171;Wittenberg, Landkreis (until 2007-06-30);-;number;BEVSTD;Population;
12411;Current updating of population figures;STAG;Reference date;2017-12-31;KREISE;Administrative districts;05313;Aachen, kreisfreie Stadt (until 2009-10-20);-;number;BEVSTD;Population;
12411;Current updating of population figures;STAG;Reference date;2025-12-31;KREISE;Administrative districts;15202;Halle (Saale), kreisfreie Stadt (until 2007-06-30);-;number;BEVSTD;Population;
12411;Current updating of population figures;STAG;Reference date;2020-12-31;KREISE;Administrative districts;06635;Waldeck-Frankenberg, Landkreis;156528;number;BEVSTD;Population;e
12411;Current updating of population figures;STAG;Reference date;2025-12-31;KREISE;Administrative districts;14627;Meißen, Landkreis;238334;number;BEVSTD;Population;e
12411;Current updating of population figures;STAG;Reference date;2020-12-31;KREISE;Administrative districts;16076;Greiz, Landkreis;96668;number;BEVSTD;Population;e
12411;Current updating of population figures;STAG;Reference date;2020-12-31;KREISE;Administrative districts;09775;Neu-Ulm, Landkreis;175823;number;BEVSTD;Population;e
12411;Current updating of population figures;STAG;Reference date;2016-12-31;KREISE;Administrative districts;09180;Garmisch-Partenkirchen, Landkreis;87877;number;BEVSTD;Population;e
12411;Current updating of population figures;STAG;Reference date;2017-12-31;KREISE;Administrative districts;09272;Freyung-Grafenau, Landkreis;78345;number;BEVSTD;Population;e
12411;Current updating of population figures;STAG;Reference date;2022-12-31;KREISE;Administrative districts;08128;Main-Tauber-Kreis;132793;number;BEVSTD;Population;e
12411;Current updating of population figures;STAG;Reference date;2020-12-31;KREISE;Administrative districts;03254;Hildesheim, Landkreis;275464;number;BEVSTD;Population;e
12411;Current updating of population figures;STAG;Reference date;2020-12-31;KREISE;Administrative districts;05914;Hagen, kreisfreie Stadt;188687;number;BEVSTD;Population;e
12411;Current updating of population figures;STAG;Reference date;2020-12-31;KREISE;Administrative districts;12072;Teltow-Fläming, Landkreis;171554;number;BEVSTD;Population;e
12411;Current updating of population figures;STAG;Reference date;2023-12-31;KREISE;Administrative districts;13054;Ludwigslust, Landkreis (until 2011-09-03);-;number;BEVSTD;Population;
12411;Current updating of population figures;STAG;Reference date;2024-12-31;KREISE;Administrative districts;15003;Magdeburg, kreisfreie Stadt;244329;number;BEVSTD;Population;e
12411;Current updating of population figures;STAG;Reference date;2017-12-31;KREISE;Administrative districts;05566;Steinfurt, Landkreis;446565;number;BEVSTD;Population;e
12411;Current updating of population figures;STAG;Reference date;2018-12-31;KREISE;Administrative districts;03359;Stade, Landkreis;203102;number;BEVSTD;Population;e
12411;Current updating of population figures;STAG;Reference date;2018-12-31;KREISE;Administrative districts;05512;Bottrop, kreisfreie Stadt;117383;number;BEVSTD;Population;e
12411;Current updating of population figures;STAG;Reference date;2018-12-31;KREISE;Administrative districts;13072;Rostock, Landkreis;215113;number;BEVSTD;Population;e
12411;Current updating of population figures;STAG;Reference date;2019-12-31;KREISE;Administrative districts;06434;Hochtaunuskreis;236914;number;BEVSTD;Population;e
12411;Current updating of population figures;STAG;Reference date;2021-12-31;KREISE;Administrative districts;14713;Leipzig, kreisfreie Stadt;601866;number;BEVSTD;Population;e
12411;Current updating of population figures;STAG;Reference date;2021-12-31;KREISE;Administrative districts;09472;Bayreuth, Landkreis;103648;number;BEVSTD;Population;e
12411;Current updating of population figures;STAG;Reference date;2016-12-31;KREISE;Administrative districts;13057;Nordvorpommern, Landkreis (until 2011-09-03);-;number;BEVSTD;Population;
12411;Current updating of population figures;STAG;Reference date;2021-12-31;KREISE;Administrative districts;07314;Ludwigshafen am Rhein, kreisfreie Stadt;172145;number;BEVSTD;Population;e
12411;Current updating of population figures;STAG;Reference date;2018-12-31;KREISE;Administrative districts;09674;Haßberge, Landkreis;84599;number;BEVSTD;Population;e
12411;Current updating of population figures;STAG;Reference date;2020-12-31;KREISE;Administrative districts;09777;Ostallgäu, Landkreis;141907;number;BEVSTD;Population;e
12411;Current updating of population figures;STAG;Reference date;2022-12-31;KREISE;Administrative districts;05117;Mülheim an der Ruhr, kreisfreie Stadt;172054;number;BEVSTD;Population;e
12411;Current updating of population figures;STAG;Reference date;2022-12-31;KREISE;Administrative districts;07131;Ahrweiler, Landkreis;127881;number;BEVSTD;Population;e
12411;Current updating of population figures;STAG;Reference date;2025-12-31;KREISE;Administrative districts;09671;Aschaffenburg, Landkreis;170120;number;BEVSTD;Population;e
12411;Current updating of population figures;STAG;Reference date;2019-12-31;KREISE;Administrative districts;15083;Börde, Landkreis;170923;number;BEVSTD;Population;e
12411;Current updating of population figures;STAG;Reference date;2023-12-31;KREISE;Administrative districts;09763;Kempten (Allgäu), kreisfreie Stadt;65933;number;BEVSTD;Population;e
12411;Current updating of population figures;STAG;Reference date;2016-12-31;KREISE;Administrative districts;15084;Burgenlandkreis;183174;number;BEVSTD;Population;e
12411;Current updating of population figures;STAG;Reference date;2022-12-31;KREISE;Administrative districts;09672;Bad Kissingen, Landkreis;103088;number;BEVSTD;Population;e
12411;Current updating of population figures;STAG;Reference date;2023-12-31;KREISE;Administrative districts;13056;Müritz, Landkreis (until 2011-09-03);-;number;BEVSTD;Population;
12411;Current updating of population figures;STAG;Reference date;2023-12-31;KREISE;Administrative districts;15357;Halberstadt, Landkreis (until 2007-06-30);-;number;BEVSTD;Population;
12411;Current updating of population figures;STAG;Reference date;2018-12-31;KREISE;Administrative districts;13074;Nordwestmecklenburg, Landkreis;156729;number;BEVSTD;Population;e
12411;Current updating of population figures;STAG;Reference date;2023-12-31;KREISE;Administrative districts;15081;Altmarkkreis Salzwedel;80780;number;BEVSTD;Population;e
12411;Current updating of population figures;STAG;Reference date;2025-12-31;KREISE;Administrative districts;07143;Westerwaldkreis;207683;number;BEVSTD;Population;e
12411;Current updating of population figures;STAG;Reference date;2025-12-31;KREISE;Administrative districts;14628;Sächsische Schweiz-Osterzgebirge, Landkreis;242471;number;BEVSTD;Population;e
12411;Current updating of population figures;STAG;Reference date;2020-12-31;KREISE;Administrative districts;15369;Wernigerode, Landkreis (until 2007-06-30);-;number;BEVSTD;Population;
12411;Current updating of population figures;STAG;Reference date;2025-12-31;KREISE;Administrative districts;08128;Main-Tauber-Kreis;132876;number;BEVSTD;Population;e
12411;Current updating of population figures;STAG;Reference date;2025-12-31;KREISE;Administrative districts;13071;Mecklenburgische Seenplatte, Landkreis;245998;number;BEVSTD;Population;e
12411;Current updating of population figures;STAG;Reference date;2022-12-31;KREISE;Administrative districts;09565;Schwabach, kreisfreie Stadt;40812;number;BEVSTD;Population;e
12411;Current updating of population figures;STAG;Reference date;2023-12-31;KREISE;Administrative districts;07235;Trier-Saarburg, Landkreis;149056;number;BEVSTD;Population;e
12411;Current updating of population figures;STAG;Reference date;2019-12-31;KREISE;Administrative districts;13058;Nordwestmecklenburg, Landkreis (until 2011-09-03);-;number;BEVSTD;Population;
12411;Current updating of population figures;STAG;Reference date;2020-12-31;KREISE;Administrative districts;09274;Landshut, Landkreis;161191;number;BEVSTD;Population;e
12411;Current updating of population figures;STAG;Reference date;2020-12-31;KREISE;Administrative districts;13055;Mecklenburg-Strelitz, Landkreis (until 2011-09-03);-;number;BEVSTD;Population;
12411;Current updating of population figures;STAG;Reference date;2017-12-31;KREISE;Administrative districts;08336;Lörrach, Landkreis;228314;number;BEVSTD;Population;e
12411;Current updating of population figures;STAG;Reference date;2020-12-31;KREISE;Administrative districts;09261;Landshut, kreisfreie Stadt;73065;number;BEVSTD;Population;e
12411;Current updating of population figures;STAG;Reference date;2024-12-31;KREISE;Administrative districts;16072;Sonneberg, Landkreis;54964;number;BEVSTD;Population;e
12411;Current updating of population figures;STAG;Reference date;2024-12-31;KREISE;Administrative districts;01059;Schleswig-Flensburg, Landkreis;205472;number;BEVSTD;Population;e
12411;Current updating of population figures;STAG;Reference date;2019-12-31;KREISE;Administrative districts;04012;Bremerhaven, kreisfreie Stadt;113643;number;BEVSTD;Population;e
12411;Current updating of population figures;STAG;Reference date;2025-12-31;KREISE;Administrative districts;09181;Landsberg am Lech, Landkreis;122307;number;BEVSTD;Population;e
12411;Current updating of population figures;STAG;Reference date;2017-12-31;KREISE;Administrative districts;09178;Freising, Landkreis;177997;number;BEVSTD;Population;e
12411;Current updating of population figures;STAG;Reference date;2018-12-31;KREISE;Administrative districts;15362;Ohrekreis (until 2007-06-30);-;number;BEVSTD;Population;
12411;Current updating of population figures;STAG;Reference date;2023-12-31;KREISE;Administrative districts;09776;Lindau (Bodensee), Landkreis;82224;number;BEVSTD;Population;e
12411;Current updating of population figures;STAG;Reference date;2025-12-31;KREISE;Administrative districts;14365;Leipzig, kreisfreie Stadt (until 2008-07-31);-;number;BEVSTD;Population;
12411;Current updating of population figures;STAG;Reference date;2024-12-31;KREISE;Administrative districts;07315;Mainz, kreisfreie Stadt;224684;number;BEVSTD;Population;e
12411;Current updating of population figures;STAG;Reference date;2018-12-31;KREISE;Administrative districts;09661;Aschaffenburg, kreisfreie Stadt;70527;number;BEVSTD;Population;e
12411;Current updating of population figures;STAG;Reference date;2016-12-31;KREISE;Administrative districts;01003;Lübeck, kreisfreie Stadt;216712;number;BEVSTD;Population;e
12411;Current updating of population figures;STAG;Reference date;2018-12-31;KREISE;Administrative districts;09184;München, Landkreis;348871;number;BEVSTD;Population;e
12411;Current updating of population figures;STAG;Reference date;2016-12-31;KREISE;Administrative districts;05978;Unna, Landkreis;393869;number;BEVSTD;Population;e
12411;Current updating of population figures;STAG;Reference date;2017-12-31;KREISE;Administrative districts;06632;Hersfeld-Rotenburg, Landkreis;121101;number;BEVSTD;Population;e
12411;Current updating of population figures;STAG;Reference date;2017-12-31;KREISE;Administrative districts;03252;Hameln-Pyrmont, Landkreis;148296;number;BEVSTD;Population;e
12411;Current updating of population figures;STAG;Reference date;2024-12-31;KREISE;Administrative districts;03201;Hannover, kreisfreie Stadt (until 2001-10-31);-;number;BEVSTD;Population;
12411;Current updating of population figures;STAG;Reference date;2018-12-31;KREISE;Administrative districts;03452;Aurich, Landkreis;189848;number;BEVSTD;Population;e
12411;Current updating of population figures;STAG;Reference date;2020-12-31;KREISE;Administrative districts;10045;Saarpfalz-Kreis;141656;number;BEVSTD;Population;e
12411;Current updating of population figures;STAG;Reference date;2016-12-31;KREISE;Administrative districts;06432;Darmstadt-Dieburg, Landkreis;294744;number;BEVSTD;Population;e
12411;Current updating of population figures;STAG;Reference date;2017-12-31;KREISE;Administrative districts;08216;Rastatt, Landkreis;230216;number;BEVSTD;Population;e
12411;Current updating of population figures;STAG;Reference date;2018-12-31;KREISE;Administrative districts;09171;Altötting, Landkreis;111210;number;BEVSTD;Population;e
12411;Current updating of population figures;STAG;Reference date;2018-12-31;KREISE;Administrative districts;08416;Tübingen, Landkreis;227331;number;BEVSTD;Population;e
12411;Current updating of population figures;STAG;Reference date;2019-12-31;KREISE;Administrative districts;16055;Weimar, kreisfreie Stadt;65228;number;BEVSTD;Population;e
12411;Current updating of population figures;STAG;Reference date;2019-12-31;KREISE;Administrative districts;01002;Kiel, kreisfreie Stadt;246794;number;BEVSTD;Population;e
12411;Current updating of population figures;STAG;Reference date;2024-12-31;KREISE;Administrative districts;05515;Münster, kreisfreie Stadt;308258;number;BEVSTD;Population;e
12411;Current updating of population figures;STAG;Reference date;2016-12-31;KREISE;Administrative districts;08125;Heilbronn, Landkreis;337571;number;BEVSTD;Population;e
12411;Current updating of population figures;STAG;Reference date;2025-12-31;KREISE;Administrative districts;09577;Weißenburg-Gunzenhausen, Landkreis;94407;number;BEVSTD;Population;e
12411;Current updating of population figures;STAG;Reference date;2016-12-31;KREISE;Administrative districts;14375;Döbeln, Landkreis (until 2008-07-31);-;number;BEVSTD;Population;
12411;Current updating of population figures;STAG;Reference date;2018-12-31;KREISE;Administrative districts;15268;Weißenfels, Landkreis (until 2007-06-30);-;number;BEVSTD;Population;
12411;Current updating of population figures;STAG;Reference date;2019-12-31;KREISE;Administrative districts;09371;Amberg-Sulzbach, Landkreis;103049;number;BEVSTD;Population;e
12411;Current updating of population figures;STAG;Reference date;2023-12-31;KREISE;Administrative districts;03256;Nienburg (Weser), Landkreis;121723;number;BEVSTD;Population;e
12411;Current updating of population figures;STAG;Reference date;2020-12-31;KREISE;Administrative districts;08326;Schwarzwald-Baar-Kreis;212872;number;BEVSTD;Population;e
12411;Current updating of population figures;STAG;Reference date;2017-12-31;KREISE;Administrative districts;09761;Augsburg, kreisfreie Stadt;292851;number;BEVSTD;Population;e
12411;Current updating of population figures;STAG;Reference date;2023-12-31;KREISE;Administrative districts;09273;Kelheim, Landkreis;125597;number;BEVSTD;Population;e
12411;Current updating of population figures;STAG;Reference date;2016-12-31;KREISE;Administrative districts;04011;Bremen, kreisfreie Stadt;565719;number;BEVSTD;Population;e
12411;Current updating of population figures;STAG;Reference date;2017-12-31;KREISE;Administrative districts;07340;Südwestpfalz, Landkreis;95474;number;BEVSTD;Population;e
12411;Current updating of population figures;STAG;Reference date;2020-12-31;KREISE;Administrative districts;05316;Leverkusen, kreisfreie Stadt;163905;number;BEVSTD;Population;e
12411;Current updating of population figures;STAG;Reference date;2019-12-31;KREISE;Administrative districts;14626;Görlitz, Landkreis;252725;number;BEVSTD;Population;e
12411;Current updating of population figures;STAG;Reference date;2019-12-31;KREISE;Administrative districts;12062;Elbe-Elster, Landkreis;101827;number;BEVSTD;Population;e
12411;Current updating of population figures;STAG;Reference date;2025-12-31;KREISE;Administrative districts;03151;Gifhorn, Landkreis;175518;number;BEVSTD;Population;e
12411;Current updating of population figures;STAG;Reference date;2019-12-31;KREISE;Administrative districts;16068;Sömmerda, Landkreis;69427;number;BEVSTD;Population;e
12411;Current updating of population figures;STAG;Reference date;2018-12-31;KREISE;Administrative districts;07311;Frankenthal (Pfalz), kreisfreie Stadt;48561;number;BEVSTD;Population;e
12411;Current updating of population figures;STAG;Reference date;2025-12-31;KREISE;Administrative districts;09564;Nürnberg, kreisfreie Stadt;531159;number;BEVSTD;Population;e
12411;Current updating of population figures;STAG;Reference date;2016-12-31;KREISE;Administrative districts;07140;Rhein-Hunsrück-Kreis;103026;number;BEVSTD;Population;e
12411;Current updating of population figures;STAG;Reference date;2021-12-31;KREISE;Administrative districts;05120;Remscheid, kreisfreie Stadt;111770;number;BEVSTD;Population;e
12411;Current updating of population figures;STAG;Reference date;2024-12-31;KREISE;Administrative districts;09473;Coburg, Landkreis;84468;number;BEVSTD;Population;e
12411;Current updating of population figures;STAG;Reference date;2022-12-31;KREISE;Administrative districts;09182;Miesbach, Landkreis;96557;number;BEVSTD;Population;e
12411;Current updating of population figures;STAG;Reference date;2022-12-31;KREISE;Administrative districts;14161;Chemnitz, kreisfreie Stadt (until 2008-07-31);-;number;BEVSTD;Population;
12411;Current updating of population figures;STAG;Reference date;2018-12-31;KREISE;Administrative districts;15002;Halle (Saale), kreisfreie Stadt;239257;number;BEVSTD;Population;e
12411;Current updating of population figures;STAG;Reference date;2018-12-31;KREISE;Administrative districts;07312;Kaiserslautern, kreisfreie Stadt;99845;number;BEVSTD;Population;e
12411;Current updating of population figures;STAG;Reference date;2016-12-31;KREISE;Administrative districts;07141;Rhein-Lahn-Kreis;122553;number;BEVSTD;Population;e
12411;Current updating of population figures;STAG;Reference date;2022-12-31;KREISE;Administrative districts;08221;Heidelberg, kreisfreie Stadt;154570;number;BEVSTD;Population;e
12411;Current updating of population figures;STAG;Reference date;2020-12-31;KREISE;Administrative districts;05913;Dortmund, kreisfreie Stadt;587696;number;BEVSTD;Population;e
12411;Current updating of population figures;STAG;Reference date;2025-12-31;KREISE;Administrative districts;06436;Main-Taunus-Kreis;238783;number;BEVSTD;Population;e
12411;Current updating of population figures;STAG;Reference date;2020-12-31;KREISE;Administrative districts;05770;Minden-Lübbecke, Landkreis;310270;number;BEVSTD;Population;e
12411;Current updating of population figures;STAG;Reference date;2021-12-31;KREISE;Administrative districts;12069;Potsdam-Mittelmark, Landkreis;219521;number;BEVSTD;Population;e
12411;Current updating of population figures;STAG;Reference date;2016-12-31;KREISE;Administrative districts;14389;Torgau-Oschatz, Landkreis (until 2008-07-31);-;number;BEVSTD;Population;
12411;Current updating of population figures;STAG;Reference date;2017-12-31;KREISE;Administrative districts;09774;Günzburg, Landkreis;124519;number;BEVSTD;Population;e
12411;Current updating of population figures;STAG;Reference date;2020-12-31;KREISE;Administrative districts;16051;Erfurt, kreisfreie Stadt;213692;number;BEVSTD;Population;e
12411;Current updating of population figures;STAG;Reference date;2016-12-31;KREISE;Administrative districts;09562;Erlangen, kreisfreie Stadt;110238;number;BEVSTD;Population;e
12411;Current updating of population figures;STAG;Reference date;2018-12-31;KREISE;Administrative districts;14284;Niederschlesischer Oberlausitzkreis (b.31.07.2008);-;number;BEVSTD;Population;
12411;Current updating of population figures;STAG;Reference date;2019-12-31;KREISE;Administrative districts;14389;Torgau-Oschatz, Landkreis (until 2008-07-31);-;number;BEVSTD;Population;
12411;Current updating of population figures;STAG;Reference date;2017-12-31;KREISE;Administrative districts;07233;Vulkaneifel, Landkreis;60705;number;BEVSTD;Population;e
12411;Current updating of population figures;STAG;Reference date;2018-12-31;KREISE;Administrative districts;14177;Freiberg, Landkreis (until 2008-07-31);-;number;BEVSTD;Population;
12411;Current updating of population figures;STAG;Reference date;2020-12-31;KREISE;Administrative districts;16064;Unstrut-Hainich-Kreis;101698;number;BEVSTD;Population;e
12411;Current updating of population figures;STAG;Reference date;2024-12-31;KREISE;Administrative districts;15364;Quedlinburg, Landkreis (until 2007-06-30);-;number;BEVSTD;Population;
12411;Current updating of population figures;STAG;Reference date;2017-12-31;KREISE;Administrative districts;05314;Bonn, kreisfreie Stadt;325490;number;BEVSTD;Population;e
12411;Current updating of population figures;STAG;Reference date;2022-12-31;KREISE;Administrative districts;05954;Ennepe-Ruhr-Kreis;315325;number;BEVSTD;Population;e
12411;Current updating of population figures;STAG;Reference date;2019-12-31;KREISE;Administrative districts;09277;Rottal-Inn, Landkreis;121502;number;BEVSTD;Population;e
12411;Current updating of population figures;STAG;Reference date;2025-12-31;KREISE;Administrative districts;15086;Jerichower Land, Landkreis;88356;number;BEVSTD;Population;e
12411;Current updating of population figures;STAG;Reference date;2019-12-31;KREISE;Administrative districts;16054;Suhl, kreisfreie Stadt;36789;number;BEVSTD;Population;e
12411;Current updating of population figures;STAG;Reference date;2018-12-31;KREISE;Administrative districts;01057;Plön, Landkreis;128647;number;BEVSTD;Population;e
12411;Current updating of population figures;STAG;Reference date;2023-12-31;KREISE;Administrative districts;05913;Dortmund, kreisfreie Stadt;601343;number;BEVSTD;Population;e
12411;Current updating of population figures;STAG;Reference date;2019-12-31;KREISE;Administrative districts;07141;Rhein-Lahn-Kreis;122297;number;BEVSTD;Population;e
12411;Current updating of population figures;STAG;Reference date;2018-12-31;KREISE;Administrative districts;07338;Rhein-Pfalz-Kreis;154201;number;BEVSTD;Population;e
12411;Current updating of population figures;STAG;Reference date;2018-12-31;KREISE;Administrative districts;09185;Neuburg-Schrobenhausen, Landkreis;96680;number;BEVSTD;Population;e
12411;Current updating of population figures;STAG;Reference date;2023-12-31;KREISE;Administrative districts;05770;Minden-Lübbecke, Landkreis;320925;number;BEVSTD;Population;e
12411;Current updating of population figures;STAG;Reference date;2016-12-31;KREISE;Administrative districts;09575;Neustadt an der Aisch-Bad Windsheim, Landkreis;99332;number;BEVSTD;Population;e
12411;Current updating of population figures;STAG;Reference date;2022-12-31;KREISE;Administrative districts;06435;Main-Kinzig-Kreis;415753;number;BEVSTD;Population;e
12411;Current updating of population figures;STAG;Reference date;2017-12-31;KREISE;Administrative districts;03253;Hannover, Landkreis (until 2001-10-31);-;number;BEVSTD;Population;
12411;Current updating of population figures;STAG;Reference date;2024-12-31;KREISE;Administrative districts;03454;Emsland, Landkreis;334539;number;BEVSTD;Population;e
12411;Current updating of population figures;STAG;Reference date;2016-12-31;KREISE;Administrative districts;12061;Dahme-Spreewald, Landkreis;166074;number;BEVSTD;Population;e
12411;Current updating of population figures;STAG;Reference date;2022-12-31;KREISE;Administrative districts;08127;Schwäbisch Hall, Landkreis;198650;number;BEVSTD;Population;e
12411;Current updating of population figures;STAG;Reference date;2016-12-31;KREISE;Administrative districts;14625;Bautzen, Landkreis;304691;number;BEVSTD;Population;e
12411;Current updating of population figures;STAG;Reference date;2023-12-31;KREISE;Administrative districts;12071;Spree-Neiße, Landkreis;110580;number;BEVSTD;Population;e
12411;Current updating of population figures;STAG;Reference date;2025-12-31;KREISE;Administrative districts;09182;Miesbach, Landkreis;96924;number;BEVSTD;Population;e
12411;Current updating of population figures;STAG;Reference date;2020-12-31;KREISE;Administrative districts;03255;Holzminden, Landkreis;70207;number;BEVSTD;Population;e
12411;Current updating of population figures;STAG;Reference date;2018-12-31;KREISE;Administrative districts;05370;Heinsberg, Landkreis;254322;number;BEVSTD;Population;e
12411;Current updating of population figures;STAG;Reference date;2020-12-31;KREISE;Administrative districts;12071;Spree-Neiße, Landkreis;113011;number;BEVSTD;Population;e
12411;Current updating of population figures;STAG;Reference date;2018-12-31;KREISE;Administrative districts;05513;Gelsenkirchen, kreisfreie Stadt;260654;number;BEVSTD;Population;e
12411;Current updating of population figures;STAG;Reference date;2023-12-31;KREISE;Administrative districts;06634;Schwalm-Eder-Kreis;180368;number;BEVSTD;Population;e
12411;Current updating of population figures;STAG;Reference date;2016-12-31;KREISE;Administrative districts;14612;Dresden, kreisfreie Stadt;547172;number;BEVSTD;Population;e
12411;Current updating of population figures;STAG;Reference date;2016-12-31;KREISE;Administrative districts;16067;Gotha, Landkreis;135430;number;BEVSTD;Population;e
12411;Current updating of population figures;STAG;Reference date;2020-12-31;KREISE;Administrative districts;06634;Schwalm-Eder-Kreis;179840;number;BEVSTD;Population;e
12411;Current updating of population figures;STAG;Reference date;2023-12-31;KREISE;Administrative districts;08326;Schwarzwald-Baar-Kreis;213922;number;BEVSTD;Population;e
12411;Current updating of population figures;STAG;Reference date;2017-12-31;KREISE;Administrative districts;09271;Deggendorf, Landkreis;118741;number;BEVSTD;Population;e
12411;Current updating of population figures;STAG;Reference date;2020-12-31;KREISE;Administrative districts;09763;Kempten (Allgäu), kreisfreie Stadt;68940;number;BEVSTD;Population;e
12411;Current updating of population figures;STAG;Reference date;2022-12-31;KREISE;Administrative districts;09671;Aschaffenburg, Landkreis;170651;number;BEVSTD;Population;e
12411;Current updating of population figures;STAG;Reference date;2019-12-31;KREISE;Administrative districts;08436;Ravensburg, Landkreis;285424;number;BEVSTD;Population;e
12411;Current updating of population figures;STAG;Reference date;2024-12-31;KREISE;Administrative districts;13001;Greifswald, kreisfreie Stadt (until 2011-09-03);-;number;BEVSTD;Population;
12411;Current updating of population figures;STAG;Reference date;2018-12-31;KREISE;Administrative districts;03358;Heidekreis;139755;number;BEVSTD;Population;e
12411;Current updating of population figures;STAG;Reference date;2018-12-31;KREISE;Administrative districts;13073;Vorpommern-Rügen, Landkreis;224684;number;BEVSTD;Population;e
12411;Current updating of population figures;STAG;Reference date;2016-12-31;KREISE;Administrative districts;16054;Suhl, kreisfreie Stadt;35608;number;BEVSTD;Population;e
12411;Current updating of population figures;STAG;Reference date;2019-12-31;KREISE;Administrative districts;06433;Groß-Gerau, Landkreis;275726;number;BEVSTD;Population;e
12411;Current updating of population figures;STAG;Reference date;2023-12-31;KREISE;Administrative districts;01061;Steinburg, Landkreis;132447;number;BEVSTD;Population;e
12411;Current updating of population figures;STAG;Reference date;2025-12-31;KREISE;Administrative districts;05358;Düren, Landkreis;279492;number;BEVSTD;Population;e
12411;Current updating of population figures;STAG;Reference date;2016-12-31;KREISE;Administrative districts;13058;Nordwestmecklenburg, Landkreis (until 2011-09-03);-;number;BEVSTD;Population;
12411;Current updating of population figures;STAG;Reference date;2017-12-31;KREISE;Administrative districts;05554;Borken, Landkreis;369718;number;BEVSTD;Population;e
12411;Current updating of population figures;STAG;Reference date;2025-12-31;KREISE;Administrative districts;08221;Heidelberg, kreisfreie Stadt;156092;number;BEVSTD;Population;e
12411;Current updating of population figures;STAG;Reference date;2017-12-31;KREISE;Administrative districts;13004;Schwerin, kreisfreie Stadt;95797;number;BEVSTD;Population;e
12411;Current updating of population figures;STAG;Reference date;2021-12-31;KREISE;Administrative districts;03454;Emsland, Landkreis;331397;number;BEVSTD;Population;e
12411;Current updating of population figures;STAG;Reference date;2018-12-31;KREISE;Administrative districts;13060;Parchim, Landkreis (until 2011-09-03);-;number;BEVSTD;Population;
12411;Current updating of population figures;STAG;Reference date;2023-12-31;KREISE;Administrative districts;10046;Sankt Wendel, Landkreis;88056;number;BEVSTD;Population;e
12411;Current updating of population figures;STAG;Reference date;2021-12-31;KREISE;Administrative districts;03201;Hannover, kreisfreie Stadt (until 2001-10-31);-;number;BEVSTD;Population;
12411;Current updating of population figures;STAG;Reference date;2019-12-31;KREISE;Administrative districts;08316;Emmendingen, Landkreis;166408;number;BEVSTD;Population;e
12411;Current updating of population figures;STAG;Reference date;2017-12-31;KREISE;Administrative districts;03159;Göttingen, Landkreis;328036;number;BEVSTD;Population;e
12411;Current updating of population figures;STAG;Reference date;2018-12-31;KREISE;Administrative districts;05766;Lippe, Landkreis;348391;number;BEVSTD;Population;e
12411;Current updating of population figures;STAG;Reference date;2020-12-31;KREISE;Administrative districts;16077;Altenburger Land, Landkreis;88356;number;BEVSTD;Population;e
12411;Current updating of population figures;STAG;Reference date;2020-12-31;KREISE;Administrative districts;09776;Lindau (Bodensee), Landkreis;82085;number;BEVSTD;Population;e
12411;Current updating of population figures;STAG;Reference date;2019-12-31;KREISE;Administrative districts;05978;Unna, Landkreis;394891;number;BEVSTD;Population;e
12411;Current updating of population figures;STAG;Reference date;2017-12-31;KREISE;Administrative districts;14626;Görlitz, Landkreis;256587;number;BEVSTD;Population;e
12411;Current updating of population figures;STAG;Reference date;2018-12-31;KREISE;Administrative districts;03460;Vechta, Landkreis;141598;number;BEVSTD;Population;e
12411;Current updating of population figures;STAG;Reference date;2017-12-31;KREISE;Administrative districts;03403;Oldenburg (Oldenburg), kreisfreie Stadt;167081;number;BEVSTD;Population;e
12411;Current updating of population figures;STAG;Reference date;2023-12-31;KREISE;Administrative districts;09185;Neuburg-Schrobenhausen, Landkreis;98967;number;BEVSTD;Population;e
12411;Current updating of population figures;STAG;Reference date;2024-12-31;KREISE;Administrative districts;14166;Plauen, kreisfreie Stadt (until 2008-07-31);-;number;BEVSTD;Population;
12411;Current updating of population figures;STAG;Reference date;2018-12-31;KREISE;Administrative districts;09662;Schweinfurt, kreisfreie Stadt;54032;number;BEVSTD;Population;e
12411;Current updating of population figures;STAG;Reference date;2025-12-31;KREISE;Administrative districts;07318;Speyer, kreisfreie Stadt;49035;number;BEVSTD;Population;e
12411;Current updating of population figures;STAG;Reference date;2024-12-31;KREISE;Administrative districts;15303;Magdeburg, kreisfreie Stadt (until 2007-06-30);-;number;BEVSTD;Population;
12411;Current updating of population figures;STAG;Reference date;2023-12-31;KREISE;Administrative districts;09172;Berchtesgadener Land, Landkreis;105108;number;BEVSTD;Population;e
12411;Current updating of population figures;STAG;Reference date;2025-12-31;KREISE;Administrative districts;06440;Wetteraukreis;310526;number;BEVSTD;Population;e
12411;Current updating of population figures;STAG;Reference date;2020-12-31;KREISE;Administrative districts;06433;Groß-Gerau, Landkreis;275807;number;BEVSTD;Population;e
12411;Current updating of population figures;STAG;Reference date;2016-12-31;KREISE;Administrative districts;03456;Grafschaft Bentheim, Landkreis;135770;number;BEVSTD;Population;e
12411;Current updating of population figures;STAG;Reference date;2017-12-31;KREISE;Administrative districts;12073;Uckermark, Landkreis;120349;number;BEVSTD;Population;e
12411;Current updating of population figures;STAG;Reference date;2018-12-31;KREISE;Administrative districts;09675;Kitzingen, Landkreis;90909;number;BEVSTD;Population;e
12411;Current updating of population figures;STAG;Reference date;2021-12-31;KREISE;Administrative districts;09275;Passau, Landkreis;194090;number;BEVSTD;Population;e
12411;Current updating of population figures;STAG;Reference date;2025-12-31;KREISE;Administrative districts;15266;Sangerhausen, Landkreis (until 2007-06-30);-;number;BEVSTD;Population;
12411;Current updating of population figures;STAG;Reference date;2018-12-31;KREISE;Administrative districts;03353;Harburg, Landkreis;252776;number;BEVSTD;Population;e
12411;Current updating of population figures;STAG;Reference date;2017-12-31;KREISE;Administrative districts;06415;Hanau, kreisfreie Stadt;-;number;BEVSTD;Population;
12411;Current updating of population figures;STAG;Reference date;2017-12-31;KREISE;Administrative districts;12060;Barnim, Landkreis;180864;number;BEVSTD;Population;e
12411;Current updating of population figures;STAG;Reference date;2016-12-31;KREISE;Administrative districts;08135;Heidenheim, Landkreis;131498;number;BEVSTD;Population;e
12411;Current updating of population figures;STAG;Reference date;2017-12-31;KREISE;Administrative districts;08215;Karlsruhe, Landkreis;442673;number;BEVSTD;Population;e
12411;Current updating of population figures;STAG;Reference date;2017-12-31;KREISE;Administrative districts;09177;Erding, Landkreis;136884;number;BEVSTD;Population;e
12411;Current updating of population figures;STAG;Reference date;2024-12-31;KREISE;Administrative districts;09372;Cham, Landkreis;128534;number;BEVSTD;Population;e
12411;Current updating of population figures;STAG;Reference date;2018-12-31;KREISE;Administrative districts;08415;Reutlingen, Landkreis;286748;number;BEVSTD;Population;e
12411;Current updating of population figures;STAG;Reference date;2025-12-31;KREISE;Administrative districts;09572;Erlangen-Höchstadt, Landkreis;138365;number;BEVSTD;Population;e
12411;Current updating of population figures;STAG;Reference date;2021-12-31;KREISE;Administrative districts;16070;Ilm-Kreis;105367;number;BEVSTD;Population;e
12411;Current updating of population figures;STAG;Reference date;2016-12-31;KREISE;Administrative districts;01059;Schleswig-Flensburg, Landkreis;198685;number;BEVSTD;Population;e
12411;Current updating of population figures;STAG;Reference date;2017-12-31;KREISE;Administrative districts;08335;Konstanz, Landkreis;284015;number;BEVSTD;Population;e
12411;Current updating of population figures;STAG;Reference date;2019-12-31;KREISE;Administrative districts;14523;Vogtlandkreis;225997;number;BEVSTD;Population;e
12411;Current updating of population figures;STAG;Reference date;2024-12-31;KREISE;Administrative districts;14286;Löbau-Zittau, Landkreis (until 2008-07-31);-;number;BEVSTD;Population;
12411;Current updating of population figures;STAG;Reference date;2022-12-31;KREISE;Administrative districts;16069;Hildburghausen, Landkreis;61271;number;BEVSTD;Population;e
12411;Current updating of population figures;STAG;Reference date;2022-12-31;KREISE;Administrative districts;07315;Mainz, kreisfreie Stadt;221516;number;BEVSTD;Population;e
12411;Current updating of population figures;STAG;Reference date;2022-12-31;KREISE;Administrative districts;01054;Nordfriesland, Landkreis;168886;number;BEVSTD;Population;e
12411;Current updating of population figures;STAG;Reference date;2018-12-31;KREISE;Administrative districts;09172;Berchtesgadener Land, Landkreis;105722;number;BEVSTD;Population;e
12411;Current updating of population figures;STAG;Reference date;2021-12-31;KREISE;Administrative districts;03251;Diepholz, Landkreis;218839;number;BEVSTD;Population;e
12411;Current updating of population figures;STAG;Reference date;2021-12-31;KREISE;Administrative districts;07235;Trier-Saarburg, Landkreis;151167;number;BEVSTD;Population;e
12411;Current updating of population figures;STAG;Reference date;2019-12-31;KREISE;Administrative districts;14286;Löbau-Zittau, Landkreis (until 2008-07-31);-;number;BEVSTD;Population;
12411;Current updating of population figures;STAG;Reference date;2025-12-31;KREISE;Administrative districts;05122;Solingen, kreisfreie Stadt;164621;number;BEVSTD;Population;e
12411;Current updating of population figures;STAG;Reference date;2017-12-31;KREISE;Administrative districts;14389;Torgau-Oschatz, Landkreis (until 2008-07-31);-;number;BEVSTD;Population;
12411;Current updating of population figures;STAG;Reference date;2019-12-31;KREISE;Administrative districts;09372;Cham, Landkreis;127998;number;BEVSTD;Population;e
12411;Current updating of population figures;STAG;Reference date;2022-12-31;KREISE;Administrative districts;12073;Uckermark, Landkreis;117822;number;BEVSTD;Population;e
12411;Current updating of population figures;STAG;Reference date;2017-12-31;KREISE;Administrative districts;06535;Vogelsbergkreis;106451;number;BEVSTD;Population;e
12411;Current updating of population figures;STAG;Reference date;2017-12-31;KREISE;Administrative districts;03153;Goslar, Landkreis;137563;number;BEVSTD;Population;e
12411;Current updating of population figures;STAG;Reference date;2020-12-31;KREISE;Administrative districts;08126;Hohenlohekreis;112765;number;BEVSTD;Population;e
12411;Current updating of population figures;STAG;Reference date;2022-12-31;KREISE;Administrative districts;16056;Eisenach, kreisfreie Stadt (until 2021-06-30);-;number;BEVSTD;Population;
12411;Current updating of population figures;STAG;Reference date;2021-12-31;KREISE;Administrative districts;08326;Schwarzwald-Baar-Kreis;213385;number;BEVSTD;Population;e
12411;Current updating of population figures;STAG;Reference date;2021-12-31;KREISE;Administrative districts;15001;Dessau-Roßlau, kreisfreie Stadt;78731;number;BEVSTD;Population;e
12411;Current updating of population figures;STAG;Reference date;2019-12-31;KREISE;Administrative districts;14166;Plauen, kreisfreie Stadt (until 2008-07-31);-;number;BEVSTD;Population;
12411;Current updating of population figures;STAG;Reference date;2016-12-31;KREISE;Administrative districts;16070;Ilm-Kreis;109167;number;BEVSTD;Population;e
12411;Current updating of population figures;STAG;Reference date;2020-12-31;KREISE;Administrative districts;05711;Bielefeld, kreisfreie Stadt;333509;number;BEVSTD;Population;e
12411;Current updating of population figures;STAG;Reference date;2021-12-31;KREISE;Administrative districts;06633;Kassel, Landkreis;237268;number;BEVSTD;Population;e
12411;Current updating of population figures;STAG;Reference date;2023-12-31;KREISE;Administrative districts;13004;Schwerin, kreisfreie Stadt;97850;number;BEVSTD;Population;e
12411;Current updating of population figures;STAG;Reference date;2017-12-31;KREISE;Administrative districts;10046;Sankt Wendel, Landkreis;87867;number;BEVSTD;Population;e
12411;Current updating of population figures;STAG;Reference date;2024-12-31;KREISE;Administrative districts;05162;Rhein-Kreis Neuss;457077;number;BEVSTD;Population;e
12411;Current updating of population figures;STAG;Reference date;2018-12-31;KREISE;Administrative districts;14193;Zwickauer Land, Landkreis (until 2008-07-31);-;number;BEVSTD;Population;
12411;Current updating of population figures;STAG;Reference date;2024-12-31;KREISE;Administrative districts;09278;Straubing-Bogen, Landkreis;103041;number;BEVSTD;Population;e
12411;Current updating of population figures;STAG;Reference date;2025-12-31;KREISE;Administrative districts;09478;Lichtenfels, Landkreis;67114;number;BEVSTD;Population;e
12411;Current updating of population figures;STAG;Reference date;2021-12-31;KREISE;Administrative districts;05911;Bochum, kreisfreie Stadt;363441;number;BEVSTD;Population;e
12411;Current updating of population figures;STAG;Reference date;2024-12-31;KREISE;Administrative districts;13074;Nordwestmecklenburg, Landkreis;156692;number;BEVSTD;Population;e
12411;Current updating of population figures;STAG;Reference date;2025-12-31;KREISE;Administrative districts;05758;Herford, Landkreis;253431;number;BEVSTD;Population;e
12411;Current updating of population figures;STAG;Reference date;2022-12-31;KREISE;Administrative districts;03451;Ammerland, Landkreis;126390;number;BEVSTD;Population;e
12411;Current updating of population figures;STAG;Reference date;2024-12-31;KREISE;Administrative districts;05558;Coesfeld, Landkreis;227859;number;BEVSTD;Population;e
12411;Current updating of population figures;STAG;Reference date;2022-12-31;KREISE;Administrative districts;13057;Nordvorpommern, Landkreis (until 2011-09-03);-;number;BEVSTD;Population;
12411;Current updating of population figures;STAG;Reference date;2023-12-31;KREISE;Administrative districts;05358;Düren, Landkreis;278462;number;BEVSTD;Population;e
12411;Current updating of population figures;STAG;Reference date;2024-12-31;KREISE;Administrative districts;13061;Rügen, Landkreis (until 2011-09-03);-;number;BEVSTD;Population;
12411;Current updating of population figures;STAG;Reference date;2020-12-31;KREISE;Administrative districts;14729;Leipzig, Landkreis;258386;number;BEVSTD;Population;e
12411;Current updating of population figures;STAG;Reference date;2020-12-31;KREISE;Administrative districts;12069;Potsdam-Mittelmark, Landkreis;217954;number;BEVSTD;Population;e
12411;Current updating of population figures;STAG;Reference date;2025-12-31;KREISE;Administrative districts;05362;Rhein-Erft-Kreis;476913;number;BEVSTD;Population;e
12411;Current updating of population figures;STAG;Reference date;2022-12-31;KREISE;Administrative districts;05158;Mettmann, Landkreis;489246;number;BEVSTD;Population;e
12411;Current updating of population figures;STAG;Reference date;2022-12-31;KREISE;Administrative districts;12060;Barnim, Landkreis;191525;number;BEVSTD;Population;e
12411;Current updating of population figures;STAG;Reference date;2023-12-31;KREISE;Administrative districts;01001;Flensburg, kreisfreie Stadt;96431;number;BEVSTD;Population;e
12411;Current updating of population figures;STAG;Reference date;2024-12-31;KREISE;Administrative districts;08317;Ortenaukreis;444858;number;BEVSTD;Population;e
12411;Current updating of population figures;STAG;Reference date;2016-12-31;KREISE;Administrative districts;13072;Rostock, Landkreis;213945;number;BEVSTD;Population;e
12411;Current updating of population figures;STAG;Reference date;2025-12-31;KREISE;Administrative districts;01057;Plön, Landkreis;130318;number;BEVSTD;Population;e
12411;Current updating of population figures;STAG;Reference date;2017-12-31;KREISE;Administrative districts;16069;Hildburghausen, Landkreis;63923;number;BEVSTD;Population;e
12411;Current updating of population figures;STAG;Reference date;2024-12-31;KREISE;Administrative districts;03255;Holzminden, Landkreis;65581;number;BEVSTD;Population;e
12411;Current updating of population figures;STAG;Reference date;2016-12-31;KREISE;Administrative districts;09574;Nürnberger Land, Landkreis;168893;number;BEVSTD;Population;e
12411;Current updating of population figures;STAG;Reference date;2018-12-31;KREISE;Administrative districts;05166;Viersen, Landkreis;298935;number;BEVSTD;Population;e
12411;Current updating of population figures;STAG;Reference date;2020-12-31;KREISE;Administrative districts;09671;Aschaffenburg, Landkreis;174658;number;BEVSTD;Population;e
12411;Current updating of population figures;STAG;Reference date;2019-12-31;KREISE;Administrative districts;05114;Krefeld, kreisfreie Stadt;227417;number;BEVSTD;Population;e
12411;Current updating of population figures;STAG;Reference date;2022-12-31;KREISE;Administrative districts;14612;Dresden, kreisfreie Stadt;559986;number;BEVSTD;Population;e
12411;Current updating of population figures;STAG;Reference date;2020-12-31;KREISE;Administrative districts;01060;Segeberg, Landkreis;278007;number;BEVSTD;Population;e
12411;Current updating of population figures;STAG;Reference date;2021-12-31;KREISE;Administrative districts;03157;Peine, Landkreis;136960;number;BEVSTD;Population;e
12411;Current updating of population figures;STAG;Reference date;2021-12-31;KREISE;Administrative districts;05314;Bonn, kreisfreie Stadt;331885;number;BEVSTD;Population;e
12411;Current updating of population figures;STAG;Reference date;2023-12-31;KREISE;Administrative districts;08236;Enzkreis;199878;number;BEVSTD;Population;e
12411;Current updating of population figures;STAG;Reference date;2019-12-31;KREISE;Administrative districts;16073;Saalfeld-Rudolstadt, Landkreis;103199;number;BEVSTD;Population;e
12411;Current updating of population figures;STAG;Reference date;2022-12-31;KREISE;Administrative districts;05515;Münster, kreisfreie Stadt;305222;number;BEVSTD;Population;e
12411;Current updating of population figures;STAG;Reference date;2022-12-31;KREISE;Administrative districts;03358;Heidekreis;143728;number;BEVSTD;Population;e
12411;Current updating of population figures;STAG;Reference date;2023-12-31;KREISE;Administrative districts;16052;Gera, kreisfreie Stadt;95695;number;BEVSTD;Population;e
12411;Current updating of population figures;STAG;Reference date;2019-12-31;KREISE;Administrative districts;09278;Straubing-Bogen, Landkreis;101120;number;BEVSTD;Population;e
12411;Current updating of population figures;STAG;Reference date;2024-12-31;KREISE;Administrative districts;13075;Vorpommern-Greifswald, Landkreis;224956;number;BEVSTD;Population;e
12411;Current updating of population figures;STAG;Reference date;2017-12-31;KREISE;Administrative districts;09773;Dillingen an der Donau, Landkreis;95159;number;BEVSTD;Population;e
12411;Current updating of population figures;STAG;Reference date;2022-12-31;KREISE;Administrative districts;15085;Harz, Landkreis;208634;number;BEVSTD;Population;e
12411;Current updating of population figures;STAG;Reference date;2016-12-31;KREISE;Administrative districts;09561;Ansbach, kreisfreie Stadt;41532;number;BEVSTD;Population;e
12411;Current updating of population figures;STAG;Reference date;2022-12-31;KREISE;Administrative districts;15202;Halle (Saale), kreisfreie Stadt (until 2007-06-30);-;number;BEVSTD;Population;
12411;Current updating of population figures;STAG;Reference date;2018-12-31;KREISE;Administrative districts;07337;Südliche Weinstraße, Landkreis;110356;number;BEVSTD;Population;e
12411;Current updating of population figures;STAG;Reference date;2018-12-31;KREISE;Administrative districts;09186;Pfaffenhofen an der Ilm, Landkreis;127151;number;BEVSTD;Population;e
12411;Current updating of population figures;STAG;Reference date;2019-12-31;KREISE;Administrative districts;13062;Uecker-Randow, Landkreis (until 2011-09-03);-;number;BEVSTD;Population;
12411;Current updating of population figures;STAG;Reference date;2023-12-31;KREISE;Administrative districts;15151;Anhalt-Zerbst, Landkreis (until 2007-06-30);-;number;BEVSTD;Population;
12411;Current updating of population figures;STAG;Reference date;2018-12-31;KREISE;Administrative districts;13004;Schwerin, kreisfreie Stadt;95818;number;BEVSTD;Population;e
12411;Current updating of population figures;STAG;Reference date;2022-12-31;KREISE;Administrative districts;10046;Sankt Wendel, Landkreis;88005;number;BEVSTD;Population;e
12411;Current updating of population figures;STAG;Reference date;2019-12-31;KREISE;Administrative districts;05354;Aachen, Landkreis (until 2009-10-20);-;number;BEVSTD;Population;
12411;Current updating of population figures;STAG;Reference date;2022-12-31;KREISE;Administrative districts;14625;Bautzen, Landkreis;295917;number;BEVSTD;Population;e
12411;Current updating of population figures;STAG;Reference date;2024-12-31;KREISE;Administrative districts;07331;Alzey-Worms, Landkreis;131238;number;BEVSTD;Population;e
12411;Current updating of population figures;STAG;Reference date;2023-12-31;KREISE;Administrative districts;16065;Kyffhäuserkreis;72556;number;BEVSTD;Population;e
12411;Current updating of population figures;STAG;Reference date;2024-12-31;KREISE;Administrative districts;08437;Sigmaringen, Landkreis;132167;number;BEVSTD;Population;e
12411;Current updating of population figures;STAG;Reference date;2018-12-31;KREISE;Administrative districts;09173;Bad Tölz-Wolfratshausen, Landkreis;127227;number;BEVSTD;Population;e
12411;Current updating of population figures;STAG;Reference date;2020-12-31;KREISE;Administrative districts;09564;Nürnberg, kreisfreie Stadt;515543;number;BEVSTD;Population;e
12411;Current updating of population figures;STAG;Reference date;2019-12-31;KREISE;Administrative districts;07140;Rhein-Hunsrück-Kreis;103163;number;BEVSTD;Population;e
12411;Current updating of population figures;STAG;Reference date;2023-12-31;KREISE;Administrative districts;08116;Esslingen, Landkreis;536027;number;BEVSTD;Population;e
12411;Current updating of population figures;STAG;Reference date;2020-12-31;KREISE;Administrative districts;09181;Landsberg am Lech, Landkreis;121019;number;BEVSTD;Population;e
12411;Current updating of population figures;STAG;Reference date;2020-12-31;KREISE;Administrative districts;09577;Weißenburg-Gunzenhausen, Landkreis;95117;number;BEVSTD;Population;e
12411;Current updating of population figures;STAG;Reference date;2019-12-31;KREISE;Administrative districts;08317;Ortenaukreis;430953;number;BEVSTD;Population;e
12411;Current updating of population figures;STAG;Reference date;2025-12-31;KREISE;Administrative districts;15159;Köthen, Landkreis (until 2007-06-30);-;number;BEVSTD;Population;
12411;Current updating of population figures;STAG;Reference date;2019-12-31;KREISE;Administrative districts;13075;Vorpommern-Greifswald, Landkreis;235623;number;BEVSTD;Population;e
12411;Current updating of population figures;STAG;Reference date;2017-12-31;KREISE;Administrative districts;13058;Nordwestmecklenburg, Landkreis (until 2011-09-03);-;number;BEVSTD;Population;
12411;Current updating of population figures;STAG;Reference date;2022-12-31;KREISE;Administrative districts;09474;Forchheim, Landkreis;115457;number;BEVSTD;Population;e
12411;Current updating of population figures;STAG;Reference date;2021-12-31;KREISE;Administrative districts;13072;Rostock, Landkreis;217796;number;BEVSTD;Population;e
12411;Current updating of population figures;STAG;Reference date;2017-12-31;KREISE;Administrative districts;09163;Rosenheim, kreisfreie Stadt;63080;number;BEVSTD;Population;e
12411;Current updating of population figures;STAG;Reference date;2019-12-31;KREISE;Administrative districts;15352;Aschersleben-Staßfurt, Landkreis (until 2007-06-30;-;number;BEVSTD;Population;
12411;Current updating of population figures;STAG;Reference date;2017-12-31;KREISE;Administrative districts;15085;Harz, Landkreis;216299;number;BEVSTD;Population;e
12411;Current updating of population figures;STAG;Reference date;2024-12-31;KREISE;Administrative districts;14522;Mittelsachsen, Landkreis;296431;number;BEVSTD;Population;e
12411;Current updating of population figures;STAG;Reference date;2023-12-31;KREISE;Administrative districts;09675;Kitzingen, Landkreis;91197;number;BEVSTD;Population;e
12411;Current updating of population figures;STAG;Reference date;2024-12-31;KREISE;Administrative districts;14272;Bautzen, Landkreis (until 2008-07-31);-;number;BEVSTD;Population;
12411;Current updating of population figures;STAG;Reference date;2017-12-31;KREISE;Administrative districts;09176;Eichstätt, Landkreis;131646;number;BEVSTD;Population;e
12411;Current updating of population figures;STAG;Reference date;2022-12-31;KREISE;Administrative districts;14375;Döbeln, Landkreis (until 2008-07-31);-;number;BEVSTD;Population;
12411;Current updating of population figures;STAG;Reference date;2023-12-31;KREISE;Administrative districts;06437;Odenwaldkreis;94246;number;BEVSTD;Population;e
12411;Current updating of population figures;STAG;Reference date;2023-12-31;KREISE;Administrative districts;07132;Altenkirchen (Westerwald), Landkreis;132149;number;BEVSTD;Population;e
12411;Current updating of population figures;STAG;Reference date;2017-12-31;KREISE;Administrative districts;14612;Dresden, kreisfreie Stadt;551072;number;BEVSTD;Population;e
12411;Current updating of population figures;STAG;Reference date;2017-12-31;KREISE;Administrative districts;09679;Würzburg, Landkreis;161340;number;BEVSTD;Population;e
12411;Current updating of population figures;STAG;Reference date;2024-12-31;KREISE;Administrative districts;07211;Trier, kreisfreie Stadt;104342;number;BEVSTD;Population;e
12411;Current updating of population figures;STAG;Reference date;2019-12-31;KREISE;Administrative districts;06432;Darmstadt-Dieburg, Landkreis;297844;number;BEVSTD;Population;e
12411;Current updating of population figures;STAG;Reference date;2023-12-31;KREISE;Administrative districts;05954;Ennepe-Ruhr-Kreis;315069;number;BEVSTD;Population;e
12411;Current updating of population figures;STAG;Reference date;2021-12-31;KREISE;Administrative districts;09778;Unterallgäu, Landkreis;147776;number;BEVSTD;Population;e
12411;Current updating of population figures;STAG;Reference date;2016-12-31;KREISE;Administrative districts;15001;Dessau-Roßlau, kreisfreie Stadt;82505;number;BEVSTD;Population;e
12411;Current updating of population figures;STAG;Reference date;2020-12-31;KREISE;Administrative districts;13001;Greifswald, kreisfreie Stadt (until 2011-09-03);-;number;BEVSTD;Population;
12411;Current updating of population figures;STAG;Reference date;2023-12-31;KREISE;Administrative districts;14193;Zwickauer Land, Landkreis (until 2008-07-31);-;number;BEVSTD;Population;
12411;Current updating of population figures;STAG;Reference date;2017-12-31;KREISE;Administrative districts;15202;Halle (Saale), kreisfreie Stadt (until 2007-06-30);-;number;BEVSTD;Population;
12411;Current updating of population figures;STAG;Reference date;2025-12-31;KREISE;Administrative districts;14188;Stollberg, Landkreis (until 2008-07-31);-;number;BEVSTD;Population;
12411;Current updating of population figures;STAG;Reference date;2024-12-31;KREISE;Administrative districts;06636;Werra-Meißner-Kreis;97695;number;BEVSTD;Population;e
12411;Current updating of population figures;STAG;Reference date;2019-12-31;KREISE;Administrative districts;05711;Bielefeld, kreisfreie Stadt;334195;number;BEVSTD;Population;e
12411;Current updating of population figures;STAG;Reference date;2025-12-31;KREISE;Administrative districts;03201;Hannover, kreisfreie Stadt (until 2001-10-31);-;number;BEVSTD;Population;
12411;Current updating of population figures;STAG;Reference date;2018-12-31;KREISE;Administrative districts;15151;Anhalt-Zerbst, Landkreis (until 2007-06-30);-;number;BEVSTD;Population;
12411;Current updating of population figures;STAG;Reference date;2021-12-31;KREISE;Administrative districts;05554;Borken, Landkreis;373582;number;BEVSTD;Population;e
12411;Current updating of population figures;STAG;Reference date;2025-12-31;KREISE;Administrative districts;12063;Havelland, Landkreis;170792;number;BEVSTD;Population;e
12411;Current updating of population figures;STAG;Reference date;2021-12-31;KREISE;Administrative districts;01058;Rendsburg-Eckernförde, Landkreis;276053;number;BEVSTD;Population;e
12411;Current updating of population figures;STAG;Reference date;2024-12-31;KREISE;Administrative districts;05915;Hamm, kreisfreie Stadt;179968;number;BEVSTD;Population;e
12411;Current updating of population figures;STAG;Reference date;2017-12-31;KREISE;Administrative districts;16056;Eisenach, kreisfreie Stadt (until 2021-06-30);42710;number;BEVSTD;Population;e
12411;Current updating of population figures;STAG;Reference date;2021-12-31;KREISE;Administrative districts;09262;Passau, kreisfreie Stadt;53093;number;BEVSTD;Population;e
12411;Current updating of population figures;STAG;Reference date;2017-12-31;KREISE;Administrative districts;14625;Bautzen, Landkreis;302634;number;BEVSTD;Population;e
12411;Current updating of population figures;STAG;Reference date;2022-12-31;KREISE;Administrative districts;09461;Bamberg, kreisfreie Stadt;74405;number;BEVSTD;Population;e
12411;Current updating of population figures;STAG;Reference date;2025-12-31;KREISE;Administrative districts;03454;Emsland, Landkreis;334403;number;BEVSTD;Population;e
12411;Current updating of population figures;STAG;Reference date;2019-12-31;KREISE;Administrative districts;08437;Sigmaringen, Landkreis;130849;number;BEVSTD;Population;e
12411;Current updating of population figures;STAG;Reference date;2023-12-31;KREISE;Administrative districts;09662;Schweinfurt, kreisfreie Stadt;53938;number;BEVSTD;Population;e
12411;Current updating of population figures;STAG;Reference date;2023-12-31;KREISE;Administrative districts;09173;Bad Tölz-Wolfratshausen, Landkreis;129787;number;BEVSTD;Population;e
12411;Current updating of population figures;STAG;Reference date;2019-12-31;KREISE;Administrative districts;05962;Märkischer Kreis;410222;number;BEVSTD;Population;e
12411;Current updating of population figures;STAG;Reference date;2018-12-31;KREISE;Administrative districts;01051;Dithmarschen, Landkreis;133210;number;BEVSTD;Population;e
12411;Current updating of population figures;STAG;Reference date;2019-12-31;KREISE;Administrative districts;14522;Mittelsachsen, Landkreis;304099;number;BEVSTD;Population;e
12411;Current updating of population figures;STAG;Reference date;2018-12-31;KREISE;Administrative districts;03352;Cuxhaven, Landkreis;198213;number;BEVSTD;Population;e
12411;Current updating of population figures;STAG;Reference date;2017-12-31;KREISE;Administrative districts;12061;Dahme-Spreewald, Landkreis;167319;number;BEVSTD;Population;e
12411;Current updating of population figures;STAG;Reference date;2021-12-31;KREISE;Administrative districts;06634;Schwalm-Eder-Kreis;180052;number;BEVSTD;Population;e
12411;Current updating of population figures;STAG;Reference date;2024-12-31;KREISE;Administrative districts;14178;Vogtlandkreis (until 2008-07-31);-;number;BEVSTD;Population;
12411;Current updating of population figures;STAG;Reference date;2025-12-31;KREISE;Administrative districts;09464;Hof, kreisfreie Stadt;46624;number;BEVSTD;Population;e
12411;Current updating of population figures;STAG;Reference date;2017-12-31;KREISE;Administrative districts;14627;Meißen, Landkreis;242862;number;BEVSTD;Population;e
12411;Current updating of population figures;STAG;Reference date;2016-12-31;KREISE;Administrative districts;14284;Niederschlesischer Oberlausitzkreis (b.31.07.2008);-;number;BEVSTD;Population;
12411;Current updating of population figures;STAG;Reference date;2019-12-31;KREISE;Administrative districts;14272;Bautzen, Landkreis (until 2008-07-31);-;number;BEVSTD;Population;
12411;Current updating of population figures;STAG;Reference date;2024-12-31;KREISE;Administrative districts;09373;Neumarkt in der Oberpfalz, Landkreis;138693;number;BEVSTD;Population;e
12411;Current updating of population figures;STAG;Reference date;2017-12-31;KREISE;Administrative districts;03402;Emden, kreisfreie Stadt;50607;number;BEVSTD;Population;e
12411;Current updating of population figures;STAG;Reference date;2020-12-31;KREISE;Administrative districts;04011;Bremen, kreisfreie Stadt;566573;number;BEVSTD;Population;e
12411;Current updating of population figures;STAG;Reference date;2025-12-31;KREISE;Administrative districts;15001;Dessau-Roßlau, kreisfreie Stadt;75035;number;BEVSTD;Population;e
12411;Current updating of population figures;STAG;Reference date;2018-12-31;KREISE;Administrative districts;09663;Würzburg, kreisfreie Stadt;127880;number;BEVSTD;Population;e
12411;Current updating of population figures;STAG;Reference date;2021-12-31;KREISE;Administrative districts;08421;Ulm, kreisfreie Stadt;126949;number;BEVSTD;Population;e
12411;Current updating of population figures;STAG;Reference date;2017-12-31;KREISE;Administrative districts;09189;Traunstein, Landkreis;176290;number;BEVSTD;Population;e
12411;Current updating of population figures;STAG;Reference date;2016-12-31;KREISE;Administrative districts;05362;Rhein-Erft-Kreis;465549;number;BEVSTD;Population;e
12411;Current updating of population figures;STAG;Reference date;2023-12-31;KREISE;Administrative districts;09676;Miltenberg, Landkreis;127204;number;BEVSTD;Population;e
12411;Current updating of population figures;STAG;Reference date;2023-12-31;KREISE;Administrative districts;05119;Oberhausen, kreisfreie Stadt;213510;number;BEVSTD;Population;e
12411;Current updating of population figures;STAG;Reference date;2016-12-31;KREISE;Administrative districts;05758;Herford, Landkreis;251074;number;BEVSTD;Population;e
12411;Current updating of population figures;STAG;Reference date;2024-12-31;KREISE;Administrative districts;14285;Riesa-Großenhain, Landkreis (until 2008-07-31);-;number;BEVSTD;Population;
12411;Current updating of population figures;STAG;Reference date;2020-12-31;KREISE;Administrative districts;08221;Heidelberg, kreisfreie Stadt;158741;number;BEVSTD;Population;e
12411;Current updating of population figures;STAG;Reference date;2025-12-31;KREISE;Administrative districts;09571;Ansbach, Landkreis;187487;number;BEVSTD;Population;e
12411;Current updating of population figures;STAG;Reference date;2016-12-31;KREISE;Administrative districts;01058;Rendsburg-Eckernförde, Landkreis;272337;number;BEVSTD;Population;e
12411;Current updating of population figures;STAG;Reference date;2025-12-31;KREISE;Administrative districts;07319;Worms, kreisfreie Stadt;86921;number;BEVSTD;Population;e
12411;Current updating of population figures;STAG;Reference date;2024-12-31;KREISE;Administrative districts;13060;Parchim, Landkreis (until 2011-09-03);-;number;BEVSTD;Population;
12411;Current updating of population figures;STAG;Reference date;2023-12-31;KREISE;Administrative districts;16066;Schmalkalden-Meiningen, Landkreis;121151;number;BEVSTD;Population;e
12411;Current updating of population figures;STAG;Reference date;2019-12-31;KREISE;Administrative districts;09373;Neumarkt in der Oberpfalz, Landkreis;134573;number;BEVSTD;Population;e
12411;Current updating of population figures;STAG;Reference date;2020-12-31;KREISE;Administrative districts;12068;Ostprignitz-Ruppin, Landkreis;98808;number;BEVSTD;Population;e
12411;Current updating of population figures;STAG;Reference date;2019-12-31;KREISE;Administrative districts;15090;Stendal, Landkreis;111190;number;BEVSTD;Population;e
12411;Current updating of population figures;STAG;Reference date;2021-12-31;KREISE;Administrative districts;15362;Ohrekreis (until 2007-06-30);-;number;BEVSTD;Population;
12411;Current updating of population figures;STAG;Reference date;2023-12-31;KREISE;Administrative districts;01002;Kiel, kreisfreie Stadt;251751;number;BEVSTD;Population;e
12411;Current updating of population figures;STAG;Reference date;2016-12-31;KREISE;Administrative districts;14177;Freiberg, Landkreis (until 2008-07-31);-;number;BEVSTD;Population;
12411;Current updating of population figures;STAG;Reference date;2022-12-31;KREISE;Administrative districts;16068;Sömmerda, Landkreis;68325;number;BEVSTD;Population;e
12411;Current updating of population figures;STAG;Reference date;2022-12-31;KREISE;Administrative districts;07314;Ludwigshafen am Rhein, kreisfreie Stadt;173869;number;BEVSTD;Population;e
12411;Current updating of population figures;STAG;Reference date;2019-12-31;KREISE;Administrative districts;14178;Vogtlandkreis (until 2008-07-31);-;number;BEVSTD;Population;
12411;Current updating of population figures;STAG;Reference date;2016-12-31;KREISE;Administrative districts;08136;Ostalbkreis;311587;number;BEVSTD;Population;e
12411;Current updating of population figures;STAG;Reference date;2024-12-31;KREISE;Administrative districts;09279;Dingolfing-Landau, Landkreis;101035;number;BEVSTD;Population;e
12411;Current updating of population figures;STAG;Reference date;2020-12-31;KREISE;Administrative districts;07143;Westerwaldkreis;202830;number;BEVSTD;Population;e
12411;Current updating of population figures;STAG;Reference date;2021-12-31;KREISE;Administrative districts;03252;Hameln-Pyrmont, Landkreis;148963;number;BEVSTD;Population;e
12411;Current updating of population figures;STAG;Reference date;2020-12-31;KREISE;Administrative districts;06432;Darmstadt-Dieburg, Landkreis;297701;number;BEVSTD;Population;e
12411;Current updating of population figures;STAG;Reference date;2023-12-31;KREISE;Administrative districts;08235;Calw, Landkreis;161181;number;BEVSTD;Population;e
12411;Current updating of population figures;STAG;Reference date;2025-12-31;KREISE;Administrative districts;05374;Oberbergischer Kreis;273368;number;BEVSTD;Population;e
12411;Current updating of population figures;STAG;Reference date;2016-12-31;KREISE;Administrative districts;03457;Leer, Landkreis;168253;number;BEVSTD;Population;e
12411;Current updating of population figures;STAG;Reference date;2016-12-31;KREISE;Administrative districts;09572;Erlangen-Höchstadt, Landkreis;134640;number;BEVSTD;Population;e
12411;Current updating of population figures;STAG;Reference date;2022-12-31;KREISE;Administrative districts;16055;Weimar, kreisfreie Stadt;65507;number;BEVSTD;Population;e
12411;Current updating of population figures;STAG;Reference date;2018-12-31;KREISE;Administrative districts;09676;Miltenberg, Landkreis;128756;number;BEVSTD;Population;e
12411;Current updating of population figures;STAG;Reference date;2017-12-31;KREISE;Administrative districts;03152;Göttingen, Landkreis (until 2016-10-31);-;number;BEVSTD;Population;
12411;Current updating of population figures;STAG;Reference date;2021-12-31;KREISE;Administrative districts;08327;Tuttlingen, Landkreis;142414;number;BEVSTD;Population;e
12411;Current updating of population figures;STAG;Reference date;2022-12-31;KREISE;Administrative districts;12061;Dahme-Spreewald, Landkreis;176373;number;BEVSTD;Population;e
12411;Current updating of population figures;STAG;Reference date;2017-12-31;KREISE;Administrative districts;09772;Augsburg, Landkreis;249838;number;BEVSTD;Population;e
12411;Current updating of population figures;STAG;Reference date;2020-12-31;KREISE;Administrative districts;08127;Schwäbisch Hall, Landkreis;197860;number;BEVSTD;Population;e
12411;Current updating of population figures;STAG;Reference date;2021-12-31;KREISE;Administrative districts;14521;Erzgebirgskreis;328695;number;BEVSTD;Population;e
12411;Current updating of population figures;STAG;Reference date;2017-12-31;KREISE;Administrative districts;07231;Bernkastel-Wittlich, Landkreis;112134;number;BEVSTD;Population;e
12411;Current updating of population figures;STAG;Reference date;2016-12-31;KREISE;Administrative districts;13073;Vorpommern-Rügen, Landkreis;224971;number;BEVSTD;Population;e
12411;Current updating of population figures;STAG;Reference date;2022-12-31;KREISE;Administrative districts;01055;Ostholstein, Landkreis;200802;number;BEVSTD;Population;e
12411;Current updating of population figures;STAG;Reference date;2023-12-31;KREISE;Administrative districts;13005;Stralsund, kreisfreie Stadt (until 2011-09-03);-;number;BEVSTD;Population;
12411;Current updating of population figures;STAG;Reference date;2017-12-31;KREISE;Administrative districts;10045;Saarpfalz-Kreis;143402;number;BEVSTD;Population;e
12411;Current updating of population figures;STAG;Reference date;2025-12-31;KREISE;Administrative districts;09477;Kulmbach, Landkreis;70997;number;BEVSTD;Population;e
12411;Current updating of population figures;STAG;Reference date;2024-12-31;KREISE;Administrative districts;13073;Vorpommern-Rügen, Landkreis;215203;number;BEVSTD;Population;e
12411;Current updating of population figures;STAG;Reference date;2023-12-31;KREISE;Administrative districts;09186;Pfaffenhofen an der Ilm, Landkreis;129497;number;BEVSTD;Population;e
12411;Current updating of population figures;STAG;Reference date;2023-12-31;KREISE;Administrative districts;08222;Mannheim, kreisfreie Stadt;316256;number;BEVSTD;Population;e
12411;Current updating of population figures;STAG;Reference date;2019-12-31;KREISE;Administrative districts;14285;Riesa-Großenhain, Landkreis (until 2008-07-31);-;number;BEVSTD;Population;
12411;Current updating of population figures;STAG;Reference date;2022-12-31;KREISE;Administrative districts;13058;Nordwestmecklenburg, Landkreis (until 2011-09-03);-;number;BEVSTD;Population;
12411;Current updating of population figures;STAG;Reference date;2021-12-31;KREISE;Administrative districts;03158;Wolfenbüttel, Landkreis;119224;number;BEVSTD;Population;e
12411;Current updating of population figures;STAG;Reference date;2021-12-31;KREISE;Administrative districts;15268;Weißenfels, Landkreis (until 2007-06-30);-;number;BEVSTD;Population;
12411;Current updating of population figures;STAG;Reference date;2022-12-31;KREISE;Administrative districts;05120;Remscheid, kreisfreie Stadt;113731;number;BEVSTD;Population;e
12411;Current updating of population figures;STAG;Reference date;2020-12-31;KREISE;Administrative districts;05114;Krefeld, kreisfreie Stadt;226844;number;BEVSTD;Population;e
12411;Current updating of population figures;STAG;Reference date;2023-12-31;KREISE;Administrative districts;08128;Main-Tauber-Kreis;133459;number;BEVSTD;Population;e
12411;Current updating of population figures;STAG;Reference date;2016-12-31;KREISE;Administrative districts;13060;Parchim, Landkreis (until 2011-09-03);-;number;BEVSTD;Population;
12411;Current updating of population figures;STAG;Reference date;2019-12-31;KREISE;Administrative districts;09279;Dingolfing-Landau, Landkreis;96683;number;BEVSTD;Population;e
12411;Current updating of population figures;STAG;Reference date;2025-12-31;KREISE;Administrative districts;03455;Friesland, Landkreis;100261;number;BEVSTD;Population;e
12411;Current updating of population figures;STAG;Reference date;2017-12-31;KREISE;Administrative districts;07111;Koblenz, kreisfreie Stadt;113844;number;BEVSTD;Population;e
12411;Current updating of population figures;STAG;Reference date;2022-12-31;KREISE;Administrative districts;15084;Burgenlandkreis;175180;number;BEVSTD;Population;e
12411;Current updating of population figures;STAG;Reference date;2022-12-31;KREISE;Administrative districts;13059;Ostvorpommern, Landkreis (until 2011-09-03);-;number;BEVSTD;Population;
12411;Current updating of population figures;STAG;Reference date;2018-12-31;KREISE;Administrative districts;07336;Kusel, Landkreis;70526;number;BEVSTD;Population;e
12411;Current updating of population figures;STAG;Reference date;2025-12-31;KREISE;Administrative districts;08121;Heilbronn, kreisfreie Stadt;132516;number;BEVSTD;Population;e
12411;Current updating of population figures;STAG;Reference date;2025-12-31;KREISE;Administrative districts;01056;Pinneberg, Landkreis;325858;number;BEVSTD;Population;e
12411;Current updating of population figures;STAG;Reference date;2016-12-31;KREISE;Administrative districts;09190;Weilheim-Schongau, Landkreis;133859;number;BEVSTD;Population;e
12411;Current updating of population figures;STAG;Reference date;2025-12-31;KREISE;Administrative districts;13059;Ostvorpommern, Landkreis (until 2011-09-03);-;number;BEVSTD;Population;
12411;Current updating of population figures;STAG;Reference date;2024-12-31;KREISE;Administrative districts;03256;Nienburg (Weser), Landkreis;121468;number;BEVSTD;Population;e
12411;Current updating of population figures;STAG;Reference date;2016-12-31;KREISE;Administrative districts;09573;Fürth, Landkreis;115971;number;BEVSTD;Population;e
12411;Current updating of population figures;STAG;Reference date;2022-12-31;KREISE;Administrative districts;10045;Saarpfalz-Kreis;144492;number;BEVSTD;Population;e
12411;Current updating of population figures;STAG;Reference date;2019-12-31;KREISE;Administrative districts;16074;Saale-Holzland-Kreis;82950;number;BEVSTD;Population;e
12411;Current updating of population figures;STAG;Reference date;2020-12-31;KREISE;Administrative districts;09672;Bad Kissingen, Landkreis;103169;number;BEVSTD;Population;e
12411;Current updating of population figures;STAG;Reference date;2018-12-31;KREISE;Administrative districts;09187;Rosenheim, Landkreis;260983;number;BEVSTD;Population;e
12411;Current updating of population figures;STAG;Reference date;2019-12-31;KREISE;Administrative districts;05113;Essen, kreisfreie Stadt;582760;number;BEVSTD;Population;e
12411;Current updating of population figures;STAG;Reference date;2021-12-31;KREISE;Administrative districts;09764;Memmingen, kreisfreie Stadt;44721;number;BEVSTD;Population;e
12411;Current updating of population figures;STAG;Reference date;2024-12-31;KREISE;Administrative districts;14521;Erzgebirgskreis;318394;number;BEVSTD;Population;e
12411;Current updating of population figures;STAG;Reference date;2022-12-31;KREISE;Administrative districts;03357;Rotenburg (Wümme), Landkreis;164657;number;BEVSTD;Population;e
12411;Current updating of population figures;STAG;Reference date;2018-12-31;KREISE;Administrative districts;09174;Dachau, Landkreis;153884;number;BEVSTD;Population;e
12411;Current updating of population figures;STAG;Reference date;2023-12-31;KREISE;Administrative districts;16053;Jena, kreisfreie Stadt;110076;number;BEVSTD;Population;e
12411;Current updating of population figures;STAG;Reference date;2017-12-31;KREISE;Administrative districts;09678;Schweinfurt, Landkreis;115105;number;BEVSTD;Population;e
12411;Current updating of population figures;STAG;Reference date;2021-12-31;KREISE;Administrative districts;15002;Halle (Saale), kreisfreie Stadt;238061;number;BEVSTD;Population;e
12411;Current updating of population figures;STAG;Reference date;2024-12-31;KREISE;Administrative districts;08425;Alb-Donau-Kreis;202354;number;BEVSTD;Population;e
12411;Current updating of population figures;STAG;Reference date;2023-12-31;KREISE;Administrative districts;08115;Böblingen, Landkreis;394261;number;BEVSTD;Population;e
12411;Current updating of population figures;STAG;Reference date;2019-12-31;KREISE;Administrative districts;05366;Euskirchen, Landkreis;193656;number;BEVSTD;Population;e
12411;Current updating of population figures;STAG;Reference date;2018-12-31;KREISE;Administrative districts;05154;Kleve, Landkreis;310974;number;BEVSTD;Population;e
12411;Current updating of population figures;STAG;Reference date;2019-12-31;KREISE;Administrative districts;13061;Rügen, Landkreis (until 2011-09-03);-;number;BEVSTD;Population;
12411;Current updating of population figures;STAG;Reference date;2022-12-31;KREISE;Administrative districts;14626;Görlitz, Landkreis;246989;number;BEVSTD;Population;e
12411;Current updating of population figures;STAG;Reference date;2016-12-31;KREISE;Administrative districts;15362;Ohrekreis (until 2007-06-30);-;number;BEVSTD;Population;
12411;Current updating of population figures;STAG;Reference date;2017-12-31;KREISE;Administrative districts;07137;Mayen-Koblenz, Landkreis;213554;number;BEVSTD;Population;e
12411;Current updating of population figures;STAG;Reference date;2021-12-31;KREISE;Administrative districts;13073;Vorpommern-Rügen, Landkreis;225900;number;BEVSTD;Population;e
12411;Current updating of population figures;STAG;Reference date;2022-12-31;KREISE;Administrative districts;02000;Hamburg, kreisfreie Stadt;1832675;number;BEVSTD;Population;e
12411;Current updating of population figures;STAG;Reference date;2021-12-31;KREISE;Administrative districts;09261;Landshut, kreisfreie Stadt;73150;number;BEVSTD;Population;e
12411;Current updating of population figures;STAG;Reference date;2017-12-31;KREISE;Administrative districts;15084;Burgenlandkreis;181968;number;BEVSTD;Population;e
12411;Current updating of population figures;STAG;Reference date;2017-12-31;KREISE;Administrative districts;09175;Ebersberg, Landkreis;140800;number;BEVSTD;Population;e
12411;Current updating of population figures;STAG;Reference date;2021-12-31;KREISE;Administrative districts;09777;Ostallgäu, Landkreis;143236;number;BEVSTD;Population;e
12411;Current updating of population figures;STAG;Reference date;2023-12-31;KREISE;Administrative districts;07131;Ahrweiler, Landkreis;128546;number;BEVSTD;Population;e
12411;Current updating of population figures;STAG;Reference date;2020-12-31;KREISE;Administrative districts;09565;Schwabach, kreisfreie Stadt;41056;number;BEVSTD;Population;e
12411;Current updating of population figures;STAG;Reference date;2016-12-31;KREISE;Administrative districts;05122;Solingen, kreisfreie Stadt;158908;number;BEVSTD;Population;e
12411;Current updating of population figures;STAG;Reference date;2019-12-31;KREISE;Administrative districts;06431;Bergstraße, Landkreis;270340;number;BEVSTD;Population;e
12411;Current updating of population figures;STAG;Reference date;2023-12-31;KREISE;Administrative districts;09663;Würzburg, kreisfreie Stadt;131759;number;BEVSTD;Population;e
12411;Current updating of population figures;STAG;Reference date;2017-12-31;KREISE;Administrative districts;09188;Starnberg, Landkreis;135545;number;BEVSTD;Population;e
12411;Current updating of population figures;STAG;Reference date;2021-12-31;KREISE;Administrative districts;14284;Niederschlesischer Oberlausitzkreis (b.31.07.2008);-;number;BEVSTD;Population;
12411;Current updating of population figures;STAG;Reference date;2016-12-31;KREISE;Administrative districts;09479;Wunsiedel im Fichtelgebirge, Landkreis;73260;number;BEVSTD;Population;e
12411;Current updating of population figures;STAG;Reference date;2018-12-31;KREISE;Administrative districts;13005;Stralsund, kreisfreie Stadt (until 2011-09-03);-;number;BEVSTD;Population;
12411;Current updating of population figures;STAG;Reference date;2021-12-31;KREISE;Administrative districts;13060;Parchim, Landkreis (until 2011-09-03);-;number;BEVSTD;Population;
12411;Current updating of population figures;STAG;Reference date;2025-12-31;KREISE;Administrative districts;12062;Elbe-Elster, Landkreis;97017;number;BEVSTD;Population;e
12411;Current updating of population figures;STAG;Reference date;2019-12-31;KREISE;Administrative districts;13074;Nordwestmecklenburg, Landkreis;157322;number;BEVSTD;Population;e
12411;Current updating of population figures;STAG;Reference date;2021-12-31;KREISE;Administrative districts;01057;Plön, Landkreis;129687;number;BEVSTD;Population;e
12411;Current updating of population figures;STAG;Reference date;2017-12-31;KREISE;Administrative districts;13059;Ostvorpommern, Landkreis (until 2011-09-03);-;number;BEVSTD;Population;
12411;Current updating of population figures;STAG;Reference date;2016-12-31;KREISE;Administrative districts;14521;Erzgebirgskreis;344136;number;BEVSTD;Population;e
12411;Current updating of population figures;STAG;Reference date;2024-12-31;KREISE;Administrative districts;14284;Niederschlesischer Oberlausitzkreis (b.31.07.2008);-;number;BEVSTD;Population;
12411;Current updating of population figures;STAG;Reference date;2017-12-31;KREISE;Administrative districts;16055;Weimar, kreisfreie Stadt;64426;number;BEVSTD;Population;e
12411;Current updating of population figures;STAG;Reference date;2021-12-31;KREISE;Administrative districts;05170;Wesel, Landkreis;460433;number;BEVSTD;Population;e
12411;Current updating of population figures;STAG;Reference date;2021-12-31;KREISE;Administrative districts;05313;Aachen, kreisfreie Stadt (until 2009-10-20);-;number;BEVSTD;Population;
12411;Current updating of population figures;STAG;Reference date;2021-12-31;KREISE;Administrative districts;05566;Steinfurt, Landkreis;450176;number;BEVSTD;Population;e
12411;Current updating of population figures;STAG;Reference date;2021-12-31;KREISE;Administrative districts;09274;Landshut, Landkreis;162331;number;BEVSTD;Population;e
12411;Current updating of population figures;STAG;Reference date;2023-12-31;KREISE;Administrative districts;06436;Main-Taunus-Kreis;238593;number;BEVSTD;Population;e
12411;Current updating of population figures;STAG;Reference date;2020-12-31;KREISE;Administrative districts;05354;Aachen, Landkreis (until 2009-10-20);-;number;BEVSTD;Population;
12411;Current updating of population figures;STAG;Reference date;2019-12-31;KREISE;Administrative districts;16061;Eichsfeld, Landkreis;100006;number;BEVSTD;Population;e
12411;Current updating of population figures;STAG;Reference date;2016-12-31;KREISE;Administrative districts;15002;Halle (Saale), kreisfreie Stadt;238005;number;BEVSTD;Population;e
12411;Current updating of population figures;STAG;Reference date;2019-12-31;KREISE;Administrative districts;08425;Alb-Donau-Kreis;197076;number;BEVSTD;Population;e
12411;Current updating of population figures;STAG;Reference date;2020-12-31;KREISE;Administrative districts;09182;Miesbach, Landkreis;100183;number;BEVSTD;Population;e
12411;Current updating of population figures;STAG;Reference date;2025-12-31;KREISE;Administrative districts;05970;Siegen-Wittgenstein, Landkreis;272509;number;BEVSTD;Population;e
12411;Current updating of population figures;STAG;Reference date;2021-12-31;KREISE;Administrative districts;14177;Freiberg, Landkreis (until 2008-07-31);-;number;BEVSTD;Population;
12411;Current updating of population figures;STAG;Reference date;2024-12-31;KREISE;Administrative districts;06635;Waldeck-Frankenberg, Landkreis;155126;number;BEVSTD;Population;e
12411;Current updating of population figures;STAG;Reference date;2022-12-31;KREISE;Administrative districts;14389;Torgau-Oschatz, Landkreis (until 2008-07-31);-;number;BEVSTD;Population;
12411;Current updating of population figures;STAG;Reference date;2017-12-31;KREISE;Administrative districts;16068;Sömmerda, Landkreis;70027;number;BEVSTD;Population;e
12411;Current updating of population figures;STAG;Reference date;2016-12-31;KREISE;Administrative districts;15268;Weißenfels, Landkreis (until 2007-06-30);-;number;BEVSTD;Population;
12411;Current updating of population figures;STAG;Reference date;2024-12-31;KREISE;Administrative districts;05914;Hagen, kreisfreie Stadt;190384;number;BEVSTD;Population;e
12411;Current updating of population figures;STAG;Reference date;2022-12-31;KREISE;Administrative districts;09473;Coburg, Landkreis;84341;number;BEVSTD;Population;e
12411;Current updating of population figures;STAG;Reference date;2017-12-31;KREISE;Administrative districts;09162;München, kreisfreie Stadt;1456039;number;BEVSTD;Population;e
12411;Current updating of population figures;STAG;Reference date;2024-12-31;KREISE;Administrative districts;06634;Schwalm-Eder-Kreis;180071;number;BEVSTD;Population;e
12411;Current updating of population figures;STAG;Reference date;2025-12-31;KREISE;Administrative districts;15362;Ohrekreis (until 2007-06-30);-;number;BEVSTD;Population;
12411;Current updating of population figures;STAG;Reference date;2024-12-31;KREISE;Administrative districts;14177;Freiberg, Landkreis (until 2008-07-31);-;number;BEVSTD;Population;
12411;Current updating of population figures;STAG;Reference date;2021-12-31;KREISE;Administrative districts;09179;Fürstenfeldbruck, Landkreis;218579;number;BEVSTD;Population;e
12411;Current updating of population figures;STAG;Reference date;2024-12-31;KREISE;Administrative districts;09374;Neustadt an der Waldnaab, Landkreis;96049;number;BEVSTD;Population;e
12411;Current updating of population figures;STAG;Reference date;2018-12-31;KREISE;Administrative districts;14191;Aue-Schwarzenberg, Landkreis (until 2008-07-31);-;number;BEVSTD;Population;
12411;Current updating of population figures;STAG;Reference date;2020-12-31;KREISE;Administrative districts;04012;Bremerhaven, kreisfreie Stadt;113557;number;BEVSTD;Population;e
12411;Current updating of population figures;STAG;Reference date;2016-12-31;KREISE;Administrative districts;05962;Märkischer Kreis;414886;number;BEVSTD;Population;e
12411;Current updating of population figures;STAG;Reference date;2025-12-31;KREISE;Administrative districts;09574;Nürnberger Land, Landkreis;168282;number;BEVSTD;Population;e
12411;Current updating of population figures;STAG;Reference date;2023-12-31;KREISE;Administrative districts;06434;Hochtaunuskreis;240622;number;BEVSTD;Population;e
12411;Current updating of population figures;STAG;Reference date;2016-12-31;KREISE;Administrative districts;01057;Plön, Landkreis;128703;number;BEVSTD;Population;e
12411;Current updating of population figures;STAG;Reference date;2024-12-31;KREISE;Administrative districts;09361;Amberg, kreisfreie Stadt;42553;number;BEVSTD;Population;e
12411;Current updating of population figures;STAG;Reference date;2021-12-31;KREISE;Administrative districts;08311;Freiburg im Breisgau, kreisfreie Stadt;231848;number;BEVSTD;Population;e
12411;Current updating of population figures;STAG;Reference date;2023-12-31;KREISE;Administrative districts;04011;Bremen, kreisfreie Stadt;584332;number;BEVSTD;Population;e
12411;Current updating of population figures;STAG;Reference date;2020-12-31;KREISE;Administrative districts;08231;Pforzheim, kreisfreie Stadt;126016;number;BEVSTD;Population;e
12411;Current updating of population figures;STAG;Reference date;2023-12-31;KREISE;Administrative districts;09161;Ingolstadt, kreisfreie Stadt;139536;number;BEVSTD;Population;e
12411;Current updating of population figures;STAG;Reference date;2019-12-31;KREISE;Administrative districts;14521;Erzgebirgskreis;334948;number;BEVSTD;Population;e
12411;Current updating of population figures;STAG;Reference date;2017-12-31;KREISE;Administrative districts;14374;Delitzsch, Landkreis (until 2008-07-31);-;number;BEVSTD;Population;
12411;Current updating of population figures;STAG;Reference date;2020-12-31;KREISE;Administrative districts;08111;Stuttgart, kreisfreie Stadt;630305;number;BEVSTD;Population;e
12411;Current updating of population figures;STAG;Reference date;2025-12-31;KREISE;Administrative districts;09561;Ansbach, kreisfreie Stadt;40554;number;BEVSTD;Population;e
12411;Current updating of population figures;STAG;Reference date;2019-12-31;KREISE;Administrative districts;15367;Schönebeck, Landkreis (until 2007-06-30);-;number;BEVSTD;Population;
12411;Current updating of population figures;STAG;Reference date;2025-12-31;KREISE;Administrative districts;15002;Halle (Saale), kreisfreie Stadt;226186;number;BEVSTD;Population;e
12411;Current updating of population figures;STAG;Reference date;2017-12-31;KREISE;Administrative districts;08226;Rhein-Neckar-Kreis;546745;number;BEVSTD;Population;e
12411;Current updating of population figures;STAG;Reference date;2017-12-31;KREISE;Administrative districts;06439;Rheingau-Taunus-Kreis;186602;number;BEVSTD;Population;e
12411;Current updating of population figures;STAG;Reference date;2018-12-31;KREISE;Administrative districts;08426;Biberach, Landkreis;199742;number;BEVSTD;Population;e
12411;Current updating of population figures;STAG;Reference date;2019-12-31;KREISE;Administrative districts;15101;Dessau, kreisfreie Stadt (until 2007-06-30);-;number;BEVSTD;Population;
12411;Current updating of population figures;STAG;Reference date;2022-12-31;KREISE;Administrative districts;07339;Mainz-Bingen, Landkreis;205823;number;BEVSTD;Population;e
12411;Current updating of population figures;STAG;Reference date;2018-12-31;KREISE;Administrative districts;05774;Paderborn, Landkreis;306890;number;BEVSTD;Population;e
12411;Current updating of population figures;STAG;Reference date;2021-12-31;KREISE;Administrative districts;05770;Minden-Lübbecke, Landkreis;311214;number;BEVSTD;Population;e
12411;Current updating of population figures;STAG;Reference date;2020-12-31;KREISE;Administrative districts;06435;Main-Kinzig-Kreis;421689;number;BEVSTD;Population;e
12411;Current updating of population figures;STAG;Reference date;2023-12-31;KREISE;Administrative districts;09677;Main-Spessart, Landkreis;125814;number;BEVSTD;Population;e
12411;Current updating of population figures;STAG;Reference date;2017-12-31;KREISE;Administrative districts;12071;Spree-Neiße, Landkreis;115456;number;BEVSTD;Population;e
12411;Current updating of population figures;STAG;Reference date;2018-12-31;KREISE;Administrative districts;09771;Aichach-Friedberg, Landkreis;133596;number;BEVSTD;Population;e
12411;Current updating of population figures;STAG;Reference date;2018-12-31;KREISE;Administrative districts;03355;Lüneburg, Landkreis;183372;number;BEVSTD;Population;e
12411;Current updating of population figures;STAG;Reference date;2025-12-31;KREISE;Administrative districts;15268;Weißenfels, Landkreis (until 2007-06-30);-;number;BEVSTD;Population;
12411;Current updating of population figures;STAG;Reference date;2019-12-31;KREISE;Administrative districts;03457;Leer, Landkreis;170756;number;BEVSTD;Population;e
12411;Current updating of population figures;STAG;Reference date;2019-12-31;KREISE;Administrative districts;05974;Soest, Landkreis;301785;number;BEVSTD;Population;e
12411;Current updating of population figures;STAG;Reference date;2017-12-31;KREISE;Administrative districts;08119;Rems-Murr-Kreis;424878;number;BEVSTD;Population;e
12411;Current updating of population figures;STAG;Reference date;2017-12-31;KREISE;Administrative districts;06413;Offenbach am Main, kreisfreie Stadt;126658;number;BEVSTD;Population;e
12411;Current updating of population figures;STAG;Reference date;2018-12-31;KREISE;Administrative districts;09161;Ingolstadt, kreisfreie Stadt;136981;number;BEVSTD;Population;e
12411;Current updating of population figures;STAG;Reference date;2020-12-31;KREISE;Administrative districts;05966;Olpe, Landkreis;133362;number;BEVSTD;Population;e
12411;Current updating of population figures;STAG;Reference date;2023-12-31;KREISE;Administrative districts;13002;Neubrandenburg, kreisfreie Stadt (until 2011-09-03;-;number;BEVSTD;Population;
12411;Current updating of population figures;STAG;Reference date;2020-12-31;KREISE;Administrative districts;05570;Warendorf, Landkreis;277417;number;BEVSTD;Population;e
12411;Current updating of population figures;STAG;Reference date;2021-12-31;KREISE;Administrative districts;08337;Waldshut, Landkreis;171249;number;BEVSTD;Population;e
12411;Current updating of population figures;STAG;Reference date;2021-12-31;KREISE;Administrative districts;06631;Fulda, Landkreis;223572;number;BEVSTD;Population;e
12411;Current updating of population figures;STAG;Reference date;2019-12-31;KREISE;Administrative districts;14177;Freiberg, Landkreis (until 2008-07-31);-;number;BEVSTD;Population;
12411;Current updating of population figures;STAG;Reference date;2021-12-31;KREISE;Administrative districts;05913;Dortmund, kreisfreie Stadt;586852;number;BEVSTD;Population;e
12411;Current updating of population figures;STAG;Reference date;2022-12-31;KREISE;Administrative districts;13055;Mecklenburg-Strelitz, Landkreis (until 2011-09-03);-;number;BEVSTD;Population;
12411;Current updating of population figures;STAG;Reference date;2024-12-31;KREISE;Administrative districts;13072;Rostock, Landkreis;218721;number;BEVSTD;Population;e
12411;Current updating of population figures;STAG;Reference date;2023-12-31;KREISE;Administrative districts;08221;Heidelberg, kreisfreie Stadt;155175;number;BEVSTD;Population;e
12411;Current updating of population figures;STAG;Reference date;2022-12-31;KREISE;Administrative districts;03453;Cloppenburg, Landkreis;175549;number;BEVSTD;Population;e
12411;Current updating of population figures;STAG;Reference date;2019-12-31;KREISE;Administrative districts;09361;Amberg, kreisfreie Stadt;42207;number;BEVSTD;Population;e
12411;Current updating of population figures;STAG;Reference date;2023-12-31;KREISE;Administrative districts;16067;Gotha, Landkreis;136933;number;BEVSTD;Population;e
12411;Current updating of population figures;STAG;Reference date;2025-12-31;KREISE;Administrative districts;16071;Weimarer Land, Landkreis;81766;number;BEVSTD;Population;e
12411;Current updating of population figures;STAG;Reference date;2019-12-31;KREISE;Administrative districts;15091;Wittenberg, Landkreis;124953;number;BEVSTD;Population;e
12411;Current updating of population figures;STAG;Reference date;2023-12-31;KREISE;Administrative districts;01003;Lübeck, kreisfreie Stadt;217061;number;BEVSTD;Population;e
12411;Current updating of population figures;STAG;Reference date;2022-12-31;KREISE;Administrative districts;08417;Zollernalbkreis;192726;number;BEVSTD;Population;e
12411;Current updating of population figures;STAG;Reference date;2024-12-31;KREISE;Administrative districts;01060;Segeberg, Landkreis;283562;number;BEVSTD;Population;e
12411;Current updating of population figures;STAG;Reference date;2022-12-31;KREISE;Administrative districts;16067;Gotha, Landkreis;137321;number;BEVSTD;Population;e
12411;Current updating of population figures;STAG;Reference date;2022-12-31;KREISE;Administrative districts;07313;Landau in der Pfalz, kreisfreie Stadt;47455;number;BEVSTD;Population;e
12411;Current updating of population figures;STAG;Reference date;2022-12-31;KREISE;Administrative districts;01056;Pinneberg, Landkreis;321849;number;BEVSTD;Population;e
12411;Current updating of population figures;STAG;Reference date;2024-12-31;KREISE;Administrative districts;05316;Leverkusen, kreisfreie Stadt;168581;number;BEVSTD;Population;e
12411;Current updating of population figures;STAG;Reference date;2018-12-31;KREISE;Administrative districts;03462;Wittmund, Landkreis;56882;number;BEVSTD;Population;e
12411;Current updating of population figures;STAG;Reference date;2023-12-31;KREISE;Administrative districts;09187;Rosenheim, Landkreis;256815;number;BEVSTD;Population;e
12411;Current updating of population figures;STAG;Reference date;2021-12-31;KREISE;Administrative districts;07233;Vulkaneifel, Landkreis;60882;number;BEVSTD;Population;e
12411;Current updating of population figures;STAG;Reference date;2017-12-31;KREISE;Administrative districts;03405;Wilhelmshaven, kreisfreie Stadt;76316;number;BEVSTD;Population;e
12411;Current updating of population figures;STAG;Reference date;2019-12-31;KREISE;Administrative districts;14284;Niederschlesischer Oberlausitzkreis (b.31.07.2008);-;number;BEVSTD;Population;
12411;Current updating of population figures;STAG;Reference date;2023-12-31;KREISE;Administrative districts;09174;Dachau, Landkreis;151925;number;BEVSTD;Population;e
12411;Current updating of population figures;STAG;Reference date;2018-12-31;KREISE;Administrative districts;07334;Germersheim, Landkreis;129075;number;BEVSTD;Population;e
12411;Current updating of population figures;STAG;Reference date;2025-12-31;KREISE;Administrative districts;05120;Remscheid, kreisfreie Stadt;113333;number;BEVSTD;Population;e
12411;Current updating of population figures;STAG;Reference date;2022-12-31;KREISE;Administrative districts;12071;Spree-Neiße, Landkreis;111083;number;BEVSTD;Population;e
12411;Current updating of population figures;STAG;Reference date;2017-12-31;KREISE;Administrative districts;06533;Limburg-Weilburg, Landkreis;171971;number;BEVSTD;Population;e
12411;Current updating of population figures;STAG;Reference date;2021-12-31;KREISE;Administrative districts;03360;Uelzen, Landkreis;92894;number;BEVSTD;Population;e
12411;Current updating of population figures;STAG;Reference date;2021-12-31;KREISE;Administrative districts;15265;Saalkreis (until 2007-06-30);-;number;BEVSTD;Population;
12411;Current updating of population figures;STAG;Reference date;2016-12-31;KREISE;Administrative districts;03458;Oldenburg, Landkreis;129484;number;BEVSTD;Population;e
12411;Current updating of population figures;STAG;Reference date;2016-12-31;KREISE;Administrative districts;09571;Ansbach, Landkreis;182178;number;BEVSTD;Population;e
12411;Current updating of population figures;STAG;Reference date;2022-12-31;KREISE;Administrative districts;16054;Suhl, kreisfreie Stadt;36325;number;BEVSTD;Population;e
12411;Current updating of population figures;STAG;Reference date;2018-12-31;KREISE;Administrative districts;09677;Main-Spessart, Landkreis;126365;number;BEVSTD;Population;e
12411;Current updating of population figures;STAG;Reference date;2023-12-31;KREISE;Administrative districts;05116;Mönchengladbach, kreisfreie Stadt;267667;number;BEVSTD;Population;e
12411;Current updating of population figures;STAG;Reference date;2017-12-31;KREISE;Administrative districts;09771;Aichach-Friedberg, Landkreis;132596;number;BEVSTD;Population;e
12411;Current updating of population figures;STAG;Reference date;2018-12-31;KREISE;Administrative districts;07335;Kaiserslautern, Landkreis;106057;number;BEVSTD;Population;e
12411;Current updating of population figures;STAG;Reference date;2019-12-31;KREISE;Administrative districts;13060;Parchim, Landkreis (until 2011-09-03);-;number;BEVSTD;Population;
12411;Current updating of population figures;STAG;Reference date;2025-12-31;KREISE;Administrative districts;03358;Heidekreis;141473;number;BEVSTD;Population;e
12411;Current updating of population figures;STAG;Reference date;2025-12-31;KREISE;Administrative districts;13058;Nordwestmecklenburg, Landkreis (until 2011-09-03);-;number;BEVSTD;Population;
12411;Current updating of population figures;STAG;Reference date;2018-12-31;KREISE;Administrative districts;13002;Neubrandenburg, kreisfreie Stadt (until 2011-09-03;-;number;BEVSTD;Population;
12411;Current updating of population figures;STAG;Reference date;2020-12-31;KREISE;Administrative districts;07140;Rhein-Hunsrück-Kreis;103401;number;BEVSTD;Population;e
12411;Current updating of population figures;STAG;Reference date;2019-12-31;KREISE;Administrative districts;16075;Saale-Orla-Kreis;80312;number;BEVSTD;Population;e
12411;Current updating of population figures;STAG;Reference date;2017-12-31;KREISE;Administrative districts;07134;Birkenfeld, Landkreis;80728;number;BEVSTD;Population;e
12411;Current updating of population figures;STAG;Reference date;2018-12-31;KREISE;Administrative districts;09188;Starnberg, Landkreis;136092;number;BEVSTD;Population;e
12411;Current updating of population figures;STAG;Reference date;2021-12-31;KREISE;Administrative districts;09763;Kempten (Allgäu), kreisfreie Stadt;69053;number;BEVSTD;Population;e
12411;Current updating of population figures;STAG;Reference date;2022-12-31;KREISE;Administrative districts;01057;Plön, Landkreis;130494;number;BEVSTD;Population;e
12411;Current updating of population figures;STAG;Reference date;2016-12-31;KREISE;Administrative districts;07317;Pirmasens, kreisfreie Stadt;40416;number;BEVSTD;Population;e
12411;Current updating of population figures;STAG;Reference date;2019-12-31;KREISE;Administrative districts;05378;Rheinisch-Bergischer Kreis;283271;number;BEVSTD;Population;e
12411;Current updating of population figures;STAG;Reference date;2025-12-31;KREISE;Administrative districts;14284;Niederschlesischer Oberlausitzkreis (b.31.07.2008);-;number;BEVSTD;Population;
12411;Current updating of population figures;STAG;Reference date;2018-12-31;KREISE;Administrative districts;09175;Ebersberg, Landkreis;142142;number;BEVSTD;Population;e
12411;Current updating of population figures;STAG;Reference date;2025-12-31;KREISE;Administrative districts;05515;Münster, kreisfreie Stadt;306368;number;BEVSTD;Population;e
12411;Current updating of population figures;STAG;Reference date;2020-12-31;KREISE;Administrative districts;09562;Erlangen, kreisfreie Stadt;112385;number;BEVSTD;Population;e
12411;Current updating of population figures;STAG;Reference date;2019-12-31;KREISE;Administrative districts;16062;Nordhausen, Landkreis;83416;number;BEVSTD;Population;e
12411;Current updating of population figures;STAG;Reference date;2016-12-31;KREISE;Administrative districts;06440;Wetteraukreis;303914;number;BEVSTD;Population;e
12411;Current updating of population figures;STAG;Reference date;2022-12-31;KREISE;Administrative districts;03201;Hannover, kreisfreie Stadt (until 2001-10-31);-;number;BEVSTD;Population;
12411;Current updating of population figures;STAG;Reference date;2020-12-31;KREISE;Administrative districts;09575;Neustadt an der Aisch-Bad Windsheim, Landkreis;101272;number;BEVSTD;Population;e
12411;Current updating of population figures;STAG;Reference date;2016-12-31;KREISE;Administrative districts;09478;Lichtenfels, Landkreis;66640;number;BEVSTD;Population;e
12411;Current updating of population figures;STAG;Reference date;2024-12-31;KREISE;Administrative districts;03159;Göttingen, Landkreis;328028;number;BEVSTD;Population;e
12411;Current updating of population figures;STAG;Reference date;2021-12-31;KREISE;Administrative districts;03253;Hannover, Landkreis (until 2001-10-31);-;number;BEVSTD;Population;
12411;Current updating of population figures;STAG;Reference date;2017-12-31;KREISE;Administrative districts;03156;Osterode am Harz, Landkreis (until 2016-10-31);-;number;BEVSTD;Population;
12411;Current updating of population figures;STAG;Reference date;2019-12-31;KREISE;Administrative districts;13073;Vorpommern-Rügen, Landkreis;224702;number;BEVSTD;Population;e
12411;Current updating of population figures;STAG;Reference date;2016-12-31;KREISE;Administrative districts;15265;Saalkreis (until 2007-06-30);-;number;BEVSTD;Population;
12411;Current updating of population figures;STAG;Reference date;2017-12-31;KREISE;Administrative districts;13056;Müritz, Landkreis (until 2011-09-03);-;number;BEVSTD;Population;
12411;Current updating of population figures;STAG;Reference date;2019-12-31;KREISE;Administrative districts;05112;Duisburg, kreisfreie Stadt;498686;number;BEVSTD;Population;e
12411;Current updating of population figures;STAG;Reference date;2024-12-31;KREISE;Administrative districts;01061;Steinburg, Landkreis;132731;number;BEVSTD;Population;e
12411;Current updating of population figures;STAG;Reference date;2017-12-31;KREISE;Administrative districts;14730;Nordsachsen, Landkreis;197794;number;BEVSTD;Population;e
12411;Current updating of population figures;STAG;Reference date;2018-12-31;KREISE;Administrative districts;09162;München, kreisfreie Stadt;1471508;number;BEVSTD;Population;e
12411;Current updating of population figures;STAG;Reference date;2021-12-31;KREISE;Administrative districts;05316;Leverkusen, kreisfreie Stadt;163851;number;BEVSTD;Population;e
12411;Current updating of population figures;STAG;Reference date;2019-12-31;KREISE;Administrative districts;09374;Neustadt an der Waldnaab, Landkreis;94450;number;BEVSTD;Population;e
12411;Current updating of population figures;STAG;Reference date;2020-12-31;KREISE;Administrative districts;14191;Aue-Schwarzenberg, Landkreis (until 2008-07-31);-;number;BEVSTD;Population;
12411;Current updating of population figures;STAG;Reference date;2023-12-31;KREISE;Administrative districts;08127;Schwäbisch Hall, Landkreis;200597;number;BEVSTD;Population;e
12411;Current updating of population figures;STAG;Reference date;2020-12-31;KREISE;Administrative districts;05117;Mülheim an der Ruhr, kreisfreie Stadt;170921;number;BEVSTD;Population;e
12411;Current updating of population figures;STAG;Reference date;2017-12-31;KREISE;Administrative districts;09677;Main-Spessart, Landkreis;126523;number;BEVSTD;Population;e
12411;Current updating of population figures;STAG;Reference date;2021-12-31;KREISE;Administrative districts;09776;Lindau (Bodensee), Landkreis;82330;number;BEVSTD;Population;e
12411;Current updating of population figures;STAG;Reference date;2023-12-31;KREISE;Administrative districts;16054;Suhl, kreisfreie Stadt;36307;number;BEVSTD;Population;e
12411;Current updating of population figures;STAG;Reference date;2022-12-31;KREISE;Administrative districts;03454;Emsland, Landkreis;331711;number;BEVSTD;Population;e
12411;Current updating of population figures;STAG;Reference date;2024-12-31;KREISE;Administrative districts;08426;Biberach, Landkreis;207415;number;BEVSTD;Population;e
12411;Current updating of population figures;STAG;Reference date;2021-12-31;KREISE;Administrative districts;14161;Chemnitz, kreisfreie Stadt (until 2008-07-31);-;number;BEVSTD;Population;
12411;Current updating of population figures;STAG;Reference date;2022-12-31;KREISE;Administrative districts;15083;Börde, Landkreis;168952;number;BEVSTD;Population;e
12411;Current updating of population figures;STAG;Reference date;2017-12-31;KREISE;Administrative districts;09187;Rosenheim, Landkreis;259449;number;BEVSTD;Population;e
12411;Current updating of population figures;STAG;Reference date;2023-12-31;KREISE;Administrative districts;07143;Westerwaldkreis;207648;number;BEVSTD;Population;e
12411;Current updating of population figures;STAG;Reference date;2020-12-31;KREISE;Administrative districts;13003;Rostock, kreisfreie Stadt;209061;number;BEVSTD;Population;e
12411;Current updating of population figures;STAG;Reference date;2024-12-31;KREISE;Administrative districts;03360;Uelzen, Landkreis;91638;number;BEVSTD;Population;e
12411;Current updating of population figures;STAG;Reference date;2019-12-31;KREISE;Administrative districts;08426;Biberach, Landkreis;201282;number;BEVSTD;Population;e
12411;Current updating of population figures;STAG;Reference date;2023-12-31;KREISE;Administrative districts;14191;Aue-Schwarzenberg, Landkreis (until 2008-07-31);-;number;BEVSTD;Population;
12411;Current updating of population figures;STAG;Reference date;2024-12-31;KREISE;Administrative districts;05770;Minden-Lübbecke, Landkreis;320557;number;BEVSTD;Population;e
12411;Current updating of population figures;STAG;Reference date;2024-12-31;KREISE;Administrative districts;07235;Trier-Saarburg, Landkreis;148953;number;BEVSTD;Population;e
12411;Current updating of population figures;STAG;Reference date;2025-12-31;KREISE;Administrative districts;12061;Dahme-Spreewald, Landkreis;179480;number;BEVSTD;Population;e
12411;Current updating of population figures;STAG;Reference date;2023-12-31;KREISE;Administrative districts;09771;Aichach-Friedberg, Landkreis;136430;number;BEVSTD;Population;e
12411;Current updating of population figures;STAG;Reference date;2018-12-31;KREISE;Administrative districts;03102;Salzgitter, kreisfreie Stadt;104948;number;BEVSTD;Population;e
12411;Current updating of population figures;STAG;Reference date;2021-12-31;KREISE;Administrative districts;01056;Pinneberg, Landkreis;318326;number;BEVSTD;Population;e
12411;Current updating of population figures;STAG;Reference date;2019-12-31;KREISE;Administrative districts;03458;Oldenburg, Landkreis;130890;number;BEVSTD;Population;e
12411;Current updating of population figures;STAG;Reference date;2024-12-31;KREISE;Administrative districts;05913;Dortmund, kreisfreie Stadt;603462;number;BEVSTD;Population;e
12411;Current updating of population figures;STAG;Reference date;2017-12-31;KREISE;Administrative districts;16054;Suhl, kreisfreie Stadt;35166;number;BEVSTD;Population;e
12411;Current updating of population figures;STAG;Reference date;2025-12-31;KREISE;Administrative districts;03452;Aurich, Landkreis;188450;number;BEVSTD;Population;e
12411;Current updating of population figures;STAG;Reference date;2025-12-31;KREISE;Administrative districts;01059;Schleswig-Flensburg, Landkreis;205816;number;BEVSTD;Population;e
12411;Current updating of population figures;STAG;Reference date;2024-12-31;KREISE;Administrative districts;03253;Hannover, Landkreis (until 2001-10-31);-;number;BEVSTD;Population;
12411;Current updating of population figures;STAG;Reference date;2017-12-31;KREISE;Administrative districts;16067;Gotha, Landkreis;135521;number;BEVSTD;Population;e
12411;Current updating of population figures;STAG;Reference date;2022-12-31;KREISE;Administrative districts;05766;Lippe, Landkreis;348275;number;BEVSTD;Population;e
12411;Current updating of population figures;STAG;Reference date;2025-12-31;KREISE;Administrative districts;14177;Freiberg, Landkreis (until 2008-07-31);-;number;BEVSTD;Population;
12411;Current updating of population figures;STAG;Reference date;2016-12-31;KREISE;Administrative districts;05378;Rheinisch-Bergischer Kreis;283304;number;BEVSTD;Population;e
12411;Current updating of population figures;STAG;Reference date;2022-12-31;KREISE;Administrative districts;09472;Bayreuth, Landkreis;103106;number;BEVSTD;Population;e
12411;Current updating of population figures;STAG;Reference date;2017-12-31;KREISE;Administrative districts;09161;Ingolstadt, kreisfreie Stadt;135244;number;BEVSTD;Population;e
12411;Current updating of population figures;STAG;Reference date;2023-12-31;KREISE;Administrative districts;05978;Unna, Landkreis;396283;number;BEVSTD;Population;e
12411;Current updating of population figures;STAG;Reference date;2016-12-31;KREISE;Administrative districts;14161;Chemnitz, kreisfreie Stadt (until 2008-07-31);-;number;BEVSTD;Population;
12411;Current updating of population figures;STAG;Reference date;2017-12-31;KREISE;Administrative districts;15083;Börde, Landkreis;172619;number;BEVSTD;Population;e
12411;Current updating of population figures;STAG;Reference date;2021-12-31;KREISE;Administrative districts;03159;Göttingen, Landkreis;323661;number;BEVSTD;Population;e
12411;Current updating of population figures;STAG;Reference date;2016-12-31;KREISE;Administrative districts;05112;Duisburg, kreisfreie Stadt;499845;number;BEVSTD;Population;e
12411;Current updating of population figures;STAG;Reference date;2022-12-31;KREISE;Administrative districts;05370;Heinsberg, Landkreis;261239;number;BEVSTD;Population;e
12411;Current updating of population figures;STAG;Reference date;2017-12-31;KREISE;Administrative districts;09174;Dachau, Landkreis;152703;number;BEVSTD;Population;e
12411;Current updating of population figures;STAG;Reference date;2025-12-31;KREISE;Administrative districts;08135;Heidenheim, Landkreis;135075;number;BEVSTD;Population;e
12411;Current updating of population figures;STAG;Reference date;2021-12-31;KREISE;Administrative districts;09273;Kelheim, Landkreis;123899;number;BEVSTD;Population;e
12411;Current updating of population figures;STAG;Reference date;2022-12-31;KREISE;Administrative districts;05513;Gelsenkirchen, kreisfreie Stadt;264644;number;BEVSTD;Population;e
12411;Current updating of population figures;STAG;Reference date;2023-12-31;KREISE;Administrative districts;06435;Main-Kinzig-Kreis;419055;number;BEVSTD;Population;e
12411;Current updating of population figures;STAG;Reference date;2025-12-31;KREISE;Administrative districts;09190;Weilheim-Schongau, Landkreis;139241;number;BEVSTD;Population;e
12411;Current updating of population figures;STAG;Reference date;2018-12-31;KREISE;Administrative districts;08425;Alb-Donau-Kreis;196047;number;BEVSTD;Population;e
12411;Current updating of population figures;STAG;Reference date;2024-12-31;KREISE;Administrative districts;09362;Regensburg, kreisfreie Stadt;151389;number;BEVSTD;Population;e
12411;Current updating of population figures;STAG;Reference date;2016-12-31;KREISE;Administrative districts;05974;Soest, Landkreis;301655;number;BEVSTD;Population;e
12411;Current updating of population figures;STAG;Reference date;2020-12-31;KREISE;Administrative districts;06434;Hochtaunuskreis;237281;number;BEVSTD;Population;e
12411;Current updating of population figures;STAG;Reference date;2018-12-31;KREISE;Administrative districts;14729;Leipzig, Landkreis;257763;number;BEVSTD;Population;e
12411;Current updating of population figures;STAG;Reference date;2023-12-31;KREISE;Administrative districts;04012;Bremerhaven, kreisfreie Stadt;118323;number;BEVSTD;Population;e
12411;Current updating of population figures;STAG;Reference date;2023-12-31;KREISE;Administrative districts;09678;Schweinfurt, Landkreis;114404;number;BEVSTD;Population;e
12411;Current updating of population figures;STAG;Reference date;2022-12-31;KREISE;Administrative districts;16053;Jena, kreisfreie Stadt;110470;number;BEVSTD;Population;e
12411;Current updating of population figures;STAG;Reference date;2023-12-31;KREISE;Administrative districts;09162;München, kreisfreie Stadt;1488719;number;BEVSTD;Population;e
12411;Current updating of population figures;STAG;Reference date;2018-12-31;KREISE;Administrative districts;09772;Augsburg, Landkreis;251534;number;BEVSTD;Population;e
12411;Current updating of population figures;STAG;Reference date;2017-12-31;KREISE;Administrative districts;14375;Döbeln, Landkreis (until 2008-07-31);-;number;BEVSTD;Population;
12411;Current updating of population figures;STAG;Reference date;2024-12-31;KREISE;Administrative districts;06633;Kassel, Landkreis;231073;number;BEVSTD;Population;e
12411;Current updating of population figures;STAG;Reference date;2017-12-31;KREISE;Administrative districts;08212;Karlsruhe, kreisfreie Stadt;311919;number;BEVSTD;Population;e
12411;Current updating of population figures;STAG;Reference date;2025-12-31;KREISE;Administrative districts;09573;Fürth, Landkreis;117787;number;BEVSTD;Population;e
12411;Current updating of population figures;STAG;Reference date;2016-12-31;KREISE;Administrative districts;08121;Heilbronn, kreisfreie Stadt;123771;number;BEVSTD;Population;e
12411;Current updating of population figures;STAG;Reference date;2016-12-31;KREISE;Administrative districts;01056;Pinneberg, Landkreis;310653;number;BEVSTD;Population;e
12411;Current updating of population figures;STAG;Reference date;2023-12-31;KREISE;Administrative districts;06433;Groß-Gerau, Landkreis;267920;number;BEVSTD;Population;e
12411;Current updating of population figures;STAG;Reference date;2019-12-31;KREISE;Administrative districts;15355;Bördekreis (until 2007-06-30);-;number;BEVSTD;Population;
12411;Current updating of population figures;STAG;Reference date;2017-12-31;KREISE;Administrative districts;12072;Teltow-Fläming, Landkreis;166890;number;BEVSTD;Population;e
12411;Current updating of population figures;STAG;Reference date;2017-12-31;KREISE;Administrative districts;05958;Hochsauerlandkreis;261591;number;BEVSTD;Population;e
12411;Current updating of population figures;STAG;Reference date;2018-12-31;KREISE;Administrative districts;03354;Lüchow-Dannenberg, Landkreis;48424;number;BEVSTD;Population;e
12411;Current updating of population figures;STAG;Reference date;2024-12-31;KREISE;Administrative districts;05911;Bochum, kreisfreie Stadt;358676;number;BEVSTD;Population;e
12411;Current updating of population figures;STAG;Reference date;2016-12-31;KREISE;Administrative districts;14188;Stollberg, Landkreis (until 2008-07-31);-;number;BEVSTD;Population;
12411;Current updating of population figures;STAG;Reference date;2021-12-31;KREISE;Administrative districts;09178;Freising, Landkreis;181144;number;BEVSTD;Population;e
12411;Current updating of population figures;STAG;Reference date;2025-12-31;KREISE;Administrative districts;15256;Burgenlandkreis (until 2007-06-30);-;number;BEVSTD;Population;
12411;Current updating of population figures;STAG;Reference date;2017-12-31;KREISE;Administrative districts;05562;Recklinghausen, Landkreis;616824;number;BEVSTD;Population;e
12411;Current updating of population figures;STAG;Reference date;2025-12-31;KREISE;Administrative districts;05158;Mettmann, Landkreis;489147;number;BEVSTD;Population;e
12411;Current updating of population figures;STAG;Reference date;2025-12-31;KREISE;Administrative districts;15003;Magdeburg, kreisfreie Stadt;244494;number;BEVSTD;Population;e
12411;Current updating of population figures;STAG;Reference date;2017-12-31;KREISE;Administrative districts;08225;Neckar-Odenwald-Kreis;143376;number;BEVSTD;Population;e
12411;Current updating of population figures;STAG;Reference date;2018-12-31;KREISE;Administrative districts;03101;Braunschweig, kreisfreie Stadt;248292;number;BEVSTD;Population;e
12411;Current updating of population figures;STAG;Reference date;2017-12-31;KREISE;Administrative districts;16053;Jena, kreisfreie Stadt;111099;number;BEVSTD;Population;e
12411;Current updating of population figures;STAG;Reference date;2018-12-31;KREISE;Administrative districts;05762;Höxter, Landkreis;140667;number;BEVSTD;Population;e
12411;Current updating of population figures;STAG;Reference date;2016-12-31;KREISE;Administrative districts;03459;Osnabrück, Landkreis;354807;number;BEVSTD;Population;e
12411;Current updating of population figures;STAG;Reference date;2017-12-31;KREISE;Administrative districts;06534;Marburg-Biedenkopf, Landkreis;246165;number;BEVSTD;Population;e
12411;Current updating of population figures;STAG;Reference date;2022-12-31;KREISE;Administrative districts;07338;Rhein-Pfalz-Kreis;155061;number;BEVSTD;Population;e
12411;Current updating of population figures;STAG;Reference date;2021-12-31;KREISE;Administrative districts;03361;Verden, Landkreis;138507;number;BEVSTD;Population;e
12411;Current updating of population figures;STAG;Reference date;2017-12-31;KREISE;Administrative districts;03154;Helmstedt, Landkreis;91720;number;BEVSTD;Population;e
12411;Current updating of population figures;STAG;Reference date;2018-12-31;KREISE;Administrative districts;09678;Schweinfurt, Landkreis;115106;number;BEVSTD;Population;e
12411;Current updating of population figures;STAG;Reference date;2020-12-31;KREISE;Administrative districts;08125;Heilbronn, Landkreis;346363;number;BEVSTD;Population;e
12411;Current updating of population figures;STAG;Reference date;2023-12-31;KREISE;Administrative districts;05117;Mülheim an der Ruhr, kreisfreie Stadt;172887;number;BEVSTD;Population;e
12411;Current updating of population figures;STAG;Reference date;2020-12-31;KREISE;Administrative districts;05978;Unna, Landkreis;393618;number;BEVSTD;Population;e
12411;Current updating of population figures;STAG;Reference date;2023-12-31;KREISE;Administrative districts;16055;Weimar, kreisfreie Stadt;65528;number;BEVSTD;Population;e
12411;Current updating of population figures;STAG;Reference date;2021-12-31;KREISE;Administrative districts;08325;Rottweil, Landkreis;140446;number;BEVSTD;Population;e
12411;Current updating of population figures;STAG;Reference date;2022-12-31;KREISE;Administrative districts;08416;Tübingen, Landkreis;230987;number;BEVSTD;Population;e
12411;Current updating of population figures;STAG;Reference date;2020-12-31;KREISE;Administrative districts;15303;Magdeburg, kreisfreie Stadt (until 2007-06-30);-;number;BEVSTD;Population;
12411;Current updating of population figures;STAG;Reference date;2017-12-31;KREISE;Administrative districts;06414;Wiesbaden, kreisfreie Stadt;278654;number;BEVSTD;Population;e
12411;Current updating of population figures;STAG;Reference date;2017-12-31;KREISE;Administrative districts;08118;Ludwigsburg, Landkreis;542630;number;BEVSTD;Population;e
12411;Current updating of population figures;STAG;Reference date;2021-12-31;KREISE;Administrative districts;03241;Region Hannover, Landkreis;1157541;number;BEVSTD;Population;e
12411;Current updating of population figures;STAG;Reference date;2023-12-31;KREISE;Administrative districts;13003;Rostock, kreisfreie Stadt;204948;number;BEVSTD;Population;e
12411;Current updating of population figures;STAG;Reference date;2025-12-31;KREISE;Administrative districts;14521;Erzgebirgskreis;315274;number;BEVSTD;Population;e
12411;Current updating of population figures;STAG;Reference date;2022-12-31;KREISE;Administrative districts;13056;Müritz, Landkreis (until 2011-09-03);-;number;BEVSTD;Population;
12411;Current updating of population figures;STAG;Reference date;2025-12-31;KREISE;Administrative districts;09479;Wunsiedel im Fichtelgebirge, Landkreis;69990;number;BEVSTD;Population;e
12411;Current updating of population figures;STAG;Reference date;2024-12-31;KREISE;Administrative districts;13071;Mecklenburgische Seenplatte, Landkreis;246318;number;BEVSTD;Population;e
12411;Current updating of population figures;STAG;Reference date;2018-12-31;KREISE;Administrative districts;07320;Zweibrücken, kreisfreie Stadt;34209;number;BEVSTD;Population;e
12411;Current updating of population figures;STAG;Reference date;2023-12-31;KREISE;Administrative districts;09188;Starnberg, Landkreis;138926;number;BEVSTD;Population;e
12411;Current updating of population figures;STAG;Reference date;2022-12-31;KREISE;Administrative districts;03452;Aurich, Landkreis;188402;number;BEVSTD;Population;e
12411;Current updating of population figures;STAG;Reference date;2022-12-31;KREISE;Administrative districts;15081;Altmarkkreis Salzwedel;81369;number;BEVSTD;Population;e
12411;Current updating of population figures;STAG;Reference date;2017-12-31;KREISE;Administrative districts;09663;Würzburg, kreisfreie Stadt;126635;number;BEVSTD;Population;e
12411;Current updating of population figures;STAG;Reference date;2023-12-31;KREISE;Administrative districts;09175;Ebersberg, Landkreis;143011;number;BEVSTD;Population;e
12411;Current updating of population figures;STAG;Reference date;2023-12-31;KREISE;Administrative districts;16068;Sömmerda, Landkreis;68109;number;BEVSTD;Population;e
12411;Current updating of population figures;STAG;Reference date;2018-12-31;KREISE;Administrative districts;07333;Donnersbergkreis;75101;number;BEVSTD;Population;e
12411;Current updating of population figures;STAG;Reference date;2022-12-31;KREISE;Administrative districts;15357;Halberstadt, Landkreis (until 2007-06-30);-;number;BEVSTD;Population;
12411;Current updating of population figures;STAG;Reference date;2022-12-31;KREISE;Administrative districts;12072;Teltow-Fläming, Landkreis;175569;number;BEVSTD;Population;e
12411;Current updating of population figures;STAG;Reference date;2021-12-31;KREISE;Administrative districts;15266;Sangerhausen, Landkreis (until 2007-06-30);-;number;BEVSTD;Population;
12411;Current updating of population figures;STAG;Reference date;2018-12-31;KREISE;Administrative districts;01053;Herzogtum Lauenburg, Landkreis;197264;number;BEVSTD;Population;e
12411;Current updating of population figures;STAG;Reference date;2025-12-31;KREISE;Administrative districts;15363;Stendal, Landkreis (until 2007-06-30);-;number;BEVSTD;Population;
12411;Current updating of population figures;STAG;Reference date;2021-12-31;KREISE;Administrative districts;09761;Augsburg, kreisfreie Stadt;296478;number;BEVSTD;Population;e
12411;Current updating of population figures;STAG;Reference date;2022-12-31;KREISE;Administrative districts;16066;Schmalkalden-Meiningen, Landkreis;121791;number;BEVSTD;Population;e
12411;Current updating of population figures;STAG;Reference date;2021-12-31;KREISE;Administrative districts;06632;Hersfeld-Rotenburg, Landkreis;120163;number;BEVSTD;Population;e
12411;Current updating of population figures;STAG;Reference date;2022-12-31;KREISE;Administrative districts;07312;Kaiserslautern, kreisfreie Stadt;100316;number;BEVSTD;Population;e
12411;Current updating of population figures;STAG;Reference date;2016-12-31;KREISE;Administrative districts;07319;Worms, kreisfreie Stadt;82595;number;BEVSTD;Population;e
12411;Current updating of population figures;STAG;Reference date;2020-12-31;KREISE;Administrative districts;07141;Rhein-Lahn-Kreis;122574;number;BEVSTD;Population;e
12411;Current updating of population figures;STAG;Reference date;2018-12-31;KREISE;Administrative districts;03461;Wesermarsch, Landkreis;88624;number;BEVSTD;Population;e
12411;Current updating of population figures;STAG;Reference date;2017-12-31;KREISE;Administrative districts;03404;Osnabrück, kreisfreie Stadt;164374;number;BEVSTD;Population;e
12411;Current updating of population figures;STAG;Reference date;2024-12-31;KREISE;Administrative districts;09375;Regensburg, Landkreis;196213;number;BEVSTD;Population;e
12411;Current updating of population figures;STAG;Reference date;2021-12-31;KREISE;Administrative districts;09762;Kaufbeuren, kreisfreie Stadt;45118;number;BEVSTD;Population;e
12411;Current updating of population figures;STAG;Reference date;2019-12-31;KREISE;Administrative districts;16063;Wartburgkreis;118974;number;BEVSTD;Population;e
12411;Current updating of population figures;STAG;Reference date;2021-12-31;KREISE;Administrative districts;05315;Köln, kreisfreie Stadt;1073096;number;BEVSTD;Population;e
12411;Current updating of population figures;STAG;Reference date;2025-12-31;KREISE;Administrative districts;14272;Bautzen, Landkreis (until 2008-07-31);-;number;BEVSTD;Population;
12411;Current updating of population figures;STAG;Reference date;2022-12-31;KREISE;Administrative districts;01058;Rendsburg-Eckernförde, Landkreis;276964;number;BEVSTD;Population;e
12411;Current updating of population figures;STAG;Reference date;2016-12-31;KREISE;Administrative districts;07318;Speyer, kreisfreie Stadt;50551;number;BEVSTD;Population;e
12411;Current updating of population figures;STAG;Reference date;2017-12-31;KREISE;Administrative districts;09676;Miltenberg, Landkreis;128484;number;BEVSTD;Population;e
12411;Current updating of population figures;STAG;Reference date;2022-12-31;KREISE;Administrative districts;03359;Stade, Landkreis;206375;number;BEVSTD;Population;e
12411;Current updating of population figures;STAG;Reference date;2016-12-31;KREISE;Administrative districts;09464;Hof, kreisfreie Stadt;45183;number;BEVSTD;Population;e
12411;Current updating of population figures;STAG;Reference date;2016-12-31;KREISE;Administrative districts;13071;Mecklenburgische Seenplatte, Landkreis;261816;number;BEVSTD;Population;e
12411;Current updating of population figures;STAG;Reference date;2022-12-31;KREISE;Administrative districts;15358;Jerichower Land, Landkreis (until 2007-06-30);-;number;BEVSTD;Population;
12411;Current updating of population figures;STAG;Reference date;2018-12-31;KREISE;Administrative districts;09176;Eichstätt, Landkreis;132341;number;BEVSTD;Population;e
12411;Current updating of population figures;STAG;Reference date;2024-12-31;KREISE;Administrative districts;05315;Köln, kreisfreie Stadt;1024621;number;BEVSTD;Population;e
12411;Current updating of population figures;STAG;Reference date;2021-12-31;KREISE;Administrative districts;07340;Südwestpfalz, Landkreis;94819;number;BEVSTD;Population;e
12411;Current updating of population figures;STAG;Reference date;2022-12-31;KREISE;Administrative districts;14730;Nordsachsen, Landkreis;200825;number;BEVSTD;Population;e
12411;Current updating of population figures;STAG;Reference date;2017-12-31;KREISE;Administrative districts;07135;Cochem-Zell, Landkreis;61662;number;BEVSTD;Population;e
12411;Current updating of population figures;STAG;Reference date;2022-12-31;KREISE;Administrative districts;09471;Bamberg, Landkreis;147269;number;BEVSTD;Population;e
12411;Current updating of population figures;STAG;Reference date;2018-12-31;KREISE;Administrative districts;09163;Rosenheim, kreisfreie Stadt;63324;number;BEVSTD;Population;e
12411;Current updating of population figures;STAG;Reference date;2019-12-31;KREISE;Administrative districts;07319;Worms, kreisfreie Stadt;83542;number;BEVSTD;Population;e
12411;Current updating of population figures;STAG;Reference date;2020-12-31;KREISE;Administrative districts;05116;Mönchengladbach, kreisfreie Stadt;259665;number;BEVSTD;Population;e
12411;Current updating of population figures;STAG;Reference date;2023-12-31;KREISE;Administrative districts;08126;Hohenlohekreis;115335;number;BEVSTD;Population;e
12411;Current updating of population figures;STAG;Reference date;2025-12-31;KREISE;Administrative districts;16070;Ilm-Kreis;106006;number;BEVSTD;Population;e
12411;Current updating of population figures;STAG;Reference date;2019-12-31;KREISE;Administrative districts;05124;Wuppertal, kreisfreie Stadt;355100;number;BEVSTD;Population;e
12411;Current updating of population figures;STAG;Reference date;2025-12-31;KREISE;Administrative districts;14522;Mittelsachsen, Landkreis;294037;number;BEVSTD;Population;e
12411;Current updating of population figures;STAG;Reference date;2021-12-31;KREISE;Administrative districts;09775;Neu-Ulm, Landkreis;177330;number;BEVSTD;Population;e
12411;Current updating of population figures;STAG;Reference date;2023-12-31;KREISE;Administrative districts;01004;Neumünster, kreisfreie Stadt;79461;number;BEVSTD;Population;e
12411;Current updating of population figures;STAG;Reference date;2019-12-31;KREISE;Administrative districts;09375;Regensburg, Landkreis;194070;number;BEVSTD;Population;e
12411;Current updating of population figures;STAG;Reference date;2025-12-31;KREISE;Administrative districts;05754;Gütersloh, Landkreis;362443;number;BEVSTD;Population;e
12411;Current updating of population figures;STAG;Reference date;2020-12-31;KREISE;Administrative districts;09563;Fürth, kreisfreie Stadt;128223;number;BEVSTD;Population;e
12411;Current updating of population figures;STAG;Reference date;2022-12-31;KREISE;Administrative districts;15082;Anhalt-Bitterfeld, Landkreis;154366;number;BEVSTD;Population;e
12411;Current updating of population figures;STAG;Reference date;2025-12-31;KREISE;Administrative districts;03359;Stade, Landkreis;207935;number;BEVSTD;Population;e
12411;Current updating of population figures;STAG;Reference date;2025-12-31;KREISE;Administrative districts;13057;Nordvorpommern, Landkreis (until 2011-09-03);-;number;BEVSTD;Population;
12411;Current updating of population figures;STAG;Reference date;2020-12-31;KREISE;Administrative districts;09576;Roth, Landkreis;127168;number;BEVSTD;Population;e
12411;Current updating of population figures;STAG;Reference date;2016-12-31;KREISE;Administrative districts;09477;Kulmbach, Landkreis;71993;number;BEVSTD;Population;e
12411;Current updating of population figures;STAG;Reference date;2018-12-31;KREISE;Administrative districts;13003;Rostock, kreisfreie Stadt;208886;number;BEVSTD;Population;e
12411;Current updating of population figures;STAG;Reference date;2025-12-31;KREISE;Administrative districts;12060;Barnim, Landkreis;194885;number;BEVSTD;Population;e
12411;Current updating of population figures;STAG;Reference date;2021-12-31;KREISE;Administrative districts;03254;Hildesheim, Landkreis;274773;number;BEVSTD;Population;e
12411;Current updating of population figures;STAG;Reference date;2017-12-31;KREISE;Administrative districts;03155;Northeim, Landkreis;133046;number;BEVSTD;Population;e
12411;Current updating of population figures;STAG;Reference date;2019-12-31;KREISE;Administrative districts;16076;Greiz, Landkreis;97398;number;BEVSTD;Population;e
12411;Current updating of population figures;STAG;Reference date;2019-12-31;KREISE;Administrative districts;13072;Rostock, Landkreis;215794;number;BEVSTD;Population;e
12411;Current updating of population figures;STAG;Reference date;2017-12-31;KREISE;Administrative districts;13057;Nordvorpommern, Landkreis (until 2011-09-03);-;number;BEVSTD;Population;
12411;Current updating of population figures;STAG;Reference date;2019-12-31;KREISE;Administrative districts;09362;Regensburg, kreisfreie Stadt;153094;number;BEVSTD;Population;e
12411;Current updating of population figures;STAG;Reference date;2021-12-31;KREISE;Administrative districts;01055;Ostholstein, Landkreis;202014;number;BEVSTD;Population;e
12411;Current updating of population figures;STAG;Reference date;2019-12-31;KREISE;Administrative districts;05111;Düsseldorf, kreisfreie Stadt;621877;number;BEVSTD;Population;e
12411;Current updating of population figures;STAG;Reference date;2021-12-31;KREISE;Administrative districts;15159;Köthen, Landkreis (until 2007-06-30);-;number;BEVSTD;Population;
12411;Current updating of population figures;STAG;Reference date;2025-12-31;KREISE;Administrative districts;12073;Uckermark, Landkreis;116422;number;BEVSTD;Population;e
12411;Current updating of population figures;STAG;Reference date;2016-12-31;KREISE;Administrative districts;05111;Düsseldorf, kreisfreie Stadt;613230;number;BEVSTD;Population;e
12411;Current updating of population figures;STAG;Reference date;2022-12-31;KREISE;Administrative districts;14374;Delitzsch, Landkreis (until 2008-07-31);-;number;BEVSTD;Population;
12411;Current updating of population figures;STAG;Reference date;2021-12-31;KREISE;Administrative districts;09272;Freyung-Grafenau, Landkreis;78632;number;BEVSTD;Population;e
12411;Current updating of population figures;STAG;Reference date;2023-12-31;KREISE;Administrative districts;14729;Leipzig, Landkreis;260706;number;BEVSTD;Population;e
12411;Current updating of population figures;STAG;Reference date;2016-12-31;KREISE;Administrative districts;15159;Köthen, Landkreis (until 2007-06-30);-;number;BEVSTD;Population;
12411;Current updating of population figures;STAG;Reference date;2020-12-31;KREISE;Administrative districts;09180;Garmisch-Partenkirchen, Landkreis;88279;number;BEVSTD;Population;e
12411;Current updating of population figures;STAG;Reference date;2022-12-31;KREISE;Administrative districts;05754;Gütersloh, Landkreis;361931;number;BEVSTD;Population;e
12411;Current updating of population figures;STAG;Reference date;2020-12-31;KREISE;Administrative districts;13002;Neubrandenburg, kreisfreie Stadt (until 2011-09-03;-;number;BEVSTD;Population;
12411;Current updating of population figures;STAG;Reference date;2024-12-31;KREISE;Administrative districts;03361;Verden, Landkreis;138626;number;BEVSTD;Population;e
12411;Current updating of population figures;STAG;Reference date;2023-12-31;KREISE;Administrative districts;05966;Olpe, Landkreis;132426;number;BEVSTD;Population;e
12411;Current updating of population figures;STAG;Reference date;2017-12-31;KREISE;Administrative districts;16066;Schmalkalden-Meiningen, Landkreis;122952;number;BEVSTD;Population;e
12411;Current updating of population figures;STAG;Reference date;2022-12-31;KREISE;Administrative districts;09377;Tirschenreuth, Landkreis;72561;number;BEVSTD;Population;e
12411;Current updating of population figures;STAG;Reference date;2016-12-31;KREISE;Administrative districts;15266;Sangerhausen, Landkreis (until 2007-06-30);-;number;BEVSTD;Population;
12411;Current updating of population figures;STAG;Reference date;2025-12-31;KREISE;Administrative districts;14178;Vogtlandkreis (until 2008-07-31);-;number;BEVSTD;Population;
12411;Current updating of population figures;STAG;Reference date;2019-12-31;KREISE;Administrative districts;03459;Osnabrück, Landkreis;358080;number;BEVSTD;Population;e
12411;Current updating of population figures;STAG;Reference date;2021-12-31;KREISE;Administrative districts;13071;Mecklenburgische Seenplatte, Landkreis;257525;number;BEVSTD;Population;e
12411;Current updating of population figures;STAG;Reference date;2017-12-31;KREISE;Administrative districts;15082;Anhalt-Bitterfeld, Landkreis;161264;number;BEVSTD;Population;e
12411;Current updating of population figures;STAG;Reference date;2017-12-31;KREISE;Administrative districts;09173;Bad Tölz-Wolfratshausen, Landkreis;126572;number;BEVSTD;Population;e
12411;Current updating of population figures;STAG;Reference date;2025-12-31;KREISE;Administrative districts;08136;Ostalbkreis;316328;number;BEVSTD;Population;e
12411;Current updating of population figures;STAG;Reference date;2025-12-31;KREISE;Administrative districts;14285;Riesa-Großenhain, Landkreis (until 2008-07-31);-;number;BEVSTD;Population;
12411;Current updating of population figures;STAG;Reference date;2025-12-31;KREISE;Administrative districts;03453;Cloppenburg, Landkreis;177849;number;BEVSTD;Population;e
12411;Current updating of population figures;STAG;Reference date;2016-12-31;KREISE;Administrative districts;05124;Wuppertal, kreisfreie Stadt;352390;number;BEVSTD;Population;e
12411;Current updating of population figures;STAG;Reference date;2016-12-31;KREISE;Administrative districts;01055;Ostholstein, Landkreis;200813;number;BEVSTD;Population;e
12411;Current updating of population figures;STAG;Reference date;2024-12-31;KREISE;Administrative districts;03241;Region Hannover, Landkreis;1140888;number;BEVSTD;Population;e
12411;Current updating of population figures;STAG;Reference date;2017-12-31;KREISE;Administrative districts;09186;Pfaffenhofen an der Ilm, Landkreis;126244;number;BEVSTD;Population;e
12411;Current updating of population figures;STAG;Reference date;2017-12-31;KREISE;Administrative districts;15358;Jerichower Land, Landkreis (until 2007-06-30);-;number;BEVSTD;Population;
12411;Current updating of population figures;STAG;Reference date;2025-12-31;KREISE;Administrative districts;01058;Rendsburg-Eckernförde, Landkreis;277263;number;BEVSTD;Population;e
12411;Current updating of population figures;STAG;Reference date;2024-12-31;KREISE;Administrative districts;03254;Hildesheim, Landkreis;267506;number;BEVSTD;Population;e
12411;Current updating of population figures;STAG;Reference date;2023-12-31;KREISE;Administrative districts;09772;Augsburg, Landkreis;261600;number;BEVSTD;Population;e
12411;Current updating of population figures;STAG;Reference date;2021-12-31;KREISE;Administrative districts;14188;Stollberg, Landkreis (until 2008-07-31);-;number;BEVSTD;Population;
12411;Current updating of population figures;STAG;Reference date;2018-12-31;KREISE;Administrative districts;09189;Traunstein, Landkreis;177089;number;BEVSTD;Population;e
12411;Current updating of population figures;STAG;Reference date;2023-12-31;KREISE;Administrative districts;05570;Warendorf, Landkreis;282216;number;BEVSTD;Population;e
12411;Current updating of population figures;STAG;Reference date;2022-12-31;KREISE;Administrative districts;16065;Kyffhäuserkreis;73022;number;BEVSTD;Population;e
12411;Current updating of population figures;STAG;Reference date;2022-12-31;KREISE;Administrative districts;07319;Worms, kreisfreie Stadt;85378;number;BEVSTD;Population;e
12411;Current updating of population figures;STAG;Reference date;2020-12-31;KREISE;Administrative districts;06411;Darmstadt, kreisfreie Stadt;159174;number;BEVSTD;Population;e
12411;Current updating of population figures;STAG;Reference date;2017-12-31;KREISE;Administrative districts;12051;Brandenburg an der Havel, kreisfreie Stadt;71886;number;BEVSTD;Population;e
12411;Current updating of population figures;STAG;Reference date;2022-12-31;KREISE;Administrative districts;09190;Weilheim-Schongau, Landkreis;136811;number;BEVSTD;Population;e
12411;Current updating of population figures;STAG;Reference date;2016-12-31;KREISE;Administrative districts;14524;Zwickau, Landkreis;322099;number;BEVSTD;Population;e
12411;Current updating of population figures;STAG;Reference date;2017-12-31;KREISE;Administrative districts;15089;Salzlandkreis;192739;number;BEVSTD;Population;e
12411;Current updating of population figures;STAG;Reference date;2016-12-31;KREISE;Administrative districts;05515;Münster, kreisfreie Stadt;311846;number;BEVSTD;Population;e
12411;Current updating of population figures;STAG;Reference date;2016-12-31;KREISE;Administrative districts;03358;Heidekreis;139641;number;BEVSTD;Population;e
12411;Current updating of population figures;STAG;Reference date;2021-12-31;KREISE;Administrative districts;06611;Kassel, kreisfreie Stadt;200406;number;BEVSTD;Population;e
12411;Current updating of population figures;STAG;Reference date;2018-12-31;KREISE;Administrative districts;08317;Ortenaukreis;429479;number;BEVSTD;Population;e
12411;Current updating of population figures;STAG;Reference date;2020-12-31;KREISE;Administrative districts;06531;Gießen, Landkreis;271667;number;BEVSTD;Population;e
12411;Current updating of population figures;STAG;Reference date;2018-12-31;KREISE;Administrative districts;03255;Holzminden, Landkreis;70975;number;BEVSTD;Population;e
12411;Current updating of population figures;STAG;Reference date;2022-12-31;KREISE;Administrative districts;16052;Gera, kreisfreie Stadt;94454;number;BEVSTD;Population;e
12411;Current updating of population figures;STAG;Reference date;2018-12-31;KREISE;Administrative districts;05915;Hamm, kreisfreie Stadt;179111;number;BEVSTD;Population;e
12411;Current updating of population figures;STAG;Reference date;2020-12-31;KREISE;Administrative districts;09173;Bad Tölz-Wolfratshausen, Landkreis;128212;number;BEVSTD;Population;e
12411;Current updating of population figures;STAG;Reference date;2018-12-31;KREISE;Administrative districts;09773;Dillingen an der Donau, Landkreis;96021;number;BEVSTD;Population;e
12411;Current updating of population figures;STAG;Reference date;2022-12-31;KREISE;Administrative districts;09479;Wunsiedel im Fichtelgebirge, Landkreis;70963;number;BEVSTD;Population;e
12411;Current updating of population figures;STAG;Reference date;2022-12-31;KREISE;Administrative districts;11000;Berlin, kreisfreie Stadt;3632853;number;BEVSTD;Population;e
12411;Current updating of population figures;STAG;Reference date;2021-12-31;KREISE;Administrative districts;09373;Neumarkt in der Oberpfalz, Landkreis;136062;number;BEVSTD;Population;e
12411;Current updating of population figures;STAG;Reference date;2019-12-31;KREISE;Administrative districts;03455;Friesland, Landkreis;98704;number;BEVSTD;Population;e
12411;Current updating of population figures;STAG;Reference date;2024-12-31;KREISE;Administrative districts;07336;Kusel, Landkreis;69334;number;BEVSTD;Population;e
12411;Current updating of population figures;STAG;Reference date;2017-12-31;KREISE;Administrative districts;08117;Göppingen, Landkreis;256345;number;BEVSTD;Population;e
12411;Current updating of population figures;STAG;Reference date;2024-12-31;KREISE;Administrative districts;09274;Landshut, Landkreis;162170;number;BEVSTD;Population;e
12411;Current updating of population figures;STAG;Reference date;2024-12-31;KREISE;Administrative districts;05166;Viersen, Landkreis;297857;number;BEVSTD;Population;e
12411;Current updating of population figures;STAG;Reference date;2022-12-31;KREISE;Administrative districts;13053;Güstrow, Landkreis (until 2011-09-03);-;number;BEVSTD;Population;
12411;Current updating of population figures;STAG;Reference date;2025-12-31;KREISE;Administrative districts;05113;Essen, kreisfreie Stadt;573618;number;BEVSTD;Population;e
12411;Current updating of population figures;STAG;Reference date;2025-12-31;KREISE;Administrative districts;09474;Forchheim, Landkreis;116602;number;BEVSTD;Population;e
12411;Current updating of population figures;STAG;Reference date;2021-12-31;KREISE;Administrative districts;15370;Altmarkkreis Salzwedel (until 2007-06-30);-;number;BEVSTD;Population;
12411;Current updating of population figures;STAG;Reference date;2019-12-31;KREISE;Administrative districts;10041;Regionalverband Saarbrücken, Landkreis;328714;number;BEVSTD;Population;e
12411;Current updating of population figures;STAG;Reference date;2020-12-31;KREISE;Administrative districts;09186;Pfaffenhofen an der Ilm, Landkreis;129128;number;BEVSTD;Population;e
12411;Current updating of population figures;STAG;Reference date;2017-12-31;KREISE;Administrative districts;08237;Freudenstadt, Landkreis;117456;number;BEVSTD;Population;e
12411;Current updating of population figures;STAG;Reference date;2025-12-31;KREISE;Administrative districts;06431;Bergstraße, Landkreis;273353;number;BEVSTD;Population;e
12411;Current updating of population figures;STAG;Reference date;2023-12-31;KREISE;Administrative districts;12068;Ostprignitz-Ruppin, Landkreis;99372;number;BEVSTD;Population;e
12411;Current updating of population figures;STAG;Reference date;2018-12-31;KREISE;Administrative districts;08437;Sigmaringen, Landkreis;130873;number;BEVSTD;Population;e
12411;Current updating of population figures;STAG;Reference date;2024-12-31;KREISE;Administrative districts;14188;Stollberg, Landkreis (until 2008-07-31);-;number;BEVSTD;Population;
12411;Current updating of population figures;STAG;Reference date;2025-12-31;KREISE;Administrative districts;05366;Euskirchen, Landkreis;201636;number;BEVSTD;Population;e
12411;Current updating of population figures;STAG;Reference date;2024-12-31;KREISE;Administrative districts;09261;Landshut, kreisfreie Stadt;71863;number;BEVSTD;Population;e
12411;Current updating of population figures;STAG;Reference date;2021-12-31;KREISE;Administrative districts;07333;Donnersbergkreis;75569;number;BEVSTD;Population;e
12411;Current updating of population figures;STAG;Reference date;2023-12-31;KREISE;Administrative districts;15303;Magdeburg, kreisfreie Stadt (until 2007-06-30);-;number;BEVSTD;Population;
12411;Current updating of population figures;STAG;Reference date;2016-12-31;KREISE;Administrative districts;13076;Ludwigslust-Parchim, Landkreis;212562;number;BEVSTD;Population;e
12411;Current updating of population figures;STAG;Reference date;2016-12-31;KREISE;Administrative districts;14287;Sächsische Schweiz, Landkreis (until 2008-07-31);-;number;BEVSTD;Population;
12411;Current updating of population figures;STAG;Reference date;2020-12-31;KREISE;Administrative districts;08211;Baden-Baden, kreisfreie Stadt;55449;number;BEVSTD;Population;e
12411;Current updating of population figures;STAG;Reference date;2024-12-31;KREISE;Administrative districts;08325;Rottweil, Landkreis;140237;number;BEVSTD;Population;e
12411;Current updating of population figures;STAG;Reference date;2020-12-31;KREISE;Administrative districts;07133;Bad Kreuznach, Landkreis;158746;number;BEVSTD;Population;e
12411;Current updating of population figures;STAG;Reference date;2025-12-31;KREISE;Administrative districts;03459;Osnabrück, Landkreis;354130;number;BEVSTD;Population;e
12411;Current updating of population figures;STAG;Reference date;2017-12-31;KREISE;Administrative districts;06437;Odenwaldkreis;96597;number;BEVSTD;Population;e
12411;Current updating of population figures;STAG;Reference date;2016-12-31;KREISE;Administrative districts;14167;Zwickau, kreisfreie Stadt (until 2008-07-31);-;number;BEVSTD;Population;
12411;Current updating of population figures;STAG;Reference date;2018-12-31;KREISE;Administrative districts;07332;Bad Dürkheim, Landkreis;132660;number;BEVSTD;Population;e
12411;Current updating of population figures;STAG;Reference date;2020-12-31;KREISE;Administrative districts;05119;Oberhausen, kreisfreie Stadt;209566;number;BEVSTD;Population;e
12411;Current updating of population figures;STAG;Reference date;2018-12-31;KREISE;Administrative districts;09679;Würzburg, Landkreis;161834;number;BEVSTD;Population;e
12411;Current updating of population figures;STAG;Reference date;2021-12-31;KREISE;Administrative districts;09279;Dingolfing-Landau, Landkreis;98045;number;BEVSTD;Population;e
12411;Current updating of population figures;STAG;Reference date;2016-12-31;KREISE;Administrative districts;02000;Hamburg, kreisfreie Stadt;1810438;number;BEVSTD;Population;e
12411;Current updating of population figures;STAG;Reference date;2023-12-31;KREISE;Administrative districts;16056;Eisenach, kreisfreie Stadt (until 2021-06-30);-;number;BEVSTD;Population;
12411;Current updating of population figures;STAG;Reference date;2019-12-31;KREISE;Administrative districts;14264;Hoyerswerda, kreisfreie Stadt (until 2008-07-31);-;number;BEVSTD;Population;
12411;Current updating of population figures;STAG;Reference date;2017-12-31;KREISE;Administrative districts;06411;Darmstadt, kreisfreie Stadt;158254;number;BEVSTD;Population;e
12411;Current updating of population figures;STAG;Reference date;2025-12-31;KREISE;Administrative districts;15364;Quedlinburg, Landkreis (until 2007-06-30);-;number;BEVSTD;Population;
12411;Current updating of population figures;STAG;Reference date;2022-12-31;KREISE;Administrative districts;08121;Heilbronn, kreisfreie Stadt;129931;number;BEVSTD;Population;e
12411;Current updating of population figures;STAG;Reference date;2019-12-31;KREISE;Administrative districts;01058;Rendsburg-Eckernförde, Landkreis;274098;number;BEVSTD;Population;e
12411;Current updating of population figures;STAG;Reference date;2021-12-31;KREISE;Administrative districts;07320;Zweibrücken, kreisfreie Stadt;34091;number;BEVSTD;Population;e
12411;Current updating of population figures;STAG;Reference date;2016-12-31;KREISE;Administrative districts;09462;Bayreuth, kreisfreie Stadt;73065;number;BEVSTD;Population;e
12411;Current updating of population figures;STAG;Reference date;2025-12-31;KREISE;Administrative districts;10045;Saarpfalz-Kreis;143300;number;BEVSTD;Population;e
12411;Current updating of population figures;STAG;Reference date;2017-12-31;KREISE;Administrative districts;07132;Altenkirchen (Westerwald), Landkreis;128791;number;BEVSTD;Population;e
12411;Current updating of population figures;STAG;Reference date;2021-12-31;KREISE;Administrative districts;08437;Sigmaringen, Landkreis;131725;number;BEVSTD;Population;e
12411;Current updating of population figures;STAG;Reference date;2017-12-31;KREISE;Administrative districts;09662;Schweinfurt, kreisfreie Stadt;53437;number;BEVSTD;Population;e
12411;Current updating of population figures;STAG;Reference date;2020-12-31;KREISE;Administrative districts;08237;Freudenstadt, Landkreis;118364;number;BEVSTD;Population;e
12411;Current updating of population figures;STAG;Reference date;2023-12-31;KREISE;Administrative districts;16069;Hildburghausen, Landkreis;60691;number;BEVSTD;Population;e
12411;Current updating of population figures;STAG;Reference date;2021-12-31;KREISE;Administrative districts;08317;Ortenaukreis;434535;number;BEVSTD;Population;e
12411;Current updating of population figures;STAG;Reference date;2024-12-31;KREISE;Administrative districts;15151;Anhalt-Zerbst, Landkreis (until 2007-06-30);-;number;BEVSTD;Population;
12411;Current updating of population figures;STAG;Reference date;2018-12-31;KREISE;Administrative districts;06611;Kassel, kreisfreie Stadt;201585;number;BEVSTD;Population;e
12411;Current updating of population figures;STAG;Reference date;2018-12-31;KREISE;Administrative districts;14171;Annaberg, Landkreis (until 2008-07-31);-;number;BEVSTD;Population;
12411;Current updating of population figures;STAG;Reference date;2025-12-31;KREISE;Administrative districts;16073;Saalfeld-Rudolstadt, Landkreis;98386;number;BEVSTD;Population;e
12411;Current updating of population figures;STAG;Reference date;2016-12-31;KREISE;Administrative districts;16075;Saale-Orla-Kreis;82362;number;BEVSTD;Population;e
12411;Current updating of population figures;STAG;Reference date;2023-12-31;KREISE;Administrative districts;03152;Göttingen, Landkreis (until 2016-10-31);-;number;BEVSTD;Population;
12411;Current updating of population figures;STAG;Reference date;2016-12-31;KREISE;Administrative districts;09476;Kronach, Landkreis;67613;number;BEVSTD;Population;e
12411;Current updating of population figures;STAG;Reference date;2018-12-31;KREISE;Administrative districts;09177;Erding, Landkreis;137660;number;BEVSTD;Population;e
12411;Current updating of population figures;STAG;Reference date;2023-12-31;KREISE;Administrative districts;05562;Recklinghausen, Landkreis;622855;number;BEVSTD;Population;e
12411;Current updating of population figures;STAG;Reference date;2020-12-31;KREISE;Administrative districts;12052;Cottbus, kreisfreie Stadt;98693;number;BEVSTD;Population;e
12411;Current updating of population figures;STAG;Reference date;2024-12-31;KREISE;Administrative districts;03353;Harburg, Landkreis;265864;number;BEVSTD;Population;e
12411;Current updating of population figures;STAG;Reference date;2021-12-31;KREISE;Administrative districts;03255;Holzminden, Landkreis;69862;number;BEVSTD;Population;e
12411;Current updating of population figures;STAG;Reference date;2023-12-31;KREISE;Administrative districts;09671;Aschaffenburg, Landkreis;170856;number;BEVSTD;Population;e
12411;Current updating of population figures;STAG;Reference date;2020-12-31;KREISE;Administrative districts;08118;Ludwigsburg, Landkreis;544971;number;BEVSTD;Population;e
12411;Current updating of population figures;STAG;Reference date;2017-12-31;KREISE;Administrative districts;09172;Berchtesgadener Land, Landkreis;105052;number;BEVSTD;Population;e
12411;Current updating of population figures;STAG;Reference date;2017-12-31;KREISE;Administrative districts;09675;Kitzingen, Landkreis;90429;number;BEVSTD;Population;e
12411;Current updating of population figures;STAG;Reference date;2022-12-31;KREISE;Administrative districts;03456;Grafschaft Bentheim, Landkreis;143472;number;BEVSTD;Population;e
12411;Current updating of population figures;STAG;Reference date;2019-12-31;KREISE;Administrative districts;09376;Schwandorf, Landkreis;147872;number;BEVSTD;Population;e
12411;Current updating of population figures;STAG;Reference date;2021-12-31;KREISE;Administrative districts;14292;Kamenz, Landkreis (until 2008-07-31);-;number;BEVSTD;Population;
12411;Current updating of population figures;STAG;Reference date;2016-12-31;KREISE;Administrative districts;09463;Coburg, kreisfreie Stadt;41071;number;BEVSTD;Population;e
12411;Current updating of population figures;STAG;Reference date;2025-12-31;KREISE;Administrative districts;10044;Saarlouis, Landkreis;204087;number;BEVSTD;Population;e
12411;Current updating of population figures;STAG;Reference date;2023-12-31;KREISE;Administrative districts;05958;Hochsauerlandkreis;261193;number;BEVSTD;Population;e
12411;Current updating of population figures;STAG;Reference date;2023-12-31;KREISE;Administrative districts;03402;Emden, kreisfreie Stadt;49701;number;BEVSTD;Population;e
12411;Current updating of population figures;STAG;Reference date;2016-12-31;KREISE;Administrative districts;15352;Aschersleben-Staßfurt, Landkreis (until 2007-06-30;-;number;BEVSTD;Population;
12411;Current updating of population figures;STAG;Reference date;2025-12-31;KREISE;Administrative districts;13056;Müritz, Landkreis (until 2011-09-03);-;number;BEVSTD;Population;
12411;Current updating of population figures;STAG;Reference date;2016-12-31;KREISE;Administrative districts;16062;Nordhausen, Landkreis;85098;number;BEVSTD;Population;e
12411;Current updating of population figures;STAG;Reference date;2021-12-31;KREISE;Administrative districts;05558;Coesfeld, Landkreis;221352;number;BEVSTD;Population;e
12411;Current updating of population figures;STAG;Reference date;2021-12-31;KREISE;Administrative districts;01054;Nordfriesland, Landkreis;167560;number;BEVSTD;Population;e
12411;Current updating of population figures;STAG;Reference date;2021-12-31;KREISE;Administrative districts;05915;Hamm, kreisfreie Stadt;179238;number;BEVSTD;Population;e
12411;Current updating of population figures;STAG;Reference date;2019-12-31;KREISE;Administrative districts;09363;Weiden in der Oberpfalz, kreisfreie Stadt;42743;number;BEVSTD;Population;e
12411;Current updating of population figures;STAG;Reference date;2019-12-31;KREISE;Administrative districts;15001;Dessau-Roßlau, kreisfreie Stadt;80103;number;BEVSTD;Population;e
12411;Current updating of population figures;STAG;Reference date;2022-12-31;KREISE;Administrative districts;14264;Hoyerswerda, kreisfreie Stadt (until 2008-07-31);-;number;BEVSTD;Population;
12411;Current updating of population figures;STAG;Reference date;2025-12-31;KREISE;Administrative districts;05962;Märkischer Kreis;405164;number;BEVSTD;Population;e
12411;Current updating of population figures;STAG;Reference date;2025-12-31;KREISE;Administrative districts;12072;Teltow-Fläming, Landkreis;177982;number;BEVSTD;Population;e
12411;Current updating of population figures;STAG;Reference date;2025-12-31;KREISE;Administrative districts;14523;Vogtlandkreis;216387;number;BEVSTD;Population;e
12411;Current updating of population figures;STAG;Reference date;2017-12-31;KREISE;Administrative districts;05119;Oberhausen, kreisfreie Stadt;211422;number;BEVSTD;Population;e
12411;Current updating of population figures;STAG;Reference date;2019-12-31;KREISE;Administrative districts;07318;Speyer, kreisfreie Stadt;50561;number;BEVSTD;Population;e
12411;Current updating of population figures;STAG;Reference date;2020-12-31;KREISE;Administrative districts;09662;Schweinfurt, kreisfreie Stadt;53319;number;BEVSTD;Population;e
12411;Current updating of population figures;STAG;Reference date;2022-12-31;KREISE;Administrative districts;01059;Schleswig-Flensburg, Landkreis;204255;number;BEVSTD;Population;e
12411;Current updating of population figures;STAG;Reference date;2020-12-31;KREISE;Administrative districts;12065;Oberhavel, Landkreis;214234;number;BEVSTD;Population;e
12411;Current updating of population figures;STAG;Reference date;2018-12-31;KREISE;Administrative districts;09271;Deggendorf, Landkreis;119326;number;BEVSTD;Population;e
12411;Current updating of population figures;STAG;Reference date;2016-12-31;KREISE;Administrative districts;07315;Mainz, kreisfreie Stadt;213528;number;BEVSTD;Population;e
12411;Current updating of population figures;STAG;Reference date;2021-12-31;KREISE;Administrative districts;05162;Rhein-Kreis Neuss;452496;number;BEVSTD;Population;e
12411;Current updating of population figures;STAG;Reference date;2022-12-31;KREISE;Administrative districts;08135;Heidenheim, Landkreis;134766;number;BEVSTD;Population;e
12411;Current updating of population figures;STAG;Reference date;2025-12-31;KREISE;Administrative districts;03458;Oldenburg, Landkreis;132176;number;BEVSTD;Population;e
12411;Current updating of population figures;STAG;Reference date;2025-12-31;KREISE;Administrative districts;09461;Bamberg, kreisfreie Stadt;77218;number;BEVSTD;Population;e
12411;Current updating of population figures;STAG;Reference date;2023-12-31;KREISE;Administrative districts;06535;Vogelsbergkreis;101494;number;BEVSTD;Population;e
12411;Current updating of population figures;STAG;Reference date;2016-12-31;KREISE;Administrative districts;03451;Ammerland, Landkreis;122698;number;BEVSTD;Population;e
12411;Current updating of population figures;STAG;Reference date;2025-12-31;KREISE;Administrative districts;07314;Ludwigshafen am Rhein, kreisfreie Stadt;177355;number;BEVSTD;Population;e
12411;Current updating of population figures;STAG;Reference date;2023-12-31;KREISE;Administrative districts;06415;Hanau, kreisfreie Stadt;-;number;BEVSTD;Population;
12411;Current updating of population figures;STAG;Reference date;2018-12-31;KREISE;Administrative districts;05162;Rhein-Kreis Neuss;451007;number;BEVSTD;Population;e
12411;Current updating of population figures;STAG;Reference date;2020-12-31;KREISE;Administrative districts;09675;Kitzingen, Landkreis;91696;number;BEVSTD;Population;e
12411;Current updating of population figures;STAG;Reference date;2023-12-31;KREISE;Administrative districts;09181;Landsberg am Lech, Landkreis;120966;number;BEVSTD;Population;e
12411;Current updating of population figures;STAG;Reference date;2019-12-31;KREISE;Administrative districts;08415;Reutlingen, Landkreis;287034;number;BEVSTD;Population;e
12411;Current updating of population figures;STAG;Reference date;2017-12-31;KREISE;Administrative districts;12065;Oberhavel, Landkreis;209893;number;BEVSTD;Population;e
12411;Current updating of population figures;STAG;Reference date;2023-12-31;KREISE;Administrative districts;09577;Weißenburg-Gunzenhausen, Landkreis;94670;number;BEVSTD;Population;e
12411;Current updating of population figures;STAG;Reference date;2025-12-31;KREISE;Administrative districts;14166;Plauen, kreisfreie Stadt (until 2008-07-31);-;number;BEVSTD;Population;
12411;Current updating of population figures;STAG;Reference date;2020-12-31;KREISE;Administrative districts;06437;Odenwaldkreis;96754;number;BEVSTD;Population;e
12411;Current updating of population figures;STAG;Reference date;2022-12-31;KREISE;Administrative districts;10042;Merzig-Wadern, Landkreis;109393;number;BEVSTD;Population;e
12411;Current updating of population figures;STAG;Reference date;2017-12-31;KREISE;Administrative districts;01002;Kiel, kreisfreie Stadt;247943;number;BEVSTD;Population;e
12411;Current updating of population figures;STAG;Reference date;2017-12-31;KREISE;Administrative districts;08211;Baden-Baden, kreisfreie Stadt;54718;number;BEVSTD;Population;e
12411;Current updating of population figures;STAG;Reference date;2024-12-31;KREISE;Administrative districts;03460;Vechta, Landkreis;146539;number;BEVSTD;Population;e
12411;Current updating of population figures;STAG;Reference date;2020-12-31;KREISE;Administrative districts;09172;Berchtesgadener Land, Landkreis;106327;number;BEVSTD;Population;e
12411;Current updating of population figures;STAG;Reference date;2024-12-31;KREISE;Administrative districts;09763;Kempten (Allgäu), kreisfreie Stadt;67645;number;BEVSTD;Population;e
12411;Current updating of population figures;STAG;Reference date;2024-12-31;KREISE;Administrative districts;07335;Kaiserslautern, Landkreis;106343;number;BEVSTD;Population;e
12411;Current updating of population figures;STAG;Reference date;2022-12-31;KREISE;Administrative districts;09572;Erlangen-Höchstadt, Landkreis;137981;number;BEVSTD;Population;e
12411;Current updating of population figures;STAG;Reference date;2024-12-31;KREISE;Administrative districts;09776;Lindau (Bodensee), Landkreis;82411;number;BEVSTD;Population;e
12411;Current updating of population figures;STAG;Reference date;2016-12-31;KREISE;Administrative districts;14511;Chemnitz, kreisfreie Stadt;246353;number;BEVSTD;Population;e
12411;Current updating of population figures;STAG;Reference date;2016-12-31;KREISE;Administrative districts;05158;Mettmann, Landkreis;484770;number;BEVSTD;Population;e
12411;Current updating of population figures;STAG;Reference date;2025-12-31;KREISE;Administrative districts;14286;Löbau-Zittau, Landkreis (until 2008-07-31);-;number;BEVSTD;Population;
12411;Current updating of population figures;STAG;Reference date;2017-12-31;KREISE;Administrative districts;12052;Cottbus, kreisfreie Stadt;101036;number;BEVSTD;Population;e
12411;Current updating of population figures;STAG;Reference date;2024-12-31;KREISE;Administrative districts;14161;Chemnitz, kreisfreie Stadt (until 2008-07-31);-;number;BEVSTD;Population;
12411;Current updating of population figures;STAG;Reference date;2019-12-31;KREISE;Administrative districts;13053;Güstrow, Landkreis (until 2011-09-03);-;number;BEVSTD;Population;
12411;Current updating of population figures;STAG;Reference date;2023-12-31;KREISE;Administrative districts;09564;Nürnberg, kreisfreie Stadt;526606;number;BEVSTD;Population;e
12411;Current updating of population figures;STAG;Reference date;2018-12-31;KREISE;Administrative districts;05558;Coesfeld, Landkreis;219929;number;BEVSTD;Population;e
12411;Current updating of population figures;STAG;Reference date;2017-12-31;KREISE;Administrative districts;09185;Neuburg-Schrobenhausen, Landkreis;96164;number;BEVSTD;Population;e
12411;Current updating of population figures;STAG;Reference date;2017-12-31;KREISE;Administrative districts;15088;Saalekreis;185494;number;BEVSTD;Population;e
12411;Current updating of population figures;STAG;Reference date;2019-12-31;KREISE;Administrative districts;10042;Merzig-Wadern, Landkreis;103243;number;BEVSTD;Population;e
12411;Current updating of population figures;STAG;Reference date;2018-12-31;KREISE;Administrative districts;08316;Emmendingen, Landkreis;165383;number;BEVSTD;Population;e
12411;Current updating of population figures;STAG;Reference date;2017-12-31;KREISE;Administrative districts;08236;Enzkreis;198369;number;BEVSTD;Population;e
12411;Current updating of population figures;STAG;Reference date;2018-12-31;KREISE;Administrative districts;08436;Ravensburg, Landkreis;284285;number;BEVSTD;Population;e
12411;Current updating of population figures;STAG;Reference date;2018-12-31;KREISE;Administrative districts;05916;Herne, kreisfreie Stadt;156374;number;BEVSTD;Population;e
12411;Current updating of population figures;STAG;Reference date;2020-12-31;KREISE;Administrative districts;09174;Dachau, Landkreis;155117;number;BEVSTD;Population;e
12411;Current updating of population figures;STAG;Reference date;2023-12-31;KREISE;Administrative districts;07135;Cochem-Zell, Landkreis;61538;number;BEVSTD;Population;e
12411;Current updating of population figures;STAG;Reference date;2018-12-31;KREISE;Administrative districts;03254;Hildesheim, Landkreis;276594;number;BEVSTD;Population;e
12411;Current updating of population figures;STAG;Reference date;2022-12-31;KREISE;Administrative districts;09478;Lichtenfels, Landkreis;67466;number;BEVSTD;Population;e
12411;Current updating of population figures;STAG;Reference date;2017-12-31;KREISE;Administrative districts;01003;Lübeck, kreisfreie Stadt;216318;number;BEVSTD;Population;e
12411;Current updating of population figures;STAG;Reference date;2022-12-31;KREISE;Administrative districts;16064;Unstrut-Hainich-Kreis;100435;number;BEVSTD;Population;e
12411;Current updating of population figures;STAG;Reference date;2018-12-31;KREISE;Administrative districts;09761;Augsburg, kreisfreie Stadt;295135;number;BEVSTD;Population;e
12411;Current updating of population figures;STAG;Reference date;2022-12-31;KREISE;Administrative districts;07318;Speyer, kreisfreie Stadt;49881;number;BEVSTD;Population;e
12411;Current updating of population figures;STAG;Reference date;2024-12-31;KREISE;Administrative districts;09275;Passau, Landkreis;194699;number;BEVSTD;Population;e
12411;Current updating of population figures;STAG;Reference date;2020-12-31;KREISE;Administrative districts;09161;Ingolstadt, kreisfreie Stadt;136952;number;BEVSTD;Population;e
12411;Current updating of population figures;STAG;Reference date;2018-12-31;KREISE;Administrative districts;01060;Segeberg, Landkreis;276032;number;BEVSTD;Population;e
12411;Current updating of population figures;STAG;Reference date;2017-12-31;KREISE;Administrative districts;06438;Offenbach, Landkreis;351692;number;BEVSTD;Population;e
12411;Current updating of population figures;STAG;Reference date;2020-12-31;KREISE;Administrative districts;09187;Rosenheim, Landkreis;261721;number;BEVSTD;Population;e
12411;Current updating of population figures;STAG;Reference date;2025-12-31;KREISE;Administrative districts;05378;Rheinisch-Bergischer Kreis;283775;number;BEVSTD;Population;e
12411;Current updating of population figures;STAG;Reference date;2016-12-31;KREISE;Administrative districts;14262;Dresden, kreisfreie Stadt (until 2008-07-31);-;number;BEVSTD;Population;
12411;Current updating of population figures;STAG;Reference date;2016-12-31;KREISE;Administrative districts;03453;Cloppenburg, Landkreis;165930;number;BEVSTD;Population;e
12411;Current updating of population figures;STAG;Reference date;2018-12-31;KREISE;Administrative districts;14290;Weißeritzkreis (until 2008-07-31);-;number;BEVSTD;Population;
12411;Current updating of population figures;STAG;Reference date;2020-12-31;KREISE;Administrative districts;06436;Main-Taunus-Kreis;239264;number;BEVSTD;Population;e
12411;Current updating of population figures;STAG;Reference date;2023-12-31;KREISE;Administrative districts;12069;Potsdam-Mittelmark, Landkreis;220158;number;BEVSTD;Population;e
12411;Current updating of population figures;STAG;Reference date;2021-12-31;KREISE;Administrative districts;09278;Straubing-Bogen, Landkreis;102398;number;BEVSTD;Population;e
12411;Current updating of population figures;STAG;Reference date;2022-12-31;KREISE;Administrative districts;16051;Erfurt, kreisfreie Stadt;218769;number;BEVSTD;Population;e
12411;Current updating of population figures;STAG;Reference date;2024-12-31;KREISE;Administrative districts;09262;Passau, kreisfreie Stadt;53039;number;BEVSTD;Population;e
12411;Current updating of population figures;STAG;Reference date;2019-12-31;KREISE;Administrative districts;03456;Grafschaft Bentheim, Landkreis;137162;number;BEVSTD;Population;e
12411;Current updating of population figures;STAG;Reference date;2020-12-31;KREISE;Administrative districts;15171;Wittenberg, Landkreis (until 2007-06-30);-;number;BEVSTD;Population;
12411;Current updating of population figures;STAG;Reference date;2017-12-31;KREISE;Administrative districts;08116;Esslingen, Landkreis;532447;number;BEVSTD;Population;e
12411;Current updating of population figures;STAG;Reference date;2021-12-31;KREISE;Administrative districts;07334;Germersheim, Landkreis;129313;number;BEVSTD;Population;e
12411;Current updating of population figures;STAG;Reference date;2023-12-31;KREISE;Administrative districts;13001;Greifswald, kreisfreie Stadt (until 2011-09-03);-;number;BEVSTD;Population;
12411;Current updating of population figures;STAG;Reference date;2019-12-31;KREISE;Administrative districts;15268;Weißenfels, Landkreis (until 2007-06-30);-;number;BEVSTD;Population;
12411;Current updating of population figures;STAG;Reference date;2022-12-31;KREISE;Administrative districts;13054;Ludwigslust, Landkreis (until 2011-09-03);-;number;BEVSTD;Population;
12411;Current updating of population figures;STAG;Reference date;2025-12-31;KREISE;Administrative districts;05112;Duisburg, kreisfreie Stadt;500810;number;BEVSTD;Population;e
12411;Current updating of population figures;STAG;Reference date;2023-12-31;KREISE;Administrative districts;09182;Miesbach, Landkreis;96730;number;BEVSTD;Population;e
12411;Current updating of population figures;STAG;Reference date;2025-12-31;KREISE;Administrative districts;09473;Coburg, Landkreis;83687;number;BEVSTD;Population;e
12411;Current updating of population figures;STAG;Reference date;2020-12-31;KREISE;Administrative districts;07134;Birkenfeld, Landkreis;80830;number;BEVSTD;Population;e
12411;Current updating of population figures;STAG;Reference date;2019-12-31;KREISE;Administrative districts;09471;Bamberg, Landkreis;147163;number;BEVSTD;Population;e
12411;Current updating of population figures;STAG;Reference date;2017-12-31;KREISE;Administrative districts;09661;Aschaffenburg, kreisfreie Stadt;69928;number;BEVSTD;Population;e
12411;Current updating of population figures;STAG;Reference date;2018-12-31;KREISE;Administrative districts;07331;Alzey-Worms, Landkreis;129244;number;BEVSTD;Population;e
12411;Current updating of population figures;STAG;Reference date;2022-12-31;KREISE;Administrative districts;15355;Bördekreis (until 2007-06-30);-;number;BEVSTD;Population;
12411;Current updating of population figures;STAG;Reference date;2022-12-31;KREISE;Administrative districts;05124;Wuppertal, kreisfreie Stadt;358568;number;BEVSTD;Population;e
12411;Current updating of population figures;STAG;Reference date;2025-12-31;KREISE;Administrative districts;16072;Sonneberg, Landkreis;54249;number;BEVSTD;Population;e
12411;Current updating of population figures;STAG;Reference date;2018-12-31;KREISE;Administrative districts;06636;Werra-Meißner-Kreis;101017;number;BEVSTD;Population;e
12411;Current updating of population figures;STAG;Reference date;2019-12-31;KREISE;Administrative districts;14263;Görlitz, kreisfreie Stadt (until 2008-07-31);-;number;BEVSTD;Population;
12411;Current updating of population figures;STAG;Reference date;2018-12-31;KREISE;Administrative districts;07211;Trier, kreisfreie Stadt;110636;number;BEVSTD;Population;e
12411;Current updating of population figures;STAG;Reference date;2025-12-31;KREISE;Administrative districts;13055;Mecklenburg-Strelitz, Landkreis (until 2011-09-03);-;number;BEVSTD;Population;
12411;Current updating of population figures;STAG;Reference date;2020-12-31;KREISE;Administrative districts;08212;Karlsruhe, kreisfreie Stadt;308436;number;BEVSTD;Population;e
12411;Current updating of population figures;STAG;Reference date;2024-12-31;KREISE;Administrative districts;08326;Schwarzwald-Baar-Kreis;214065;number;BEVSTD;Population;e
12411;Current updating of population figures;STAG;Reference date;2020-12-31;KREISE;Administrative districts;05954;Ennepe-Ruhr-Kreis;323130;number;BEVSTD;Population;e
12411;Current updating of population figures;STAG;Reference date;2016-12-31;KREISE;Administrative districts;13051;Bad Doberan, Landkreis (until 2011-09-03);-;number;BEVSTD;Population;
12411;Current updating of population figures;STAG;Reference date;2016-12-31;KREISE;Administrative districts;03359;Stade, Landkreis;201638;number;BEVSTD;Population;e
12411;Current updating of population figures;STAG;Reference date;2017-12-31;KREISE;Administrative districts;06532;Lahn-Dill-Kreis;254164;number;BEVSTD;Population;e
12411;Current updating of population figures;STAG;Reference date;2016-12-31;KREISE;Administrative districts;09474;Forchheim, Landkreis;115259;number;BEVSTD;Population;e
12411;Current updating of population figures;STAG;Reference date;2018-12-31;KREISE;Administrative districts;03361;Verden, Landkreis;136792;number;BEVSTD;Population;e
12411;Current updating of population figures;STAG;Reference date;2021-12-31;KREISE;Administrative districts;08425;Alb-Donau-Kreis;199732;number;BEVSTD;Population;e
12411;Current updating of population figures;STAG;Reference date;2017-12-31;KREISE;Administrative districts;09674;Haßberge, Landkreis;84464;number;BEVSTD;Population;e
12411;Current updating of population figures;STAG;Reference date;2025-12-31;KREISE;Administrative districts;15352;Aschersleben-Staßfurt, Landkreis (until 2007-06-30;-;number;BEVSTD;Population;
12411;Current updating of population figures;STAG;Reference date;2018-12-31;KREISE;Administrative districts;09774;Günzburg, Landkreis;125747;number;BEVSTD;Population;e
12411;Current updating of population figures;STAG;Reference date;2016-12-31;KREISE;Administrative districts;05754;Gütersloh, Landkreis;361828;number;BEVSTD;Population;e
12411;Current updating of population figures;STAG;Reference date;2022-12-31;KREISE;Administrative districts;05111;Düsseldorf, kreisfreie Stadt;614399;number;BEVSTD;Population;e
12411;Current updating of population figures;STAG;Reference date;2020-12-31;KREISE;Administrative districts;08225;Neckar-Odenwald-Kreis;143797;number;BEVSTD;Population;e
12411;Current updating of population figures;STAG;Reference date;2017-12-31;KREISE;Administrative districts;06412;Frankfurt am Main, kreisfreie Stadt;746878;number;BEVSTD;Population;e
12411;Current updating of population figures;STAG;Reference date;2023-12-31;KREISE;Administrative districts;14713;Leipzig, kreisfreie Stadt;608013;number;BEVSTD;Population;e
12411;Current updating of population figures;STAG;Reference date;2018-12-31;KREISE;Administrative districts;03241;Region Hannover, Landkreis;1157624;number;BEVSTD;Population;e
12411;Current updating of population figures;STAG;Reference date;2019-12-31;KREISE;Administrative districts;14383;Muldentalkreis (until 2008-07-31);-;number;BEVSTD;Population;
12411;Current updating of population figures;STAG;Reference date;2019-12-31;KREISE;Administrative districts;01057;Plön, Landkreis;128686;number;BEVSTD;Population;e
12411;Current updating of population figures;STAG;Reference date;2022-12-31;KREISE;Administrative districts;16077;Altenburger Land, Landkreis;88034;number;BEVSTD;Population;e
12411;Current updating of population figures;STAG;Reference date;2025-12-31;KREISE;Administrative districts;10046;Sankt Wendel, Landkreis;87372;number;BEVSTD;Population;e
12411;Current updating of population figures;STAG;Reference date;2016-12-31;KREISE;Administrative districts;09461;Bamberg, kreisfreie Stadt;75743;number;BEVSTD;Population;e
12411;Current updating of population figures;STAG;Reference date;2017-12-31;KREISE;Administrative districts;07133;Bad Kreuznach, Landkreis;157549;number;BEVSTD;Population;e
12411;Current updating of population figures;STAG;Reference date;2025-12-31;KREISE;Administrative districts;14524;Zwickau, Landkreis;303634;number;BEVSTD;Population;e
12411;Current updating of population figures;STAG;Reference date;2019-12-31;KREISE;Administrative districts;07317;Pirmasens, kreisfreie Stadt;40231;number;BEVSTD;Population;e
12411;Current updating of population figures;STAG;Reference date;2020-12-31;KREISE;Administrative districts;12064;Märkisch-Oderland, Landkreis;197195;number;BEVSTD;Population;e
12411;Current updating of population figures;STAG;Reference date;2022-12-31;KREISE;Administrative districts;12070;Prignitz, Landkreis;76322;number;BEVSTD;Population;e
12411;Current updating of population figures;STAG;Reference date;2017-12-31;KREISE;Administrative districts;09171;Altötting, Landkreis;110338;number;BEVSTD;Population;e
12411;Current updating of population figures;STAG;Reference date;2019-12-31;KREISE;Administrative districts;11000;Berlin, kreisfreie Stadt;3669491;number;BEVSTD;Population;e
12411;Current updating of population figures;STAG;Reference date;2024-12-31;KREISE;Administrative districts;05762;Höxter, Landkreis;139252;number;BEVSTD;Population;e
12411;Current updating of population figures;STAG;Reference date;2019-12-31;KREISE;Administrative districts;09377;Tirschenreuth, Landkreis;72046;number;BEVSTD;Population;e
12411;Current updating of population figures;STAG;Reference date;2016-12-31;KREISE;Administrative districts;16074;Saale-Holzland-Kreis;84525;number;BEVSTD;Population;e
12411;Current updating of population figures;STAG;Reference date;2021-12-31;KREISE;Administrative districts;14280;Meißen, Landkreis (until 2008-07-31);-;number;BEVSTD;Population;
12411;Current updating of population figures;STAG;Reference date;2016-12-31;KREISE;Administrative districts;09475;Hof, Landkreis;95915;number;BEVSTD;Population;e
12411;Current updating of population figures;STAG;Reference date;2017-12-31;KREISE;Administrative districts;06531;Gießen, Landkreis;267056;number;BEVSTD;Population;e
12411;Current updating of population figures;STAG;Reference date;2020-12-31;KREISE;Administrative districts;12051;Brandenburg an der Havel, kreisfreie Stadt;72040;number;BEVSTD;Population;e
12411;Current updating of population figures;STAG;Reference date;2021-12-31;KREISE;Administrative districts;01053;Herzogtum Lauenburg, Landkreis;200819;number;BEVSTD;Population;e
12411;Current updating of population figures;STAG;Reference date;2024-12-31;KREISE;Administrative districts;03354;Lüchow-Dannenberg, Landkreis;46502;number;BEVSTD;Population;e
12411;Current updating of population figures;STAG;Reference date;2022-12-31;KREISE;Administrative districts;15369;Wernigerode, Landkreis (until 2007-06-30);-;number;BEVSTD;Population;
12411;Current updating of population figures;STAG;Reference date;2024-12-31;KREISE;Administrative districts;14280;Meißen, Landkreis (until 2008-07-31);-;number;BEVSTD;Population;
12411;Current updating of population figures;STAG;Reference date;2021-12-31;KREISE;Administrative districts;03256;Nienburg (Weser), Landkreis;121773;number;BEVSTD;Population;e
12411;Current updating of population figures;STAG;Reference date;2025-12-31;KREISE;Administrative districts;12071;Spree-Neiße, Landkreis;108574;number;BEVSTD;Population;e
12411;Current updating of population figures;STAG;Reference date;2018-12-31;KREISE;Administrative districts;09272;Freyung-Grafenau, Landkreis;78355;number;BEVSTD;Population;e
12411;Current updating of population figures;STAG;Reference date;2016-12-31;KREISE;Administrative districts;07316;Neustadt an der Weinstraße, kreisfreie Stadt;53209;number;BEVSTD;Population;e
12411;Current updating of population figures;STAG;Reference date;2020-12-31;KREISE;Administrative districts;08119;Rems-Murr-Kreis;427286;number;BEVSTD;Population;e
12411;Current updating of population figures;STAG;Reference date;2019-12-31;KREISE;Administrative districts;06440;Wetteraukreis;308339;number;BEVSTD;Population;e
12411;Current updating of population figures;STAG;Reference date;2024-12-31;KREISE;Administrative districts;08327;Tuttlingen, Landkreis;145208;number;BEVSTD;Population;e
12411;Current updating of population figures;STAG;Reference date;2024-12-31;KREISE;Administrative districts;03101;Braunschweig, kreisfreie Stadt;252962;number;BEVSTD;Population;e
12411;Current updating of population figures;STAG;Reference date;2020-12-31;KREISE;Administrative districts;03151;Gifhorn, Landkreis;177227;number;BEVSTD;Population;e
12411;Current updating of population figures;STAG;Reference date;2022-12-31;KREISE;Administrative districts;03455;Friesland, Landkreis;100089;number;BEVSTD;Population;e
12411;Current updating of population figures;STAG;Reference date;2020-12-31;KREISE;Administrative districts;05358;Düren, Landkreis;265140;number;BEVSTD;Population;e
12411;Current updating of population figures;STAG;Reference date;2025-12-31;KREISE;Administrative districts;14511;Chemnitz, kreisfreie Stadt;247252;number;BEVSTD;Population;e
12411;Current updating of population figures;STAG;Reference date;2023-12-31;KREISE;Administrative districts;03401;Delmenhorst, kreisfreie Stadt;81746;number;BEVSTD;Population;e
12411;Current updating of population figures;STAG;Reference date;2025-12-31;KREISE;Administrative districts;05974;Soest, Landkreis;298457;number;BEVSTD;Population;e
12411;Current updating of population figures;STAG;Reference date;2021-12-31;KREISE;Administrative districts;14173;Chemnitzer Land, Landkreis (until 2008-07-31);-;number;BEVSTD;Population;
12411;Current updating of population figures;STAG;Reference date;2017-12-31;KREISE;Administrative districts;04012;Bremerhaven, kreisfreie Stadt;113026;number;BEVSTD;Population;e
12411;Current updating of population figures;STAG;Reference date;2016-12-31;KREISE;Administrative districts;16061;Eichsfeld, Landkreis;101033;number;BEVSTD;Population;e
12411;Current updating of population figures;STAG;Reference date;2020-12-31;KREISE;Administrative districts;14713;Leipzig, kreisfreie Stadt;597493;number;BEVSTD;Population;e
12411;Current updating of population figures;STAG;Reference date;2021-12-31;KREISE;Administrative districts;05914;Hagen, kreisfreie Stadt;188713;number;BEVSTD;Population;e
12411;Current updating of population figures;STAG;Reference date;2023-12-31;KREISE;Administrative districts;08226;Rhein-Neckar-Kreis;557819;number;BEVSTD;Population;e
12411;Current updating of population figures;STAG;Reference date;2019-12-31;KREISE;Administrative districts;15002;Halle (Saale), kreisfreie Stadt;238762;number;BEVSTD;Population;e
12411;Current updating of population figures;STAG;Reference date;2024-12-31;KREISE;Administrative districts;01062;Stormarn, Landkreis;246974;number;BEVSTD;Population;e
12411;Current updating of population figures;STAG;Reference date;2020-12-31;KREISE;Administrative districts;09663;Würzburg, kreisfreie Stadt;126954;number;BEVSTD;Population;e
12411;Current updating of population figures;STAG;Reference date;2024-12-31;KREISE;Administrative districts;14173;Chemnitzer Land, Landkreis (until 2008-07-31);-;number;BEVSTD;Population;
12411;Current updating of population figures;STAG;Reference date;2022-12-31;KREISE;Administrative districts;09571;Ansbach, Landkreis;186359;number;BEVSTD;Population;e
12411;Current updating of population figures;STAG;Reference date;2017-12-31;KREISE;Administrative districts;12066;Oberspreewald-Lausitz, Landkreis;111122;number;BEVSTD;Population;e
12411;Current updating of population figures;STAG;Reference date;2019-12-31;KREISE;Administrative districts;16070;Ilm-Kreis;106249;number;BEVSTD;Population;e
12411;Current updating of population figures;STAG;Reference date;2025-12-31;KREISE;Administrative districts;14167;Zwickau, kreisfreie Stadt (until 2008-07-31);-;number;BEVSTD;Population;
12411;Current updating of population figures;STAG;Reference date;2016-12-31;KREISE;Administrative districts;15090;Stendal, Landkreis;114393;number;BEVSTD;Population;e
12411;Current updating of population figures;STAG;Reference date;2024-12-31;KREISE;Administrative districts;09777;Ostallgäu, Landkreis;142047;number;BEVSTD;Population;e
12411;Current updating of population figures;STAG;Reference date;2019-12-31;KREISE;Administrative districts;05122;Solingen, kreisfreie Stadt;159245;number;BEVSTD;Population;e
12411;Current updating of population figures;STAG;Reference date;2025-12-31;KREISE;Administrative districts;14287;Sächsische Schweiz, Landkreis (until 2008-07-31);-;number;BEVSTD;Population;
12411;Current updating of population figures;STAG;Reference date;2017-12-31;KREISE;Administrative districts;05334;Städteregion Aachen, Landkreis;554068;number;BEVSTD;Population;e
12411;Current updating of population figures;STAG;Reference date;2019-12-31;KREISE;Administrative districts;13052;Demmin, Landkreis (until 2011-09-03);-;number;BEVSTD;Population;
12411;Current updating of population figures;STAG;Reference date;2023-12-31;KREISE;Administrative districts;09565;Schwabach, kreisfreie Stadt;40994;number;BEVSTD;Population;e
12411;Current updating of population figures;STAG;Reference date;2022-12-31;KREISE;Administrative districts;10041;Regionalverband Saarbrücken, Landkreis;330672;number;BEVSTD;Population;e
12411;Current updating of population figures;STAG;Reference date;2018-12-31;KREISE;Administrative districts;15261;Merseburg-Querfurt, Landkreis (until 2007-06-30);-;number;BEVSTD;Population;
12411;Current updating of population figures;STAG;Reference date;2016-12-31;KREISE;Administrative districts;03452;Aurich, Landkreis;190066;number;BEVSTD;Population;e
12411;Current updating of population figures;STAG;Reference date;2023-12-31;KREISE;Administrative districts;06414;Wiesbaden, kreisfreie Stadt;287241;number;BEVSTD;Population;e
12411;Current updating of population figures;STAG;Reference date;2020-12-31;KREISE;Administrative districts;09676;Miltenberg, Landkreis;128743;number;BEVSTD;Population;e
12411;Current updating of population figures;STAG;Reference date;2019-12-31;KREISE;Administrative districts;08416;Tübingen, Landkreis;228678;number;BEVSTD;Population;e
12411;Current updating of population figures;STAG;Reference date;2023-12-31;KREISE;Administrative districts;09672;Bad Kissingen, Landkreis;103447;number;BEVSTD;Population;e
12411;Current updating of population figures;STAG;Reference date;2022-12-31;KREISE;Administrative districts;05974;Soest, Landkreis;299749;number;BEVSTD;Population;e
12411;Current updating of population figures;STAG;Reference date;2017-12-31;KREISE;Administrative districts;12053;Frankfurt (Oder), kreisfreie Stadt;58237;number;BEVSTD;Population;e
12411;Current updating of population figures;STAG;Reference date;2023-12-31;KREISE;Administrative districts;08119;Rems-Murr-Kreis;440103;number;BEVSTD;Population;e
12411;Current updating of population figures;STAG;Reference date;2021-12-31;KREISE;Administrative districts;09372;Cham, Landkreis;128444;number;BEVSTD;Population;e
12411;Current updating of population figures;STAG;Reference date;2019-12-31;KREISE;Administrative districts;05362;Rhein-Erft-Kreis;470615;number;BEVSTD;Population;e
12411;Current updating of population figures;STAG;Reference date;2017-12-31;KREISE;Administrative districts;09184;München, Landkreis;346433;number;BEVSTD;Population;e
12411;Current updating of population figures;STAG;Reference date;2023-12-31;KREISE;Administrative districts;03151;Gifhorn, Landkreis;175876;number;BEVSTD;Population;e
12411;Current updating of population figures;STAG;Reference date;2023-12-31;KREISE;Administrative districts;06534;Marburg-Biedenkopf, Landkreis;243093;number;BEVSTD;Population;e
12411;Current updating of population figures;STAG;Reference date;2024-12-31;KREISE;Administrative districts;03461;Wesermarsch, Landkreis;88936;number;BEVSTD;Population;e
12411;Current updating of population figures;STAG;Reference date;2018-12-31;KREISE;Administrative districts;09178;Freising, Landkreis;179116;number;BEVSTD;Population;e
12411;Current updating of population figures;STAG;Reference date;2019-12-31;KREISE;Administrative districts;05758;Herford, Landkreis;250578;number;BEVSTD;Population;e
12411;Current updating of population figures;STAG;Reference date;2019-12-31;KREISE;Administrative districts;15362;Ohrekreis (until 2007-06-30);-;number;BEVSTD;Population;
12411;Current updating of population figures;STAG;Reference date;2025-12-31;KREISE;Administrative districts;07315;Mainz, kreisfreie Stadt;223888;number;BEVSTD;Population;e
12411;Current updating of population figures;STAG;Reference date;2024-12-31;KREISE;Administrative districts;09764;Memmingen, kreisfreie Stadt;44192;number;BEVSTD;Population;e
12411;Current updating of population figures;STAG;Reference date;2024-12-31;KREISE;Administrative districts;07334;Germersheim, Landkreis;131383;number;BEVSTD;Population;e
12411;Current updating of population figures;STAG;Reference date;2017-12-31;KREISE;Administrative districts;12062;Elbe-Elster, Landkreis;103455;number;BEVSTD;Population;e
12411;Current updating of population figures;STAG;Reference date;2017-12-31;KREISE;Administrative districts;01004;Neumünster, kreisfreie Stadt;79335;number;BEVSTD;Population;e
12411;Current updating of population figures;STAG;Reference date;2021-12-31;KREISE;Administrative districts;06635;Waldeck-Frankenberg, Landkreis;156513;number;BEVSTD;Population;e
12411;Current updating of population figures;STAG;Reference date;2017-12-31;KREISE;Administrative districts;08115;Böblingen, Landkreis;389548;number;BEVSTD;Population;e
12411;Current updating of population figures;STAG;Reference date;2024-12-31;KREISE;Administrative districts;09276;Regen, Landkreis;77267;number;BEVSTD;Population;e
12411;Current updating of population figures;STAG;Reference date;2022-12-31;KREISE;Administrative districts;16076;Greiz, Landkreis;95281;number;BEVSTD;Population;e
12411;Current updating of population figures;STAG;Reference date;2022-12-31;KREISE;Administrative districts;13051;Bad Doberan, Landkreis (until 2011-09-03);-;number;BEVSTD;Population;
12411;Current updating of population figures;STAG;Reference date;2025-12-31;KREISE;Administrative districts;09476;Kronach, Landkreis;63806;number;BEVSTD;Population;e
12411;Current updating of population figures;STAG;Reference date;2020-12-31;KREISE;Administrative districts;09184;München, Landkreis;349685;number;BEVSTD;Population;e
12411;Current updating of population figures;STAG;Reference date;2023-12-31;KREISE;Administrative districts;06532;Lahn-Dill-Kreis;254444;number;BEVSTD;Population;e
12411;Current updating of population figures;STAG;Reference date;2016-12-31;KREISE;Administrative districts;03201;Hannover, kreisfreie Stadt (until 2001-10-31);-;number;BEVSTD;Population;
12411;Current updating of population figures;STAG;Reference date;2017-12-31;KREISE;Administrative districts;08235;Calw, Landkreis;157424;number;BEVSTD;Population;e
12411;Current updating of population figures;STAG;Reference date;2025-12-31;KREISE;Administrative districts;16075;Saale-Orla-Kreis;76188;number;BEVSTD;Population;e
12411;Current updating of population figures;STAG;Reference date;2018-12-31;KREISE;Administrative districts;08435;Bodenseekreis;216227;number;BEVSTD;Population;e
12411;Current updating of population figures;STAG;Reference date;2016-12-31;KREISE;Administrative districts;14272;Bautzen, Landkreis (until 2008-07-31);-;number;BEVSTD;Population;
12411;Current updating of population figures;STAG;Reference date;2024-12-31;KREISE;Administrative districts;09263;Straubing, kreisfreie Stadt;49002;number;BEVSTD;Population;e
12411;Current updating of population figures;STAG;Reference date;2022-12-31;KREISE;Administrative districts;16063;Wartburgkreis;156566;number;BEVSTD;Population;e
12411;Current updating of population figures;STAG;Reference date;2025-12-31;KREISE;Administrative districts;09463;Coburg, kreisfreie Stadt;40970;number;BEVSTD;Population;e
12411;Current updating of population figures;STAG;Reference date;2022-12-31;KREISE;Administrative districts;07317;Pirmasens, kreisfreie Stadt;39324;number;BEVSTD;Population;e
12411;Current updating of population figures;STAG;Reference date;2017-12-31;KREISE;Administrative districts;14628;Sächsische Schweiz-Osterzgebirge, Landkreis;245418;number;BEVSTD;Population;e
12411;Current updating of population figures;STAG;Reference date;2017-12-31;KREISE;Administrative districts;14365;Leipzig, kreisfreie Stadt (until 2008-07-31);-;number;BEVSTD;Population;
12411;Current updating of population figures;STAG;Reference date;2016-12-31;KREISE;Administrative districts;14285;Riesa-Großenhain, Landkreis (until 2008-07-31);-;number;BEVSTD;Population;
12411;Current updating of population figures;STAG;Reference date;2024-12-31;KREISE;Administrative districts;09779;Donau-Ries, Landkreis;135098;number;BEVSTD;Population;e
12411;Current updating of population figures;STAG;Reference date;2017-12-31;KREISE;Administrative districts;09780;Oberallgäu, Landkreis;154568;number;BEVSTD;Population;e
12411;Current updating of population figures;STAG;Reference date;2022-12-31;KREISE;Administrative districts;09464;Hof, kreisfreie Stadt;46151;number;BEVSTD;Population;e
12411;Current updating of population figures;STAG;Reference date;2020-12-31;KREISE;Administrative districts;06413;Offenbach am Main, kreisfreie Stadt;130892;number;BEVSTD;Population;e
12411;Current updating of population figures;STAG;Reference date;2017-12-31;KREISE;Administrative districts;08128;Main-Tauber-Kreis;132189;number;BEVSTD;Population;e
12411;Current updating of population figures;STAG;Reference date;2017-12-31;KREISE;Administrative districts;03401;Delmenhorst, kreisfreie Stadt;77521;number;BEVSTD;Population;e
12411;Current updating of population figures;STAG;Reference date;2023-12-31;KREISE;Administrative districts;09183;Mühldorf am Inn, Landkreis;121263;number;BEVSTD;Population;e
12411;Current updating of population figures;STAG;Reference date;2019-12-31;KREISE;Administrative districts;08417;Zollernalbkreis;189363;number;BEVSTD;Population;e
12411;Current updating of population figures;STAG;Reference date;2016-12-31;KREISE;Administrative districts;05374;Oberbergischer Kreis;273139;number;BEVSTD;Population;e
12411;Current updating of population figures;STAG;Reference date;2022-12-31;KREISE;Administrative districts;05970;Siegen-Wittgenstein, Landkreis;274634;number;BEVSTD;Population;e
12411;Current updating of population figures;STAG;Reference date;2017-12-31;KREISE;Administrative districts;15087;Mansfeld-Südharz, Landkreis;138013;number;BEVSTD;Population;e
12411;Current updating of population figures;STAG;Reference date;2025-12-31;KREISE;Administrative districts;05124;Wuppertal, kreisfreie Stadt;357243;number;BEVSTD;Population;e
12411;Current updating of population figures;STAG;Reference date;2025-12-31;KREISE;Administrative districts;15090;Stendal, Landkreis;105803;number;BEVSTD;Population;e
12411;Current updating of population figures;STAG;Reference date;2018-12-31;KREISE;Administrative districts;01061;Steinburg, Landkreis;131347;number;BEVSTD;Population;e
12411;Current updating of population figures;STAG;Reference date;2020-12-31;KREISE;Administrative districts;06533;Limburg-Weilburg, Landkreis;172291;number;BEVSTD;Population;e
12411;Current updating of population figures;STAG;Reference date;2021-12-31;KREISE;Administrative districts;15261;Merseburg-Querfurt, Landkreis (until 2007-06-30);-;number;BEVSTD;Population;
12411;Current updating of population figures;STAG;Reference date;2018-12-31;KREISE;Administrative districts;08315;Breisgau-Hochschwarzwald, Landkreis;262795;number;BEVSTD;Population;e
12411;Current updating of population figures;STAG;Reference date;2016-12-31;KREISE;Administrative districts;03454;Emsland, Landkreis;321391;number;BEVSTD;Population;e
12411;Current updating of population figures;STAG;Reference date;2018-12-31;KREISE;Administrative districts;03257;Schaumburg, Landkreis;157781;number;BEVSTD;Population;e
12411;Current updating of population figures;STAG;Reference date;2021-12-31;KREISE;Administrative districts;09277;Rottal-Inn, Landkreis;122252;number;BEVSTD;Population;e
12411;Current updating of population figures;STAG;Reference date;2018-12-31;KREISE;Administrative districts;15154;Bitterfeld, Landkreis (until 2007-06-30);-;number;BEVSTD;Population;
12411;Current updating of population figures;STAG;Reference date;2019-12-31;KREISE;Administrative districts;15256;Burgenlandkreis (until 2007-06-30);-;number;BEVSTD;Population;
12411;Current updating of population figures;STAG;Reference date;2022-12-31;KREISE;Administrative districts;09477;Kulmbach, Landkreis;71439;number;BEVSTD;Population;e
12411;Current updating of population figures;STAG;Reference date;2020-12-31;KREISE;Administrative districts;08222;Mannheim, kreisfreie Stadt;309721;number;BEVSTD;Population;e
12411;Current updating of population figures;STAG;Reference date;2019-12-31;KREISE;Administrative districts;03359;Stade, Landkreis;204512;number;BEVSTD;Population;e
12411;Current updating of population figures;STAG;Reference date;2025-12-31;KREISE;Administrative districts;13054;Ludwigslust, Landkreis (until 2011-09-03);-;number;BEVSTD;Population;
12411;Current updating of population figures;STAG;Reference date;2025-12-31;KREISE;Administrative districts;05111;Düsseldorf, kreisfreie Stadt;619444;number;BEVSTD;Population;e
12411;Current updating of population figures;STAG;Reference date;2021-12-31;KREISE;Administrative districts;08435;Bodenseekreis;218885;number;BEVSTD;Population;e
12411;Current updating of population figures;STAG;Reference date;2021-12-31;KREISE;Administrative districts;15154;Bitterfeld, Landkreis (until 2007-06-30);-;number;BEVSTD;Population;
12411;Current updating of population figures;STAG;Reference date;2019-12-31;KREISE;Administrative districts;15003;Magdeburg, kreisfreie Stadt;237565;number;BEVSTD;Population;e
12411;Current updating of population figures;STAG;Reference date;2021-12-31;KREISE;Administrative districts;08315;Breisgau-Hochschwarzwald, Landkreis;265792;number;BEVSTD;Population;e
12411;Current updating of population figures;STAG;Reference date;2020-12-31;KREISE;Administrative districts;12067;Oder-Spree, Landkreis;179276;number;BEVSTD;Population;e
12411;Current updating of population figures;STAG;Reference date;2017-12-31;KREISE;Administrative districts;07143;Westerwaldkreis;201039;number;BEVSTD;Population;e
12411;Current updating of population figures;STAG;Reference date;2020-12-31;KREISE;Administrative districts;08235;Calw, Landkreis;160149;number;BEVSTD;Population;e
12411;Current updating of population figures;STAG;Reference date;2023-12-31;KREISE;Administrative districts;15171;Wittenberg, Landkreis (until 2007-06-30);-;number;BEVSTD;Population;
12411;Current updating of population figures;STAG;Reference date;2024-12-31;KREISE;Administrative districts;15153;Bernburg, Landkreis (until 2007-06-30);-;number;BEVSTD;Population;
12411;Current updating of population figures;STAG;Reference date;2020-12-31;KREISE;Administrative districts;14379;Leipziger Land, Landkreis (until 2008-07-31);-;number;BEVSTD;Population;
12411;Current updating of population figures;STAG;Reference date;2016-12-31;KREISE;Administrative districts;14178;Vogtlandkreis (until 2008-07-31);-;number;BEVSTD;Population;
12411;Current updating of population figures;STAG;Reference date;2021-12-31;KREISE;Administrative districts;07211;Trier, kreisfreie Stadt;110570;number;BEVSTD;Population;e
12411;Current updating of population figures;STAG;Reference date;2023-12-31;KREISE;Administrative districts;12066;Oberspreewald-Lausitz, Landkreis;108434;number;BEVSTD;Population;e
12411;Current updating of population figures;STAG;Reference date;2021-12-31;KREISE;Administrative districts;07331;Alzey-Worms, Landkreis;131330;number;BEVSTD;Population;e
12411;Current updating of population figures;STAG;Reference date;2016-12-31;KREISE;Administrative districts;13074;Nordwestmecklenburg, Landkreis;156825;number;BEVSTD;Population;e
12411;Current updating of population figures;STAG;Reference date;2017-12-31;KREISE;Administrative districts;05570;Warendorf, Landkreis;277458;number;BEVSTD;Population;e
12411;Current updating of population figures;STAG;Reference date;2020-12-31;KREISE;Administrative districts;08115;Böblingen, Landkreis;392898;number;BEVSTD;Population;e
12411;Current updating of population figures;STAG;Reference date;2023-12-31;KREISE;Administrative districts;08212;Karlsruhe, kreisfreie Stadt;308197;number;BEVSTD;Population;e
12411;Current updating of population figures;STAG;Reference date;2018-12-31;KREISE;Administrative districts;09762;Kaufbeuren, kreisfreie Stadt;43893;number;BEVSTD;Population;e
12411;Current updating of population figures;STAG;Reference date;2017-12-31;KREISE;Administrative districts;05966;Olpe, Landkreis;134808;number;BEVSTD;Population;e
12411;Current updating of population figures;STAG;Reference date;2023-12-31;KREISE;Administrative districts;05334;Städteregion Aachen, Landkreis;582463;number;BEVSTD;Population;e
12411;Current updating of population figures;STAG;Reference date;2024-12-31;KREISE;Administrative districts;08421;Ulm, kreisfreie Stadt;129882;number;BEVSTD;Population;e
12411;Current updating of population figures;STAG;Reference date;2018-12-31;KREISE;Administrative districts;14182;Mittweida, Landkreis (until 2008-07-31);-;number;BEVSTD;Population;
12411;Current updating of population figures;STAG;Reference date;2025-12-31;KREISE;Administrative districts;16062;Nordhausen, Landkreis;79695;number;BEVSTD;Population;e
12411;Current updating of population figures;STAG;Reference date;2020-12-31;KREISE;Administrative districts;07131;Ahrweiler, Landkreis;130479;number;BEVSTD;Population;e
12411;Current updating of population figures;STAG;Reference date;2017-12-31;KREISE;Administrative districts;06435;Main-Kinzig-Kreis;418208;number;BEVSTD;Population;e
12411;Current updating of population figures;STAG;Reference date;2024-12-31;KREISE;Administrative districts;15260;Mansfelder Land, Landkreis (until 2007-06-30);-;number;BEVSTD;Population;
12411;Current updating of population figures;STAG;Reference date;2020-12-31;KREISE;Administrative districts;15087;Mansfeld-Südharz, Landkreis;133690;number;BEVSTD;Population;e
12411;Current updating of population figures;STAG;Reference date;2022-12-31;KREISE;Administrative districts;15101;Dessau, kreisfreie Stadt (until 2007-06-30);-;number;BEVSTD;Population;
12411;Current updating of population figures;STAG;Reference date;2016-12-31;KREISE;Administrative districts;09473;Coburg, Landkreis;86734;number;BEVSTD;Population;e
12411;Current updating of population figures;STAG;Reference date;2022-12-31;KREISE;Administrative districts;15091;Wittenberg, Landkreis;122808;number;BEVSTD;Population;e
12411;Current updating of population figures;STAG;Reference date;2023-12-31;KREISE;Administrative districts;12053;Frankfurt (Oder), kreisfreie Stadt;57065;number;BEVSTD;Population;e
12411;Current updating of population figures;STAG;Reference date;2018-12-31;KREISE;Administrative districts;05770;Minden-Lübbecke, Landkreis;310710;number;BEVSTD;Population;e
12411;Current updating of population figures;STAG;Reference date;2017-12-31;KREISE;Administrative districts;09673;Rhön-Grabfeld, Landkreis;79796;number;BEVSTD;Population;e
12411;Current updating of population figures;STAG;Reference date;2016-12-31;KREISE;Administrative districts;13061;Rügen, Landkreis (until 2011-09-03);-;number;BEVSTD;Population;
12411;Current updating of population figures;STAG;Reference date;2017-12-31;KREISE;Administrative districts;03151;Gifhorn, Landkreis;175079;number;BEVSTD;Population;e
12411;Current updating of population figures;STAG;Reference date;2018-12-31;KREISE;Administrative districts;06635;Waldeck-Frankenberg, Landkreis;156953;number;BEVSTD;Population;e
12411;Current updating of population figures;STAG;Reference date;2018-12-31;KREISE;Administrative districts;09775;Neu-Ulm, Landkreis;174200;number;BEVSTD;Population;e
12411;Current updating of population figures;STAG;Reference date;2022-12-31;KREISE;Administrative districts;15367;Schönebeck, Landkreis (until 2007-06-30);-;number;BEVSTD;Population;
12411;Current updating of population figures;STAG;Reference date;2019-12-31;KREISE;Administrative districts;05970;Siegen-Wittgenstein, Landkreis;276944;number;BEVSTD;Population;e
12411;Current updating of population figures;STAG;Reference date;2019-12-31;KREISE;Administrative districts;03453;Cloppenburg, Landkreis;170682;number;BEVSTD;Population;e
12411;Current updating of population figures;STAG;Reference date;2020-12-31;KREISE;Administrative districts;08128;Main-Tauber-Kreis;132684;number;BEVSTD;Population;e
12411;Current updating of population figures;STAG;Reference date;2018-12-31;KREISE;Administrative districts;05913;Dortmund, kreisfreie Stadt;587010;number;BEVSTD;Population;e
12411;Current updating of population figures;STAG;Reference date;2018-12-31;KREISE;Administrative districts;03351;Celle, Landkreis;178936;number;BEVSTD;Population;e
12411;Current updating of population figures;STAG;Reference date;2019-12-31;KREISE;Administrative districts;14262;Dresden, kreisfreie Stadt (until 2008-07-31);-;number;BEVSTD;Population;
12411;Current updating of population figures;STAG;Reference date;2020-12-31;KREISE;Administrative districts;03401;Delmenhorst, kreisfreie Stadt;77503;number;BEVSTD;Population;e
12411;Current updating of population figures;STAG;Reference date;2023-12-31;KREISE;Administrative districts;03404;Osnabrück, kreisfreie Stadt;165686;number;BEVSTD;Population;e
12411;Current updating of population figures;STAG;Reference date;2024-12-31;KREISE;Administrative districts;05774;Paderborn, Landkreis;315912;number;BEVSTD;Population;e
12411;Current updating of population figures;STAG;Reference date;2023-12-31;KREISE;Administrative districts;12052;Cottbus, kreisfreie Stadt;94778;number;BEVSTD;Population;e
12411;Current updating of population figures;STAG;Reference date;2020-12-31;KREISE;Administrative districts;09780;Oberallgäu, Landkreis;156308;number;BEVSTD;Population;e
12411;Current updating of population figures;STAG;Reference date;2022-12-31;KREISE;Administrative districts;10044;Saarlouis, Landkreis;205785;number;BEVSTD;Population;e
12411;Current updating of population figures;STAG;Reference date;2020-12-31;KREISE;Administrative districts;05562;Recklinghausen, Landkreis;613599;number;BEVSTD;Population;e
12411;Current updating of population figures;STAG;Reference date;2023-12-31;KREISE;Administrative districts;08225;Neckar-Odenwald-Kreis;145681;number;BEVSTD;Population;e
12411;Current updating of population figures;STAG;Reference date;2022-12-31;KREISE;Administrative districts;14262;Dresden, kreisfreie Stadt (until 2008-07-31);-;number;BEVSTD;Population;
12411;Current updating of population figures;STAG;Reference date;2025-12-31;KREISE;Administrative districts;12070;Prignitz, Landkreis;74942;number;BEVSTD;Population;e
12411;Current updating of population figures;STAG;Reference date;2019-12-31;KREISE;Administrative districts;07316;Neustadt an der Weinstraße, kreisfreie Stadt;53264;number;BEVSTD;Population;e
12411;Current updating of population figures;STAG;Reference date;2018-12-31;KREISE;Administrative districts;09273;Kelheim, Landkreis;122258;number;BEVSTD;Population;e
12411;Current updating of population figures;STAG;Reference date;2025-12-31;KREISE;Administrative districts;03456;Grafschaft Bentheim, Landkreis;144674;number;BEVSTD;Population;e
12411;Current updating of population figures;STAG;Reference date;2020-12-31;KREISE;Administrative districts;05958;Hochsauerlandkreis;259030;number;BEVSTD;Population;e
12411;Current updating of population figures;STAG;Reference date;2023-12-31;KREISE;Administrative districts;08118;Ludwigsburg, Landkreis;534808;number;BEVSTD;Population;e
12411;Current updating of population figures;STAG;Reference date;2017-12-31;KREISE;Administrative districts;09183;Mühldorf am Inn, Landkreis;114486;number;BEVSTD;Population;e
12411;Current updating of population figures;STAG;Reference date;2016-12-31;KREISE;Administrative districts;16073;Saalfeld-Rudolstadt, Landkreis;108315;number;BEVSTD;Population;e
12411;Current updating of population figures;STAG;Reference date;2023-12-31;KREISE;Administrative districts;03154;Helmstedt, Landkreis;90692;number;BEVSTD;Population;e
12411;Current updating of population figures;STAG;Reference date;2024-12-31;KREISE;Administrative districts;08315;Breisgau-Hochschwarzwald, Landkreis;272558;number;BEVSTD;Population;e
12411;Current updating of population figures;STAG;Reference date;2016-12-31;KREISE;Administrative districts;07339;Mainz-Bingen, Landkreis;209184;number;BEVSTD;Population;e
12411;Current updating of population figures;STAG;Reference date;2024-12-31;KREISE;Administrative districts;03257;Schaumburg, Landkreis;156841;number;BEVSTD;Population;e
12411;Current updating of population figures;STAG;Reference date;2020-12-31;KREISE;Administrative districts;09673;Rhön-Grabfeld, Landkreis;79510;number;BEVSTD;Population;e
12411;Current updating of population figures;STAG;Reference date;2016-12-31;KREISE;Administrative districts;15363;Stendal, Landkreis (until 2007-06-30);-;number;BEVSTD;Population;
12411;Current updating of population figures;STAG;Reference date;2020-12-31;KREISE;Administrative districts;12054;Potsdam, kreisfreie Stadt;182112;number;BEVSTD;Population;e
12411;Current updating of population figures;STAG;Reference date;2021-12-31;KREISE;Administrative districts;03351;Celle, Landkreis;179915;number;BEVSTD;Population;e
12411;Current updating of population figures;STAG;Reference date;2019-12-31;KREISE;Administrative districts;09472;Bayreuth, Landkreis;103664;number;BEVSTD;Population;e
12411;Current updating of population figures;STAG;Reference date;2023-12-31;KREISE;Administrative districts;09780;Oberallgäu, Landkreis;153394;number;BEVSTD;Population;e
12411;Current updating of population figures;STAG;Reference date;2022-12-31;KREISE;Administrative districts;05374;Oberbergischer Kreis;273634;number;BEVSTD;Population;e
12411;Current updating of population figures;STAG;Reference date;2023-12-31;KREISE;Administrative districts;06439;Rheingau-Taunus-Kreis;186050;number;BEVSTD;Population;e
12411;Current updating of population figures;STAG;Reference date;2020-12-31;KREISE;Administrative districts;03152;Göttingen, Landkreis (until 2016-10-31);-;number;BEVSTD;Population;
12411;Current updating of population figures;STAG;Reference date;2025-12-31;KREISE;Administrative districts;10042;Merzig-Wadern, Landkreis;107982;number;BEVSTD;Population;e
12411;Current updating of population figures;STAG;Reference date;2016-12-31;KREISE;Administrative districts;15003;Magdeburg, kreisfreie Stadt;238136;number;BEVSTD;Population;e
12411;Current updating of population figures;STAG;Reference date;2018-12-31;KREISE;Administrative districts;08421;Ulm, kreisfreie Stadt;126329;number;BEVSTD;Population;e
12411;Current updating of population figures;STAG;Reference date;2016-12-31;KREISE;Administrative districts;05970;Siegen-Wittgenstein, Landkreis;277933;number;BEVSTD;Population;e
12411;Current updating of population figures;STAG;Reference date;2016-12-31;KREISE;Administrative districts;15256;Burgenlandkreis (until 2007-06-30);-;number;BEVSTD;Population;
12411;Current updating of population figures;STAG;Reference date;2018-12-31;KREISE;Administrative districts;13006;Wismar, kreisfreie Stadt (until 2011-09-03);-;number;BEVSTD;Population;
12411;Current updating of population figures;STAG;Reference date;2018-12-31;KREISE;Administrative districts;15153;Bernburg, Landkreis (until 2007-06-30);-;number;BEVSTD;Population;
12411;Current updating of population figures;STAG;Reference date;2024-12-31;KREISE;Administrative districts;07333;Donnersbergkreis;74783;number;BEVSTD;Population;e
12411;Current updating of population figures;STAG;Reference date;2017-12-31;KREISE;Administrative districts;05117;Mülheim an der Ruhr, kreisfreie Stadt;171265;number;BEVSTD;Population;e
12411;Current updating of population figures;STAG;Reference date;2022-12-31;KREISE;Administrative districts;09463;Coburg, kreisfreie Stadt;40618;number;BEVSTD;Population;e
12411;Current updating of population figures;STAG;Reference date;2024-12-31;KREISE;Administrative districts;09778;Unterallgäu, Landkreis;147255;number;BEVSTD;Population;e
12411;Current updating of population figures;STAG;Reference date;2024-12-31;KREISE;Administrative districts;07320;Zweibrücken, kreisfreie Stadt;33323;number;BEVSTD;Population;e
12411;Current updating of population figures;STAG;Reference date;2016-12-31;KREISE;Administrative districts;07313;Landau in der Pfalz, kreisfreie Stadt;46006;number;BEVSTD;Population;e
12411;Current updating of population figures;STAG;Reference date;2019-12-31;KREISE;Administrative districts;05374;Oberbergischer Kreis;272057;number;BEVSTD;Population;e
12411;Current updating of population figures;STAG;Reference date;2019-12-31;KREISE;Administrative districts;13051;Bad Doberan, Landkreis (until 2011-09-03);-;number;BEVSTD;Population;
12411;Current updating of population figures;STAG;Reference date;2020-12-31;KREISE;Administrative districts;09183;Mühldorf am Inn, Landkreis;116483;number;BEVSTD;Population;e
12411;Current updating of population figures;STAG;Reference date;2023-12-31;KREISE;Administrative districts;06533;Limburg-Weilburg, Landkreis;174281;number;BEVSTD;Population;e
12411;Current updating of population figures;STAG;Reference date;2024-12-31;KREISE;Administrative districts;14292;Kamenz, Landkreis (until 2008-07-31);-;number;BEVSTD;Population;
12411;Current updating of population figures;STAG;Reference date;2018-12-31;KREISE;Administrative districts;09179;Fürstenfeldbruck, Landkreis;219320;number;BEVSTD;Population;e
12411;Current updating of population figures;STAG;Reference date;2018-12-31;KREISE;Administrative districts;15260;Mansfelder Land, Landkreis (until 2007-06-30);-;number;BEVSTD;Population;
12411;Current updating of population figures;STAG;Reference date;2025-12-31;KREISE;Administrative districts;07316;Neustadt an der Weinstraße, kreisfreie Stadt;52882;number;BEVSTD;Population;e
12411;Current updating of population figures;STAG;Reference date;2025-12-31;KREISE;Administrative districts;14262;Dresden, kreisfreie Stadt (until 2008-07-31);-;number;BEVSTD;Population;
12411;Current updating of population figures;STAG;Reference date;2019-12-31;KREISE;Administrative districts;15363;Stendal, Landkreis (until 2007-06-30);-;number;BEVSTD;Population;
12411;Current updating of population figures;STAG;Reference date;2024-12-31;KREISE;Administrative districts;03351;Celle, Landkreis;172449;number;BEVSTD;Population;e
12411;Current updating of population figures;STAG;Reference date;2017-12-31;KREISE;Administrative districts;08222;Mannheim, kreisfreie Stadt;307997;number;BEVSTD;Population;e
12411;Current updating of population figures;STAG;Reference date;2016-12-31;KREISE;Administrative districts;14522;Mittelsachsen, Landkreis;310505;number;BEVSTD;Population;e
12411;Current updating of population figures;STAG;Reference date;2016-12-31;KREISE;Administrative districts;08417;Zollernalbkreis;187401;number;BEVSTD;Population;e
12411;Current updating of population figures;STAG;Reference date;2023-12-31;KREISE;Administrative districts;06413;Offenbach am Main, kreisfreie Stadt;131845;number;BEVSTD;Population;e
12411;Current updating of population figures;STAG;Reference date;2021-12-31;KREISE;Administrative districts;03257;Schaumburg, Landkreis;158108;number;BEVSTD;Population;e
12411;Current updating of population figures;STAG;Reference date;2017-12-31;KREISE;Administrative districts;12063;Havelland, Landkreis;160710;number;BEVSTD;Population;e
12411;Current updating of population figures;STAG;Reference date;2021-12-31;KREISE;Administrative districts;05774;Paderborn, Landkreis;309380;number;BEVSTD;Population;e
12411;Current updating of population figures;STAG;Reference date;2019-12-31;KREISE;Administrative districts;16071;Weimarer Land, Landkreis;82156;number;BEVSTD;Population;e
12411;Current updating of population figures;STAG;Reference date;2023-12-31;KREISE;Administrative districts;09673;Rhön-Grabfeld, Landkreis;79430;number;BEVSTD;Population;e
12411;Current updating of population figures;STAG;Reference date;2020-12-31;KREISE;Administrative districts;06439;Rheingau-Taunus-Kreis;187433;number;BEVSTD;Population;e
12411;Current updating of population figures;STAG;Reference date;2023-12-31;KREISE;Administrative districts;07134;Birkenfeld, Landkreis;82622;number;BEVSTD;Population;e
12411;Current updating of population figures;STAG;Reference date;2022-12-31;KREISE;Administrative districts;03458;Oldenburg, Landkreis;131228;number;BEVSTD;Population;e
12411;Current updating of population figures;STAG;Reference date;2018-12-31;KREISE;Administrative districts;05316;Leverkusen, kreisfreie Stadt;163838;number;BEVSTD;Population;e
12411;Current updating of population figures;STAG;Reference date;2021-12-31;KREISE;Administrative districts;09371;Amberg-Sulzbach, Landkreis;103277;number;BEVSTD;Population;e
12411;Current updating of population figures;STAG;Reference date;2018-12-31;KREISE;Administrative districts;01062;Stormarn, Landkreis;243196;number;BEVSTD;Population;e
12411;Current updating of population figures;STAG;Reference date;2024-12-31;KREISE;Administrative districts;06611;Kassel, kreisfreie Stadt;197230;number;BEVSTD;Population;e
12411;Current updating of population figures;STAG;Reference date;2020-12-31;KREISE;Administrative districts;09185;Neuburg-Schrobenhausen, Landkreis;97730;number;BEVSTD;Population;e
12411;Current updating of population figures;STAG;Reference date;2020-12-31;KREISE;Administrative districts;06532;Lahn-Dill-Kreis;253373;number;BEVSTD;Population;e
12411;Current updating of population figures;STAG;Reference date;2023-12-31;KREISE;Administrative districts;06531;Gießen, Landkreis;268141;number;BEVSTD;Population;e
12411;Current updating of population figures;STAG;Reference date;2019-12-31;KREISE;Administrative districts;03201;Hannover, kreisfreie Stadt (until 2001-10-31);-;number;BEVSTD;Population;
12411;Current updating of population figures;STAG;Reference date;2019-12-31;KREISE;Administrative districts;14511;Chemnitz, kreisfreie Stadt;246334;number;BEVSTD;Population;e
12411;Current updating of population figures;STAG;Reference date;2022-12-31;KREISE;Administrative districts;06440;Wetteraukreis;309348;number;BEVSTD;Population;e
12411;Current updating of population figures;STAG;Reference date;2016-12-31;KREISE;Administrative districts;03455;Friesland, Landkreis;98409;number;BEVSTD;Population;e
12411;Current updating of population figures;STAG;Reference date;2021-12-31;KREISE;Administrative districts;09276;Regen, Landkreis;77176;number;BEVSTD;Population;e
12411;Current updating of population figures;STAG;Reference date;2019-12-31;KREISE;Administrative districts;03454;Emsland, Landkreis;326954;number;BEVSTD;Population;e
12411;Current updating of population figures;STAG;Reference date;2023-12-31;KREISE;Administrative districts;06411;Darmstadt, kreisfreie Stadt;164832;number;BEVSTD;Population;e
12411;Current updating of population figures;STAG;Reference date;2025-12-31;KREISE;Administrative districts;11000;Berlin, kreisfreie Stadt;3700577;number;BEVSTD;Population;e
12411;Current updating of population figures;STAG;Reference date;2025-12-31;KREISE;Administrative districts;07317;Pirmasens, kreisfreie Stadt;39389;number;BEVSTD;Population;e
12411;Current updating of population figures;STAG;Reference date;2022-12-31;KREISE;Administrative districts;16075;Saale-Orla-Kreis;78404;number;BEVSTD;Population;e
12411;Current updating of population figures;STAG;Reference date;2022-12-31;KREISE;Administrative districts;13052;Demmin, Landkreis (until 2011-09-03);-;number;BEVSTD;Population;
12411;Current updating of population figures;STAG;Reference date;2023-12-31;KREISE;Administrative districts;09184;München, Landkreis;352771;number;BEVSTD;Population;e
12411;Current updating of population figures;STAG;Reference date;2025-12-31;KREISE;Administrative districts;09475;Hof, Landkreis;91582;number;BEVSTD;Population;e
12411;Current updating of population figures;STAG;Reference date;2018-12-31;KREISE;Administrative districts;14181;Mittlerer Erzgebirgskreis (until 2008-07-31);-;number;BEVSTD;Population;
12411;Current updating of population figures;STAG;Reference date;2017-12-31;KREISE;Administrative districts;15086;Jerichower Land, Landkreis;90465;number;BEVSTD;Population;e
12411;Current updating of population figures;STAG;Reference date;2023-12-31;KREISE;Administrative districts;09171;Altötting, Landkreis;113018;number;BEVSTD;Population;e
12411;Current updating of population figures;STAG;Reference date;2018-12-31;KREISE;Administrative districts;03256;Nienburg (Weser), Landkreis;121386;number;BEVSTD;Population;e
12411;Current updating of population figures;STAG;Reference date;2019-12-31;KREISE;Administrative districts;14524;Zwickau, Landkreis;315002;number;BEVSTD;Population;e
12411;Current updating of population figures;STAG;Reference date;2016-12-31;KREISE;Administrative districts;05120;Remscheid, kreisfreie Stadt;110611;number;BEVSTD;Population;e
12411;Current updating of population figures;STAG;Reference date;2022-12-31;KREISE;Administrative districts;09476;Kronach, Landkreis;65087;number;BEVSTD;Population;e
12411;Current updating of population figures;STAG;Reference date;2021-12-31;KREISE;Administrative districts;06636;Werra-Meißner-Kreis;99714;number;BEVSTD;Population;e
12411;Current updating of population figures;STAG;Reference date;2022-12-31;KREISE;Administrative districts;16062;Nordhausen, Landkreis;81811;number;BEVSTD;Population;e
12411;Current updating of population figures;STAG;Reference date;2025-12-31;KREISE;Administrative districts;09462;Bayreuth, kreisfreie Stadt;72919;number;BEVSTD;Population;e
12411;Current updating of population figures;STAG;Reference date;2022-12-31;KREISE;Administrative districts;07316;Neustadt an der Weinstraße, kreisfreie Stadt;52759;number;BEVSTD;Population;e
12411;Current updating of population figures;STAG;Reference date;2020-12-31;KREISE;Administrative districts;06412;Frankfurt am Main, kreisfreie Stadt;764104;number;BEVSTD;Population;e
12411;Current updating of population figures;STAG;Reference date;2016-12-31;KREISE;Administrative districts;14286;Löbau-Zittau, Landkreis (until 2008-07-31);-;number;BEVSTD;Population;
12411;Current updating of population figures;STAG;Reference date;2017-12-31;KREISE;Administrative districts;08127;Schwäbisch Hall, Landkreis;194203;number;BEVSTD;Population;e
12411;Current updating of population figures;STAG;Reference date;2024-12-31;KREISE;Administrative districts;09371;Amberg-Sulzbach, Landkreis;103982;number;BEVSTD;Population;e
12411;Current updating of population figures;STAG;Reference date;2025-12-31;KREISE;Administrative districts;15101;Dessau, kreisfreie Stadt (until 2007-06-30);-;number;BEVSTD;Population;
12411;Current updating of population figures;STAG;Reference date;2018-12-31;KREISE;Administrative districts;08327;Tuttlingen, Landkreis;140152;number;BEVSTD;Population;e
12411;Current updating of population figures;STAG;Reference date;2016-12-31;KREISE;Administrative districts;16071;Weimarer Land, Landkreis;82316;number;BEVSTD;Population;e
12411;Current updating of population figures;STAG;Reference date;2017-12-31;KREISE;Administrative districts;06436;Main-Taunus-Kreis;236969;number;BEVSTD;Population;e
12411;Current updating of population figures;STAG;Reference date;2016-12-31;KREISE;Administrative districts;14166;Plauen, kreisfreie Stadt (until 2008-07-31);-;number;BEVSTD;Population;
12411;Current updating of population figures;STAG;Reference date;2016-12-31;KREISE;Administrative districts;09472;Bayreuth, Landkreis;103876;number;BEVSTD;Population;e
12411;Current updating of population figures;STAG;Reference date;2024-12-31;KREISE;Administrative districts;15154;Bitterfeld, Landkreis (until 2007-06-30);-;number;BEVSTD;Population;
12411;Current updating of population figures;STAG;Reference date;2017-12-31;KREISE;Administrative districts;09672;Bad Kissingen, Landkreis;103265;number;BEVSTD;Population;e
12411;Current updating of population figures;STAG;Reference date;2018-12-31;KREISE;Administrative districts;09776;Lindau (Bodensee), Landkreis;81669;number;BEVSTD;Population;e
12411;Current updating of population figures;STAG;Reference date;2017-12-31;KREISE;Administrative districts;14379;Leipziger Land, Landkreis (until 2008-07-31);-;number;BEVSTD;Population;
12411;Current updating of population figures;STAG;Reference date;2023-12-31;KREISE;Administrative districts;12067;Oder-Spree, Landkreis;180499;number;BEVSTD;Population;e
12411;Current updating of population figures;STAG;Reference date;2016-12-31;KREISE;Administrative districts;13075;Vorpommern-Greifswald, Landkreis;237374;number;BEVSTD;Population;e
12411;Current updating of population figures;STAG;Reference date;2021-12-31;KREISE;Administrative districts;07332;Bad Dürkheim, Landkreis;133206;number;BEVSTD;Population;e
12411;Current updating of population figures;STAG;Reference date;2024-12-31;KREISE;Administrative districts;08435;Bodenseekreis;220804;number;BEVSTD;Population;e
12411;Current updating of population figures;STAG;Reference date;2019-12-31;KREISE;Administrative districts;01059;Schleswig-Flensburg, Landkreis;201156;number;BEVSTD;Population;e
12411;Current updating of population figures;STAG;Reference date;2017-12-31;KREISE;Administrative districts;07131;Ahrweiler, Landkreis;128914;number;BEVSTD;Population;e
12411;Current updating of population figures;STAG;Reference date;2019-12-31;KREISE;Administrative districts;14287;Sächsische Schweiz, Landkreis (until 2008-07-31);-;number;BEVSTD;Population;
12411;Current updating of population figures;STAG;Reference date;2017-12-31;KREISE;Administrative districts;09565;Schwabach, kreisfreie Stadt;40781;number;BEVSTD;Population;e
12411;Current updating of population figures;STAG;Reference date;2021-12-31;KREISE;Administrative districts;08436;Ravensburg, Landkreis;287011;number;BEVSTD;Population;e
12411;Current updating of population figures;STAG;Reference date;2020-12-31;KREISE;Administrative districts;07132;Altenkirchen (Westerwald), Landkreis;129087;number;BEVSTD;Population;e
12411;Current updating of population figures;STAG;Reference date;2024-12-31;KREISE;Administrative districts;15261;Merseburg-Querfurt, Landkreis (until 2007-06-30);-;number;BEVSTD;Population;
12411;Current updating of population figures;STAG;Reference date;2019-12-31;KREISE;Administrative districts;07315;Mainz, kreisfreie Stadt;218578;number;BEVSTD;Population;e
12411;Current updating of population figures;STAG;Reference date;2020-12-31;KREISE;Administrative districts;15088;Saalekreis;183434;number;BEVSTD;Population;e
12411;Current updating of population figures;STAG;Reference date;2021-12-31;KREISE;Administrative districts;08316;Emmendingen, Landkreis;167945;number;BEVSTD;Population;e
12411;Current updating of population figures;STAG;Reference date;2022-12-31;KREISE;Administrative districts;05122;Solingen, kreisfreie Stadt;165229;number;BEVSTD;Population;e
12411;Current updating of population figures;STAG;Reference date;2020-12-31;KREISE;Administrative districts;08236;Enzkreis;199752;number;BEVSTD;Population;e
12411;Current updating of population figures;STAG;Reference date;2022-12-31;KREISE;Administrative districts;15090;Stendal, Landkreis;107462;number;BEVSTD;Population;e
12411;Current updating of population figures;STAG;Reference date;2023-12-31;KREISE;Administrative districts;12054;Potsdam, kreisfreie Stadt;184290;number;BEVSTD;Population;e
12411;Current updating of population figures;STAG;Reference date;2025-12-31;KREISE;Administrative districts;16074;Saale-Holzland-Kreis;82163;number;BEVSTD;Population;e
12411;Current updating of population figures;STAG;Reference date;2016-12-31;KREISE;Administrative districts;13062;Uecker-Randow, Landkreis (until 2011-09-03);-;number;BEVSTD;Population;
12411;Current updating of population figures;STAG;Reference date;2018-12-31;KREISE;Administrative districts;05914;Hagen, kreisfreie Stadt;188814;number;BEVSTD;Population;e
12411;Current updating of population figures;STAG;Reference date;2018-12-31;KREISE;Administrative districts;06634;Schwalm-Eder-Kreis;180222;number;BEVSTD;Population;e
12411;Current updating of population figures;STAG;Reference date;2016-12-31;KREISE;Administrative districts;10041;Regionalverband Saarbrücken, Landkreis;329593;number;BEVSTD;Population;e
12411;Current updating of population figures;STAG;Reference date;2017-12-31;KREISE;Administrative districts;05954;Ennepe-Ruhr-Kreis;324670;number;BEVSTD;Population;e
12411;Current updating of population figures;STAG;Reference date;2020-12-31;KREISE;Administrative districts;03402;Emden, kreisfreie Stadt;49874;number;BEVSTD;Population;e
12411;Current updating of population figures;STAG;Reference date;2018-12-31;KREISE;Administrative districts;09763;Kempten (Allgäu), kreisfreie Stadt;68907;number;BEVSTD;Population;e
12411;Current updating of population figures;STAG;Reference date;2023-12-31;KREISE;Administrative districts;08211;Baden-Baden, kreisfreie Stadt;56526;number;BEVSTD;Population;e
12411;Current updating of population figures;STAG;Reference date;2025-12-31;KREISE;Administrative districts;13053;Güstrow, Landkreis (until 2011-09-03);-;number;BEVSTD;Population;
12411;Current updating of population figures;STAG;Reference date;2024-12-31;KREISE;Administrative districts;09277;Rottal-Inn, Landkreis;120497;number;BEVSTD;Population;e
12411;Current updating of population figures;STAG;Reference date;2020-12-31;KREISE;Administrative districts;08116;Esslingen, Landkreis;533617;number;BEVSTD;Population;e
12411;Current updating of population figures;STAG;Reference date;2021-12-31;KREISE;Administrative districts;14290;Weißeritzkreis (until 2008-07-31);-;number;BEVSTD;Population;
12411;Current updating of population figures;STAG;Reference date;2021-12-31;KREISE;Administrative districts;01051;Dithmarschen, Landkreis;133969;number;BEVSTD;Population;e
12411;Current updating of population figures;STAG;Reference date;2018-12-31;KREISE;Administrative districts;07235;Trier-Saarburg, Landkreis;148945;number;BEVSTD;Population;e
12411;Current updating of population figures;STAG;Reference date;2025-12-31;KREISE;Administrative districts;16061;Eichsfeld, Landkreis;102772;number;BEVSTD;Population;e
12411;Current updating of population figures;STAG;Reference date;2023-12-31;KREISE;Administrative districts;08237;Freudenstadt, Landkreis;121901;number;BEVSTD;Population;e
12411;Current updating of population figures;STAG;Reference date;2018-12-31;KREISE;Administrative districts;09274;Landshut, Landkreis;158698;number;BEVSTD;Population;e
12411;Current updating of population figures;STAG;Reference date;2020-12-31;KREISE;Administrative districts;08117;Göppingen, Landkreis;258781;number;BEVSTD;Population;e
12411;Current updating of population figures;STAG;Reference date;2020-12-31;KREISE;Administrative districts;03153;Goslar, Landkreis;134688;number;BEVSTD;Population;e
12411;Current updating of population figures;STAG;Reference date;2022-12-31;KREISE;Administrative districts;03457;Leer, Landkreis;169390;number;BEVSTD;Population;e
12411;Current updating of population figures;STAG;Reference date;2025-12-31;KREISE;Administrative districts;10043;Neunkirchen, Landkreis;132607;number;BEVSTD;Population;e
12411;Current updating of population figures;STAG;Reference date;2023-12-31;KREISE;Administrative districts;08117;Göppingen, Landkreis;259232;number;BEVSTD;Population;e
12411;Current updating of population figures;STAG;Reference date;2017-12-31;KREISE;Administrative districts;09182;Miesbach, Landkreis;99189;number;BEVSTD;Population;e
12411;Current updating of population figures;STAG;Reference date;2023-12-31;KREISE;Administrative districts;03153;Goslar, Landkreis;127712;number;BEVSTD;Population;e
12411;Current updating of population figures;STAG;Reference date;2023-12-31;KREISE;Administrative districts;03403;Oldenburg (Oldenburg), kreisfreie Stadt;176242;number;BEVSTD;Population;e
12411;Current updating of population figures;STAG;Reference date;2022-12-31;KREISE;Administrative districts;05758;Herford, Landkreis;254949;number;BEVSTD;Population;e
12411;Current updating of population figures;STAG;Reference date;2022-12-31;KREISE;Administrative districts;14383;Muldentalkreis (until 2008-07-31);-;number;BEVSTD;Population;
12411;Current updating of population figures;STAG;Reference date;2020-12-31;KREISE;Administrative districts;15089;Salzlandkreis;187457;number;BEVSTD;Population;e
12411;Current updating of population figures;STAG;Reference date;2021-12-31;KREISE;Administrative districts;14171;Annaberg, Landkreis (until 2008-07-31);-;number;BEVSTD;Population;
12411;Current updating of population figures;STAG;Reference date;2021-12-31;KREISE;Administrative districts;05916;Herne, kreisfreie Stadt;156621;number;BEVSTD;Population;e
12411;Current updating of population figures;STAG;Reference date;2020-12-31;KREISE;Administrative districts;05334;Städteregion Aachen, Landkreis;556631;number;BEVSTD;Population;e
12411;Current updating of population figures;STAG;Reference date;2024-12-31;KREISE;Administrative districts;05916;Herne, kreisfreie Stadt;155851;number;BEVSTD;Population;e
12411;Current updating of population figures;STAG;Reference date;2020-12-31;KREISE;Administrative districts;03403;Oldenburg (Oldenburg), kreisfreie Stadt;169605;number;BEVSTD;Population;e
12411;Current updating of population figures;STAG;Reference date;2023-12-31;KREISE;Administrative districts;15089;Salzlandkreis;182296;number;BEVSTD;Population;e
12411;Current updating of population figures;STAG;Reference date;2019-12-31;KREISE;Administrative districts;09473;Coburg, Landkreis;86747;number;BEVSTD;Population;e
12411;Current updating of population figures;STAG;Reference date;2020-12-31;KREISE;Administrative districts;09661;Aschaffenburg, kreisfreie Stadt;70858;number;BEVSTD;Population;e
12411;Current updating of population figures;STAG;Reference date;2024-12-31;KREISE;Administrative districts;08436;Ravensburg, Landkreis;291102;number;BEVSTD;Population;e
12411;Current updating of population figures;STAG;Reference date;2020-12-31;KREISE;Administrative districts;12066;Oberspreewald-Lausitz, Landkreis;108396;number;BEVSTD;Population;e
12411;Current updating of population figures;STAG;Reference date;2019-12-31;KREISE;Administrative districts;14167;Zwickau, kreisfreie Stadt (until 2008-07-31);-;number;BEVSTD;Population;
12411;Current updating of population figures;STAG;Reference date;2018-12-31;KREISE;Administrative districts;09261;Landshut, kreisfreie Stadt;72404;number;BEVSTD;Population;e
12411;Current updating of population figures;STAG;Reference date;2025-12-31;KREISE;Administrative districts;03457;Leer, Landkreis;169111;number;BEVSTD;Population;e
12411;Current updating of population figures;STAG;Reference date;2025-12-31;KREISE;Administrative districts;15367;Schönebeck, Landkreis (until 2007-06-30);-;number;BEVSTD;Population;
12411;Current updating of population figures;STAG;Reference date;2016-12-31;KREISE;Administrative districts;16072;Sonneberg, Landkreis;56507;number;BEVSTD;Population;e
12411;Current updating of population figures;STAG;Reference date;2024-12-31;KREISE;Administrative districts;08316;Emmendingen, Landkreis;169787;number;BEVSTD;Population;e
12411;Current updating of population figures;STAG;Reference date;2024-12-31;KREISE;Administrative districts;01051;Dithmarschen, Landkreis;133460;number;BEVSTD;Population;e
12411;Current updating of population figures;STAG;Reference date;2020-12-31;KREISE;Administrative districts;09674;Haßberge, Landkreis;84275;number;BEVSTD;Population;e
12411;Current updating of population figures;STAG;Reference date;2020-12-31;KREISE;Administrative districts;12053;Frankfurt (Oder), kreisfreie Stadt;57015;number;BEVSTD;Population;e
12411;Current updating of population figures;STAG;Reference date;2022-12-31;KREISE;Administrative districts;05362;Rhein-Erft-Kreis;473669;number;BEVSTD;Population;e
12411;Current updating of population figures;STAG;Reference date;2022-12-31;KREISE;Administrative districts;14263;Görlitz, kreisfreie Stadt (until 2008-07-31);-;number;BEVSTD;Population;
12411;Current updating of population figures;STAG;Reference date;2021-12-31;KREISE;Administrative districts;03352;Cuxhaven, Landkreis;199603;number;BEVSTD;Population;e
12411;Current updating of population figures;STAG;Reference date;2025-12-31;KREISE;Administrative districts;15091;Wittenberg, Landkreis;120375;number;BEVSTD;Population;e
12411;Current updating of population figures;STAG;Reference date;2022-12-31;KREISE;Administrative districts;16061;Eichsfeld, Landkreis;99358;number;BEVSTD;Population;e
12411;Current updating of population figures;STAG;Reference date;2022-12-31;KREISE;Administrative districts;09462;Bayreuth, kreisfreie Stadt;72661;number;BEVSTD;Population;e
12411;Current updating of population figures;STAG;Reference date;2023-12-31;KREISE;Administrative districts;09674;Haßberge, Landkreis;83673;number;BEVSTD;Population;e
12411;Current updating of population figures;STAG;Reference date;2016-12-31;KREISE;Administrative districts;07314;Ludwigshafen am Rhein, kreisfreie Stadt;166621;number;BEVSTD;Population;e
12411;Current updating of population figures;STAG;Reference date;2020-12-31;KREISE;Administrative districts;06438;Offenbach, Landkreis;356542;number;BEVSTD;Population;e
12411;Current updating of population figures;STAG;Reference date;2023-12-31;KREISE;Administrative districts;06438;Offenbach, Landkreis;356578;number;BEVSTD;Population;e
12411;Current updating of population figures;STAG;Reference date;2019-12-31;KREISE;Administrative districts;15364;Quedlinburg, Landkreis (until 2007-06-30);-;number;BEVSTD;Population;
12411;Current updating of population figures;STAG;Reference date;2022-12-31;KREISE;Administrative districts;09475;Hof, Landkreis;92905;number;BEVSTD;Population;e
12411;Current updating of population figures;STAG;Reference date;2016-12-31;KREISE;Administrative districts;15364;Quedlinburg, Landkreis (until 2007-06-30);-;number;BEVSTD;Population;
12411;Current updating of population figures;STAG;Reference date;2024-12-31;KREISE;Administrative districts;07332;Bad Dürkheim, Landkreis;134329;number;BEVSTD;Population;e
12411;Current updating of population figures;STAG;Reference date;2021-12-31;KREISE;Administrative districts;09263;Straubing, kreisfreie Stadt;47854;number;BEVSTD;Population;e
12411;Current updating of population figures;STAG;Reference date;2017-12-31;KREISE;Administrative districts;12064;Märkisch-Oderland, Landkreis;192921;number;BEVSTD;Population;e
12411;Current updating of population figures;STAG;Reference date;2024-12-31;KREISE;Administrative districts;14171;Annaberg, Landkreis (until 2008-07-31);-;number;BEVSTD;Population;
12411;Current updating of population figures;STAG;Reference date;2019-12-31;KREISE;Administrative districts;16072;Sonneberg, Landkreis;57717;number;BEVSTD;Population;e
12411;Current updating of population figures;STAG;Reference date;2019-12-31;KREISE;Administrative districts;05120;Remscheid, kreisfreie Stadt;111338;number;BEVSTD;Population;e
12411;Current updating of population figures;STAG;Reference date;2023-12-31;KREISE;Administrative districts;07133;Bad Kreuznach, Landkreis;164564;number;BEVSTD;Population;e
12411;Current updating of population figures;STAG;Reference date;2025-12-31;KREISE;Administrative districts;14383;Muldentalkreis (until 2008-07-31);-;number;BEVSTD;Population;
12411;Current updating of population figures;STAG;Reference date;2023-12-31;KREISE;Administrative districts;09661;Aschaffenburg, kreisfreie Stadt;72554;number;BEVSTD;Population;e
12411;Current updating of population figures;STAG;Reference date;2021-12-31;KREISE;Administrative districts;09779;Donau-Ries, Landkreis;134986;number;BEVSTD;Population;e
12411;Current updating of population figures;STAG;Reference date;2022-12-31;KREISE;Administrative districts;10043;Neunkirchen, Landkreis;133544;number;BEVSTD;Population;e
12411;Current updating of population figures;STAG;Reference date;2017-12-31;KREISE;Administrative districts;05358;Düren, Landkreis;262889;number;BEVSTD;Population;e
12411;Current updating of population figures;STAG;Reference date;2025-12-31;KREISE;Administrative districts;14263;Görlitz, kreisfreie Stadt (until 2008-07-31);-;number;BEVSTD;Population;
12411;Current updating of population figures;STAG;Reference date;2020-12-31;KREISE;Administrative districts;09171;Altötting, Landkreis;111654;number;BEVSTD;Population;e
12411;Current updating of population figures;STAG;Reference date;2024-12-31;KREISE;Administrative districts;03352;Cuxhaven, Landkreis;198842;number;BEVSTD;Population;e
12411;Current updating of population figures;STAG;Reference date;2019-12-31;KREISE;Administrative districts;13076;Ludwigslust-Parchim, Landkreis;211779;number;BEVSTD;Population;e
12411;Current updating of population figures;STAG;Reference date;2017-12-31;KREISE;Administrative districts;08221;Heidelberg, kreisfreie Stadt;160601;number;BEVSTD;Population;e
12411;Current updating of population figures;STAG;Reference date;2016-12-31;KREISE;Administrative districts;14523;Vogtlandkreis;231051;number;BEVSTD;Population;e
12411;Current updating of population figures;STAG;Reference date;2023-12-31;KREISE;Administrative districts;06412;Frankfurt am Main, kreisfreie Stadt;749596;number;BEVSTD;Population;e
12411;Current updating of population figures;STAG;Reference date;2024-12-31;KREISE;Administrative districts;12072;Teltow-Fläming, Landkreis;177688;number;BEVSTD;Population;e
12411;Current updating of population figures;STAG;Reference date;2017-12-31;KREISE;Administrative districts;16061;Eichsfeld, Landkreis;100645;number;BEVSTD;Population;e
12411;Current updating of population figures;STAG;Reference date;2024-12-31;KREISE;Administrative districts;09189;Traunstein, Landkreis;175144;number;BEVSTD;Population;e
12411;Current updating of population figures;STAG;Reference date;2017-12-31;KREISE;Administrative districts;08126;Hohenlohekreis;111392;number;BEVSTD;Population;e
12411;Current updating of population figures;STAG;Reference date;2024-12-31;KREISE;Administrative districts;14625;Bautzen, Landkreis;292608;number;BEVSTD;Population;e
12411;Current updating of population figures;STAG;Reference date;2022-12-31;KREISE;Administrative districts;05915;Hamm, kreisfreie Stadt;179479;number;BEVSTD;Population;e
12411;Current updating of population figures;STAG;Reference date;2017-12-31;KREISE;Administrative districts;14167;Zwickau, kreisfreie Stadt (until 2008-07-31);-;number;BEVSTD;Population;
12411;Current updating of population figures;STAG;Reference date;2017-12-31;KREISE;Administrative districts;14287;Sächsische Schweiz, Landkreis (until 2008-07-31);-;number;BEVSTD;Population;
12411;Current updating of population figures;STAG;Reference date;2024-12-31;KREISE;Administrative districts;10045;Saarpfalz-Kreis;144092;number;BEVSTD;Population;e
12411;Current updating of population figures;STAG;Reference date;2018-12-31;KREISE;Administrative districts;03157;Peine, Landkreis;133965;number;BEVSTD;Population;e
12411;Current updating of population figures;STAG;Reference date;2023-12-31;KREISE;Administrative districts;08121;Heilbronn, kreisfreie Stadt;131653;number;BEVSTD;Population;e
12411;Current updating of population figures;STAG;Reference date;2018-12-31;KREISE;Administrative districts;05314;Bonn, kreisfreie Stadt;327258;number;BEVSTD;Population;e
12411;Current updating of population figures;STAG;Reference date;2024-12-31;KREISE;Administrative districts;14612;Dresden, kreisfreie Stadt;564904;number;BEVSTD;Population;e
12411;Current updating of population figures;STAG;Reference date;2024-12-31;KREISE;Administrative districts;03402;Emden, kreisfreie Stadt;49202;number;BEVSTD;Population;e
12411;Current updating of population figures;STAG;Reference date;2024-12-31;KREISE;Administrative districts;06414;Wiesbaden, kreisfreie Stadt;288850;number;BEVSTD;Population;e
12411;Current updating of population figures;STAG;Reference date;2020-12-31;KREISE;Administrative districts;14292;Kamenz, Landkreis (until 2008-07-31);-;number;BEVSTD;Population;
12411;Current updating of population figures;STAG;Reference date;2020-12-31;KREISE;Administrative districts;03358;Heidekreis;140885;number;BEVSTD;Population;e
12411;Current updating of population figures;STAG;Reference date;2017-12-31;KREISE;Administrative districts;16074;Saale-Holzland-Kreis;82990;number;BEVSTD;Population;e
12411;Current updating of population figures;STAG;Reference date;2019-12-31;KREISE;Administrative districts;03357;Rotenburg (Wümme), Landkreis;163782;number;BEVSTD;Population;e
12411;Current updating of population figures;STAG;Reference date;2024-12-31;KREISE;Administrative districts;09176;Eichstätt, Landkreis;135668;number;BEVSTD;Population;e
12411;Current updating of population figures;STAG;Reference date;2022-12-31;KREISE;Administrative districts;08317;Ortenaukreis;440768;number;BEVSTD;Population;e
12411;Current updating of population figures;STAG;Reference date;2019-12-31;KREISE;Administrative districts;14171;Annaberg, Landkreis (until 2008-07-31);-;number;BEVSTD;Population;
12411;Current updating of population figures;STAG;Reference date;2025-12-31;KREISE;Administrative districts;03352;Cuxhaven, Landkreis;198886;number;BEVSTD;Population;e
12411;Current updating of population figures;STAG;Reference date;2019-12-31;KREISE;Administrative districts;01054;Nordfriesland, Landkreis;165951;number;BEVSTD;Population;e
12411;Current updating of population figures;STAG;Reference date;2021-12-31;KREISE;Administrative districts;08237;Freudenstadt, Landkreis;119183;number;BEVSTD;Population;e
12411;Current updating of population figures;STAG;Reference date;2024-12-31;KREISE;Administrative districts;15084;Burgenlandkreis;173684;number;BEVSTD;Population;e
12411;Current updating of population figures;STAG;Reference date;2024-12-31;KREISE;Administrative districts;06534;Marburg-Biedenkopf, Landkreis;242805;number;BEVSTD;Population;e
12411;Current updating of population figures;STAG;Reference date;2018-12-31;KREISE;Administrative districts;08326;Schwarzwald-Baar-Kreis;212381;number;BEVSTD;Population;e
12411;Current updating of population figures;STAG;Reference date;2022-12-31;KREISE;Administrative districts;08437;Sigmaringen, Landkreis;132507;number;BEVSTD;Population;e
12411;Current updating of population figures;STAG;Reference date;2016-12-31;KREISE;Administrative districts;03101;Braunschweig, kreisfreie Stadt;248667;number;BEVSTD;Population;e
12411;Current updating of population figures;STAG;Reference date;2024-12-31;KREISE;Administrative districts;03152;Göttingen, Landkreis (until 2016-10-31);-;number;BEVSTD;Population;
12411;Current updating of population figures;STAG;Reference date;2021-12-31;KREISE;Administrative districts;08117;Göppingen, Landkreis;259046;number;BEVSTD;Population;e
12411;Current updating of population figures;STAG;Reference date;2016-12-31;KREISE;Administrative districts;05154;Kleve, Landkreis;310329;number;BEVSTD;Population;e
12411;Current updating of population figures;STAG;Reference date;2017-12-31;KREISE;Administrative districts;07141;Rhein-Lahn-Kreis;122381;number;BEVSTD;Population;e
12411;Current updating of population figures;STAG;Reference date;2019-12-31;KREISE;Administrative districts;05754;Gütersloh, Landkreis;364938;number;BEVSTD;Population;e
12411;Current updating of population figures;STAG;Reference date;2024-12-31;KREISE;Administrative districts;09163;Rosenheim, kreisfreie Stadt;65274;number;BEVSTD;Population;e
12411;Current updating of population figures;STAG;Reference date;2017-12-31;KREISE;Administrative districts;05354;Aachen, Landkreis (until 2009-10-20);-;number;BEVSTD;Population;
12411;Current updating of population figures;STAG;Reference date;2018-12-31;KREISE;Administrative districts;05554;Borken, Landkreis;370676;number;BEVSTD;Population;e
12411;Current updating of population figures;STAG;Reference date;2018-12-31;KREISE;Administrative districts;09764;Memmingen, kreisfreie Stadt;43837;number;BEVSTD;Population;e
12411;Current updating of population figures;STAG;Reference date;2017-12-31;KREISE;Administrative districts;05711;Bielefeld, kreisfreie Stadt;332552;number;BEVSTD;Population;e
12411;Current updating of population figures;STAG;Reference date;2025-12-31;KREISE;Administrative districts;15151;Anhalt-Zerbst, Landkreis (until 2007-06-30);-;number;BEVSTD;Population;
12411;Current updating of population figures;STAG;Reference date;2017-12-31;KREISE;Administrative districts;13062;Uecker-Randow, Landkreis (until 2011-09-03);-;number;BEVSTD;Population;
12411;Current updating of population figures;STAG;Reference date;2017-12-31;KREISE;Administrative districts;09564;Nürnberg, kreisfreie Stadt;515201;number;BEVSTD;Population;e
12411;Current updating of population figures;STAG;Reference date;2017-12-31;KREISE;Administrative districts;15352;Aschersleben-Staßfurt, Landkreis (until 2007-06-30;-;number;BEVSTD;Population;
12411;Current updating of population figures;STAG;Reference date;2021-12-31;KREISE;Administrative districts;06411;Darmstadt, kreisfreie Stadt;159631;number;BEVSTD;Population;e
12411;Current updating of population figures;STAG;Reference date;2016-12-31;KREISE;Administrative districts;09471;Bamberg, Landkreis;146042;number;BEVSTD;Population;e
12411;Current updating of population figures;STAG;Reference date;2016-12-31;KREISE;Administrative districts;13005;Stralsund, kreisfreie Stadt (until 2011-09-03);-;number;BEVSTD;Population;
12411;Current updating of population figures;STAG;Reference date;2025-12-31;KREISE;Administrative districts;09376;Schwandorf, Landkreis;149363;number;BEVSTD;Population;e
12411;Current updating of population figures;STAG;Reference date;2017-12-31;KREISE;Administrative districts;09671;Aschaffenburg, Landkreis;173969;number;BEVSTD;Population;e
12411;Current updating of population figures;STAG;Reference date;2018-12-31;KREISE;Administrative districts;09777;Ostallgäu, Landkreis;140316;number;BEVSTD;Population;e
12411;Current updating of population figures;STAG;Reference date;2018-12-31;KREISE;Administrative districts;03251;Diepholz, Landkreis;216886;number;BEVSTD;Population;e
12411;Current updating of population figures;STAG;Reference date;2018-12-31;KREISE;Administrative districts;05911;Bochum, kreisfreie Stadt;364628;number;BEVSTD;Population;e
12411;Current updating of population figures;STAG;Reference date;2019-12-31;KREISE;Administrative districts;03451;Ammerland, Landkreis;124859;number;BEVSTD;Population;e
12411;Current updating of population figures;STAG;Reference date;2021-12-31;KREISE;Administrative districts;16052;Gera, kreisfreie Stadt;91368;number;BEVSTD;Population;e
12411;Current updating of population figures;STAG;Reference date;2020-12-31;KREISE;Administrative districts;15370;Altmarkkreis Salzwedel (until 2007-06-30);-;number;BEVSTD;Population;
12411;Current updating of population figures;STAG;Reference date;2022-12-31;KREISE;Administrative districts;06611;Kassel, kreisfreie Stadt;196575;number;BEVSTD;Population;e
12411;Current updating of population figures;STAG;Reference date;2020-12-31;KREISE;Administrative districts;02000;Hamburg, kreisfreie Stadt;1852478;number;BEVSTD;Population;e
12411;Current updating of population figures;STAG;Reference date;2021-12-31;KREISE;Administrative districts;06437;Odenwaldkreis;96953;number;BEVSTD;Population;e
12411;Current updating of population figures;STAG;Reference date;2024-12-31;KREISE;Administrative districts;14375;Döbeln, Landkreis (until 2008-07-31);-;number;BEVSTD;Population;
12411;Current updating of population figures;STAG;Reference date;2020-12-31;KREISE;Administrative districts;05515;Münster, kreisfreie Stadt;316403;number;BEVSTD;Population;e
12411;Current updating of population figures;STAG;Reference date;2023-12-31;KREISE;Administrative districts;03455;Friesland, Landkreis;100461;number;BEVSTD;Population;e
12411;Current updating of population figures;STAG;Reference date;2022-12-31;KREISE;Administrative districts;03255;Holzminden, Landkreis;66288;number;BEVSTD;Population;e
12411;Current updating of population figures;STAG;Reference date;2017-12-31;KREISE;Administrative districts;13075;Vorpommern-Greifswald, Landkreis;237066;number;BEVSTD;Population;e
12411;Current updating of population figures;STAG;Reference date;2025-12-31;KREISE;Administrative districts;05166;Viersen, Landkreis;297193;number;BEVSTD;Population;e
12411;Current updating of population figures;STAG;Reference date;2019-12-31;KREISE;Administrative districts;07314;Ludwigshafen am Rhein, kreisfreie Stadt;172253;number;BEVSTD;Population;e
12411;Current updating of population figures;STAG;Reference date;2023-12-31;KREISE;Administrative districts;01058;Rendsburg-Eckernförde, Landkreis;277888;number;BEVSTD;Population;e
12411;Current updating of population figures;STAG;Reference date;2025-12-31;KREISE;Administrative districts;01062;Stormarn, Landkreis;247394;number;BEVSTD;Population;e
12411;Current updating of population figures;STAG;Reference date;2020-12-31;KREISE;Administrative districts;09462;Bayreuth, kreisfreie Stadt;74048;number;BEVSTD;Population;e
12411;Current updating of population figures;STAG;Reference date;2023-12-31;KREISE;Administrative districts;14188;Stollberg, Landkreis (until 2008-07-31);-;number;BEVSTD;Population;
12411;Current updating of population figures;STAG;Reference date;2021-12-31;KREISE;Administrative districts;09662;Schweinfurt, kreisfreie Stadt;53585;number;BEVSTD;Population;e
12411;Current updating of population figures;STAG;Reference date;2021-12-31;KREISE;Administrative districts;13054;Ludwigslust, Landkreis (until 2011-09-03);-;number;BEVSTD;Population;
12411;Current updating of population figures;STAG;Reference date;2020-12-31;KREISE;Administrative districts;09475;Hof, Landkreis;94522;number;BEVSTD;Population;e
12411;Current updating of population figures;STAG;Reference date;2022-12-31;KREISE;Administrative districts;13001;Greifswald, kreisfreie Stadt (until 2011-09-03);-;number;BEVSTD;Population;
12411;Current updating of population figures;STAG;Reference date;2017-12-31;KREISE;Administrative districts;06432;Darmstadt-Dieburg, Landkreis;296048;number;BEVSTD;Population;e
12411;Current updating of population figures;STAG;Reference date;2018-12-31;KREISE;Administrative districts;06633;Kassel, Landkreis;236633;number;BEVSTD;Population;e
12411;Current updating of population figures;STAG;Reference date;2018-12-31;KREISE;Administrative districts;09275;Passau, Landkreis;192043;number;BEVSTD;Population;e
12411;Current updating of population figures;STAG;Reference date;2022-12-31;KREISE;Administrative districts;09372;Cham, Landkreis;127452;number;BEVSTD;Population;e
12411;Current updating of population figures;STAG;Reference date;2024-12-31;KREISE;Administrative districts;16068;Sömmerda, Landkreis;67693;number;BEVSTD;Population;e
12411;Current updating of population figures;STAG;Reference date;2023-12-31;KREISE;Administrative districts;09573;Fürth, Landkreis;117617;number;BEVSTD;Population;e
12411;Current updating of population figures;STAG;Reference date;2022-12-31;KREISE;Administrative districts;07333;Donnersbergkreis;74854;number;BEVSTD;Population;e
12411;Current updating of population figures;STAG;Reference date;2024-12-31;KREISE;Administrative districts;16055;Weimar, kreisfreie Stadt;65954;number;BEVSTD;Population;e
12411;Current updating of population figures;STAG;Reference date;2021-12-31;KREISE;Administrative districts;07132;Altenkirchen (Westerwald), Landkreis;129261;number;BEVSTD;Population;e
12411;Current updating of population figures;STAG;Reference date;2021-12-31;KREISE;Administrative districts;09676;Miltenberg, Landkreis;128782;number;BEVSTD;Population;e
12411;Current updating of population figures;STAG;Reference date;2018-12-31;KREISE;Administrative districts;09262;Passau, kreisfreie Stadt;52469;number;BEVSTD;Population;e
12411;Current updating of population figures;STAG;Reference date;2019-12-31;KREISE;Administrative districts;09474;Forchheim, Landkreis;116203;number;BEVSTD;Population;e
12411;Current updating of population figures;STAG;Reference date;2019-12-31;KREISE;Administrative districts;15370;Altmarkkreis Salzwedel (until 2007-06-30);-;number;BEVSTD;Population;
12411;Current updating of population figures;STAG;Reference date;2024-12-31;KREISE;Administrative districts;07135;Cochem-Zell, Landkreis;61608;number;BEVSTD;Population;e
12411;Current updating of population figures;STAG;Reference date;2021-12-31;KREISE;Administrative districts;10041;Regionalverband Saarbrücken, Landkreis;327284;number;BEVSTD;Population;e
12411;Current updating of population figures;STAG;Reference date;2017-12-31;KREISE;Administrative districts;09577;Weißenburg-Gunzenhausen, Landkreis;94208;number;BEVSTD;Population;e
12411;Current updating of population figures;STAG;Reference date;2021-12-31;KREISE;Administrative districts;16066;Schmalkalden-Meiningen, Landkreis;123404;number;BEVSTD;Population;e
12411;Current updating of population figures;STAG;Reference date;2021-12-31;KREISE;Administrative districts;06531;Gießen, Landkreis;272874;number;BEVSTD;Population;e
12411;Current updating of population figures;STAG;Reference date;2019-12-31;KREISE;Administrative districts;09461;Bamberg, kreisfreie Stadt;77373;number;BEVSTD;Population;e
12411;Current updating of population figures;STAG;Reference date;2018-12-31;KREISE;Administrative districts;09778;Unterallgäu, Landkreis;144041;number;BEVSTD;Population;e
12411;Current updating of population figures;STAG;Reference date;2022-12-31;KREISE;Administrative districts;07320;Zweibrücken, kreisfreie Stadt;33264;number;BEVSTD;Population;e
12411;Current updating of population figures;STAG;Reference date;2019-12-31;KREISE;Administrative districts;05158;Mettmann, Landkreis;485570;number;BEVSTD;Population;e
12411;Current updating of population figures;STAG;Reference date;2020-12-31;KREISE;Administrative districts;07316;Neustadt an der Weinstraße, kreisfreie Stadt;53306;number;BEVSTD;Population;e
12411;Current updating of population figures;STAG;Reference date;2017-12-31;KREISE;Administrative districts;15090;Stendal, Landkreis;113186;number;BEVSTD;Population;e
12411;Current updating of population figures;STAG;Reference date;2018-12-31;KREISE;Administrative districts;12051;Brandenburg an der Havel, kreisfreie Stadt;72124;number;BEVSTD;Population;e
12411;Current updating of population figures;STAG;Reference date;2024-12-31;KREISE;Administrative districts;09772;Augsburg, Landkreis;262811;number;BEVSTD;Population;e
12411;Current updating of population figures;STAG;Reference date;2023-12-31;KREISE;Administrative districts;07319;Worms, kreisfreie Stadt;86403;number;BEVSTD;Population;e
12411;Current updating of population figures;STAG;Reference date;2017-12-31;KREISE;Administrative districts;14523;Vogtlandkreis;229584;number;BEVSTD;Population;e
12411;Current updating of population figures;STAG;Reference date;2017-12-31;KREISE;Administrative districts;09181;Landsberg am Lech, Landkreis;119141;number;BEVSTD;Population;e
12411;Current updating of population figures;STAG;Reference date;2025-12-31;KREISE;Administrative districts;09363;Weiden in der Oberpfalz, kreisfreie Stadt;42453;number;BEVSTD;Population;e
12411;Current updating of population figures;STAG;Reference date;2023-12-31;KREISE;Administrative districts;15266;Sangerhausen, Landkreis (until 2007-06-30);-;number;BEVSTD;Population;
12411;Current updating of population figures;STAG;Reference date;2016-12-31;KREISE;Administrative districts;14181;Mittlerer Erzgebirgskreis (until 2008-07-31);-;number;BEVSTD;Population;
12411;Current updating of population figures;STAG;Reference date;2016-12-31;KREISE;Administrative districts;03353;Harburg, Landkreis;250326;number;BEVSTD;Population;e
12411;Current updating of population figures;STAG;Reference date;2024-12-31;KREISE;Administrative districts;03153;Goslar, Landkreis;126775;number;BEVSTD;Population;e
12411;Current updating of population figures;STAG;Reference date;2024-12-31;KREISE;Administrative districts;13057;Nordvorpommern, Landkreis (until 2011-09-03);-;number;BEVSTD;Population;
12411;Current updating of population figures;STAG;Reference date;2023-12-31;KREISE;Administrative districts;05758;Herford, Landkreis;254593;number;BEVSTD;Population;e
12411;Current updating of population figures;STAG;Reference date;2016-12-31;KREISE;Administrative districts;07337;Südliche Weinstraße, Landkreis;110885;number;BEVSTD;Population;e
12411;Current updating of population figures;STAG;Reference date;2023-12-31;KREISE;Administrative districts;16070;Ilm-Kreis;107002;number;BEVSTD;Population;e
12411;Current updating of population figures;STAG;Reference date;2024-12-31;KREISE;Administrative districts;09162;München, kreisfreie Stadt;1505005;number;BEVSTD;Population;e
12411;Current updating of population figures;STAG;Reference date;2022-12-31;KREISE;Administrative districts;09278;Straubing-Bogen, Landkreis;102914;number;BEVSTD;Population;e
12411;Current updating of population figures;STAG;Reference date;2016-12-31;KREISE;Administrative districts;08415;Reutlingen, Landkreis;284082;number;BEVSTD;Population;e
12411;Current updating of population figures;STAG;Reference date;2018-12-31;KREISE;Administrative districts;12064;Märkisch-Oderland, Landkreis;194328;number;BEVSTD;Population;e
12411;Current updating of population figures;STAG;Reference date;2023-12-31;KREISE;Administrative districts;05122;Solingen, kreisfreie Stadt;166078;number;BEVSTD;Population;e
12411;Current updating of population figures;STAG;Reference date;2019-12-31;KREISE;Administrative districts;14290;Weißeritzkreis (until 2008-07-31);-;number;BEVSTD;Population;
12411;Current updating of population figures;STAG;Reference date;2025-12-31;KREISE;Administrative districts;07336;Kusel, Landkreis;68738;number;BEVSTD;Population;e
12411;Current updating of population figures;STAG;Reference date;2018-12-31;KREISE;Administrative districts;08325;Rottweil, Landkreis;139455;number;BEVSTD;Population;e
12411;Current updating of population figures;STAG;Reference date;2018-12-31;KREISE;Administrative districts;15088;Saalekreis;184582;number;BEVSTD;Population;e
12411;Current updating of population figures;STAG;Reference date;2023-12-31;KREISE;Administrative districts;09479;Wunsiedel im Fichtelgebirge, Landkreis;70959;number;BEVSTD;Population;e
12411;Current updating of population figures;STAG;Reference date;2021-12-31;KREISE;Administrative districts;15369;Wernigerode, Landkreis (until 2007-06-30);-;number;BEVSTD;Population;
12411;Current updating of population figures;STAG;Reference date;2017-12-31;KREISE;Administrative districts;14286;Löbau-Zittau, Landkreis (until 2008-07-31);-;number;BEVSTD;Population;
12411;Current updating of population figures;STAG;Reference date;2021-12-31;KREISE;Administrative districts;01001;Flensburg, kreisfreie Stadt;91113;number;BEVSTD;Population;e
12411;Current updating of population figures;STAG;Reference date;2020-12-31;KREISE;Administrative districts;14171;Annaberg, Landkreis (until 2008-07-31);-;number;BEVSTD;Population;
12411;Current updating of population figures;STAG;Reference date;2025-12-31;KREISE;Administrative districts;05762;Höxter, Landkreis;138156;number;BEVSTD;Population;e
12411;Current updating of population figures;STAG;Reference date;2020-12-31;KREISE;Administrative districts;03452;Aurich, Landkreis;190178;number;BEVSTD;Population;e
12411;Current updating of population figures;STAG;Reference date;2021-12-31;KREISE;Administrative districts;09173;Bad Tölz-Wolfratshausen, Landkreis;127919;number;BEVSTD;Population;e
12411;Current updating of population figures;STAG;Reference date;2022-12-31;KREISE;Administrative districts;12069;Potsdam-Mittelmark, Landkreis;219092;number;BEVSTD;Population;e
12411;Current updating of population figures;STAG;Reference date;2021-12-31;KREISE;Administrative districts;05358;Düren, Landkreis;266771;number;BEVSTD;Population;e
12411;Current updating of population figures;STAG;Reference date;2023-12-31;KREISE;Administrative districts;09190;Weilheim-Schongau, Landkreis;138052;number;BEVSTD;Population;e
12411;Current updating of population figures;STAG;Reference date;2016-12-31;KREISE;Administrative districts;03460;Vechta, Landkreis;139671;number;BEVSTD;Population;e
12411;Current updating of population figures;STAG;Reference date;2025-12-31;KREISE;Administrative districts;13003;Rostock, kreisfreie Stadt;204929;number;BEVSTD;Population;e
12411;Current updating of population figures;STAG;Reference date;2019-12-31;KREISE;Administrative districts;05515;Münster, kreisfreie Stadt;315293;number;BEVSTD;Population;e
12411;Current updating of population figures;STAG;Reference date;2024-12-31;KREISE;Administrative districts;09678;Schweinfurt, Landkreis;113977;number;BEVSTD;Population;e
12411;Current updating of population figures;STAG;Reference date;2024-12-31;KREISE;Administrative districts;12071;Spree-Neiße, Landkreis;109635;number;BEVSTD;Population;e
12411;Current updating of population figures;STAG;Reference date;2016-12-31;KREISE;Administrative districts;07311;Frankenthal (Pfalz), kreisfreie Stadt;48445;number;BEVSTD;Population;e
12411;Current updating of population figures;STAG;Reference date;2022-12-31;KREISE;Administrative districts;14729;Leipzig, Landkreis;259568;number;BEVSTD;Population;e
12411;Current updating of population figures;STAG;Reference date;2020-12-31;KREISE;Administrative districts;01055;Ostholstein, Landkreis;201487;number;BEVSTD;Population;e
12411;Current updating of population figures;STAG;Reference date;2021-12-31;KREISE;Administrative districts;09186;Pfaffenhofen an der Ilm, Landkreis;129772;number;BEVSTD;Population;e
12411;Current updating of population figures;STAG;Reference date;2023-12-31;KREISE;Administrative districts;05362;Rhein-Erft-Kreis;476412;number;BEVSTD;Population;e
12411;Current updating of population figures;STAG;Reference date;2022-12-31;KREISE;Administrative districts;03241;Region Hannover, Landkreis;1134284;number;BEVSTD;Population;e
12411;Current updating of population figures;STAG;Reference date;2024-12-31;KREISE;Administrative districts;10046;Sankt Wendel, Landkreis;87813;number;BEVSTD;Population;e
12411;Current updating of population figures;STAG;Reference date;2018-12-31;KREISE;Administrative districts;03156;Osterode am Harz, Landkreis (until 2016-10-31);-;number;BEVSTD;Population;
12411;Current updating of population figures;STAG;Reference date;2021-12-31;KREISE;Administrative districts;08212;Karlsruhe, kreisfreie Stadt;306502;number;BEVSTD;Population;e
12411;Current updating of population figures;STAG;Reference date;2025-12-31;KREISE;Administrative districts;01061;Steinburg, Landkreis;132217;number;BEVSTD;Population;e
12411;Current updating of population figures;STAG;Reference date;2023-12-31;KREISE;Administrative districts;03201;Hannover, kreisfreie Stadt (until 2001-10-31);-;number;BEVSTD;Population;
12411;Current updating of population figures;STAG;Reference date;2017-12-31;KREISE;Administrative districts;16073;Saalfeld-Rudolstadt, Landkreis;107368;number;BEVSTD;Population;e
12411;Current updating of population figures;STAG;Reference date;2018-12-31;KREISE;Administrative districts;14379;Leipziger Land, Landkreis (until 2008-07-31);-;number;BEVSTD;Population;
12411;Current updating of population figures;STAG;Reference date;2019-12-31;KREISE;Administrative districts;05513;Gelsenkirchen, kreisfreie Stadt;259645;number;BEVSTD;Population;e
12411;Current updating of population figures;STAG;Reference date;2024-12-31;KREISE;Administrative districts;12073;Uckermark, Landkreis;117432;number;BEVSTD;Population;e
12411;Current updating of population figures;STAG;Reference date;2017-12-31;KREISE;Administrative districts;03459;Osnabrück, Landkreis;356140;number;BEVSTD;Population;e
12411;Current updating of population figures;STAG;Reference date;2024-12-31;KREISE;Administrative districts;09177;Erding, Landkreis;140127;number;BEVSTD;Population;e
12411;Current updating of population figures;STAG;Reference date;2025-12-31;KREISE;Administrative districts;03460;Vechta, Landkreis;146838;number;BEVSTD;Population;e
12411;Current updating of population figures;STAG;Reference date;2024-12-31;KREISE;Administrative districts;14374;Delitzsch, Landkreis (until 2008-07-31);-;number;BEVSTD;Population;
12411;Current updating of population figures;STAG;Reference date;2021-12-31;KREISE;Administrative districts;06438;Offenbach, Landkreis;357466;number;BEVSTD;Population;e
12411;Current updating of population figures;STAG;Reference date;2022-12-31;KREISE;Administrative districts;03361;Verden, Landkreis;137793;number;BEVSTD;Population;e
12411;Current updating of population figures;STAG;Reference date;2020-12-31;KREISE;Administrative districts;03453;Cloppenburg, Landkreis;172632;number;BEVSTD;Population;e
12411;Current updating of population figures;STAG;Reference date;2021-12-31;KREISE;Administrative districts;05954;Ennepe-Ruhr-Kreis;322143;number;BEVSTD;Population;e
12411;Current updating of population figures;STAG;Reference date;2019-12-31;KREISE;Administrative districts;05370;Heinsberg, Landkreis;255555;number;BEVSTD;Population;e
12411;Current updating of population figures;STAG;Reference date;2022-12-31;KREISE;Administrative districts;08436;Ravensburg, Landkreis;287393;number;BEVSTD;Population;e
12411;Current updating of population figures;STAG;Reference date;2024-12-31;KREISE;Administrative districts;15085;Harz, Landkreis;205484;number;BEVSTD;Population;e
12411;Current updating of population figures;STAG;Reference date;2017-12-31;KREISE;Administrative districts;08125;Heilbronn, Landkreis;340772;number;BEVSTD;Population;e
12411;Current updating of population figures;STAG;Reference date;2020-12-31;KREISE;Administrative districts;05754;Gütersloh, Landkreis;364818;number;BEVSTD;Population;e
12411;Current updating of population figures;STAG;Reference date;2022-12-31;KREISE;Administrative districts;01060;Segeberg, Landkreis;279922;number;BEVSTD;Population;e
12411;Current updating of population figures;STAG;Reference date;2022-12-31;KREISE;Administrative districts;05916;Herne, kreisfreie Stadt;155603;number;BEVSTD;Population;e
12411;Current updating of population figures;STAG;Reference date;2020-12-31;KREISE;Administrative districts;14280;Meißen, Landkreis (until 2008-07-31);-;number;BEVSTD;Population;
12411;Current updating of population figures;STAG;Reference date;2016-12-31;KREISE;Administrative districts;03102;Salzgitter, kreisfreie Stadt;103668;number;BEVSTD;Population;e
12411;Current updating of population figures;STAG;Reference date;2016-12-31;KREISE;Administrative districts;03355;Lüneburg, Landkreis;181605;number;BEVSTD;Population;e
12411;Current updating of population figures;STAG;Reference date;2023-12-31;KREISE;Administrative districts;15159;Köthen, Landkreis (until 2007-06-30);-;number;BEVSTD;Population;
12411;Current updating of population figures;STAG;Reference date;2024-12-31;KREISE;Administrative districts;03403;Oldenburg (Oldenburg), kreisfreie Stadt;176614;number;BEVSTD;Population;e
12411;Current updating of population figures;STAG;Reference date;2024-12-31;KREISE;Administrative districts;06413;Offenbach am Main, kreisfreie Stadt;132746;number;BEVSTD;Population;e
12411;Current updating of population figures;STAG;Reference date;2018-12-31;KREISE;Administrative districts;07340;Südwestpfalz, Landkreis;95113;number;BEVSTD;Population;e
12411;Current updating of population figures;STAG;Reference date;2016-12-31;KREISE;Administrative districts;05166;Viersen, Landkreis;298422;number;BEVSTD;Population;e
12411;Current updating of population figures;STAG;Reference date;2019-12-31;KREISE;Administrative districts;03358;Heidekreis;140673;number;BEVSTD;Population;e
12411;Current updating of population figures;STAG;Reference date;2021-12-31;KREISE;Administrative districts;08225;Neckar-Odenwald-Kreis;143929;number;BEVSTD;Population;e
12411;Current updating of population figures;STAG;Reference date;2022-12-31;KREISE;Administrative districts;08316;Emmendingen, Landkreis;168004;number;BEVSTD;Population;e
12411;Current updating of population figures;STAG;Reference date;2019-12-31;KREISE;Administrative districts;01053;Herzogtum Lauenburg, Landkreis;198019;number;BEVSTD;Population;e
12411;Current updating of population figures;STAG;Reference date;2023-12-31;KREISE;Administrative districts;14161;Chemnitz, kreisfreie Stadt (until 2008-07-31);-;number;BEVSTD;Population;
12411;Current updating of population figures;STAG;Reference date;2024-12-31;KREISE;Administrative districts;06533;Limburg-Weilburg, Landkreis;173830;number;BEVSTD;Population;e
12411;Current updating of population figures;STAG;Reference date;2019-12-31;KREISE;Administrative districts;05766;Lippe, Landkreis;347514;number;BEVSTD;Population;e
12411;Current updating of population figures;STAG;Reference date;2019-12-31;KREISE;Administrative districts;07313;Landau in der Pfalz, kreisfreie Stadt;46881;number;BEVSTD;Population;e
12411;Current updating of population figures;STAG;Reference date;2023-12-31;KREISE;Administrative districts;01059;Schleswig-Flensburg, Landkreis;204761;number;BEVSTD;Population;e
12411;Current updating of population figures;STAG;Reference date;2021-12-31;KREISE;Administrative districts;10043;Neunkirchen, Landkreis;130847;number;BEVSTD;Population;e
12411;Current updating of population figures;STAG;Reference date;2016-12-31;KREISE;Administrative districts;13004;Schwerin, kreisfreie Stadt;95668;number;BEVSTD;Population;e
12411;Current updating of population figures;STAG;Reference date;2021-12-31;KREISE;Administrative districts;06412;Frankfurt am Main, kreisfreie Stadt;759224;number;BEVSTD;Population;e
12411;Current updating of population figures;STAG;Reference date;2021-12-31;KREISE;Administrative districts;08118;Ludwigsburg, Landkreis;544679;number;BEVSTD;Population;e
12411;Current updating of population figures;STAG;Reference date;2021-12-31;KREISE;Administrative districts;16064;Unstrut-Hainich-Kreis;101269;number;BEVSTD;Population;e
12411;Current updating of population figures;STAG;Reference date;2025-12-31;KREISE;Administrative districts;09375;Regensburg, Landkreis;196410;number;BEVSTD;Population;e
12411;Current updating of population figures;STAG;Reference date;2024-12-31;KREISE;Administrative districts;08215;Karlsruhe, Landkreis;456264;number;BEVSTD;Population;e
12411;Current updating of population figures;STAG;Reference date;2021-12-31;KREISE;Administrative districts;09661;Aschaffenburg, kreisfreie Stadt;71381;number;BEVSTD;Population;e
12411;Current updating of population figures;STAG;Reference date;2017-12-31;KREISE;Administrative districts;09576;Roth, Landkreis;126101;number;BEVSTD;Population;e
12411;Current updating of population figures;STAG;Reference date;2021-12-31;KREISE;Administrative districts;06532;Lahn-Dill-Kreis;253364;number;BEVSTD;Population;e
12411;Current updating of population figures;STAG;Reference date;2023-12-31;KREISE;Administrative districts;06440;Wetteraukreis;310705;number;BEVSTD;Population;e
12411;Current updating of population figures;STAG;Reference date;2017-12-31;KREISE;Administrative districts;15364;Quedlinburg, Landkreis (until 2007-06-30);-;number;BEVSTD;Population;
12411;Current updating of population figures;STAG;Reference date;2018-12-31;KREISE;Administrative districts;07233;Vulkaneifel, Landkreis;60603;number;BEVSTD;Population;e
12411;Current updating of population figures;STAG;Reference date;2021-12-31;KREISE;Administrative districts;14730;Nordsachsen, Landkreis;197529;number;BEVSTD;Population;e
12411;Current updating of population figures;STAG;Reference date;2025-12-31;KREISE;Administrative districts;14193;Zwickauer Land, Landkreis (until 2008-07-31);-;number;BEVSTD;Population;
12411;Current updating of population figures;STAG;Reference date;2017-12-31;KREISE;Administrative districts;06434;Hochtaunuskreis;235995;number;BEVSTD;Population;e
12411;Current updating of population figures;STAG;Reference date;2016-12-31;KREISE;Administrative districts;09376;Schwandorf, Landkreis;145382;number;BEVSTD;Population;e
12411;Current updating of population figures;STAG;Reference date;2020-12-31;KREISE;Administrative districts;03359;Stade, Landkreis;205357;number;BEVSTD;Population;e
12411;Current updating of population figures;STAG;Reference date;2019-12-31;KREISE;Administrative districts;03452;Aurich, Landkreis;189694;number;BEVSTD;Population;e
12411;Current updating of population figures;STAG;Reference date;2021-12-31;KREISE;Administrative districts;16051;Erfurt, kreisfreie Stadt;213227;number;BEVSTD;Population;e
12411;Current updating of population figures;STAG;Reference date;2021-12-31;KREISE;Administrative districts;13055;Mecklenburg-Strelitz, Landkreis (until 2011-09-03);-;number;BEVSTD;Population;
12411;Current updating of population figures;STAG;Reference date;2024-12-31;KREISE;Administrative districts;01004;Neumünster, kreisfreie Stadt;79809;number;BEVSTD;Population;e
12411;Current updating of population figures;STAG;Reference date;2024-12-31;KREISE;Administrative districts;08335;Konstanz, Landkreis;291841;number;BEVSTD;Population;e
12411;Current updating of population figures;STAG;Reference date;2025-12-31;KREISE;Administrative districts;08415;Reutlingen, Landkreis;293527;number;BEVSTD;Population;e
12411;Current updating of population figures;STAG;Reference date;2016-12-31;KREISE;Administrative districts;09363;Weiden in der Oberpfalz, kreisfreie Stadt;42494;number;BEVSTD;Population;e
12411;Current updating of population figures;STAG;Reference date;2021-12-31;KREISE;Administrative districts;07134;Birkenfeld, Landkreis;80849;number;BEVSTD;Population;e
12411;Current updating of population figures;STAG;Reference date;2016-12-31;KREISE;Administrative districts;15260;Mansfelder Land, Landkreis (until 2007-06-30);-;number;BEVSTD;Population;
12411;Current updating of population figures;STAG;Reference date;2021-12-31;KREISE;Administrative districts;09674;Haßberge, Landkreis;84284;number;BEVSTD;Population;e
12411;Current updating of population figures;STAG;Reference date;2022-12-31;KREISE;Administrative districts;03254;Hildesheim, Landkreis;268062;number;BEVSTD;Population;e
12411;Current updating of population figures;STAG;Reference date;2017-12-31;KREISE;Administrative districts;05978;Unna, Landkreis;393934;number;BEVSTD;Population;e
12411;Current updating of population figures;STAG;Reference date;2023-12-31;KREISE;Administrative districts;03454;Emsland, Landkreis;334203;number;BEVSTD;Population;e
12411;Current updating of population figures;STAG;Reference date;2017-12-31;KREISE;Administrative districts;09563;Fürth, kreisfreie Stadt;126526;number;BEVSTD;Population;e
12411;Current updating of population figures;STAG;Reference date;2017-12-31;KREISE;Administrative districts;13076;Ludwigslust-Parchim, Landkreis;212522;number;BEVSTD;Population;e
12411;Current updating of population figures;STAG;Reference date;2020-12-31;KREISE;Administrative districts;07317;Pirmasens, kreisfreie Stadt;40176;number;BEVSTD;Population;e
12411;Current updating of population figures;STAG;Reference date;2024-12-31;KREISE;Administrative districts;09773;Dillingen an der Donau, Landkreis;98899;number;BEVSTD;Population;e
12411;Current updating of population figures;STAG;Reference date;2024-12-31;KREISE;Administrative districts;16056;Eisenach, kreisfreie Stadt (until 2021-06-30);-;number;BEVSTD;Population;
12411;Current updating of population figures;STAG;Reference date;2020-12-31;KREISE;Administrative districts;09463;Coburg, kreisfreie Stadt;40842;number;BEVSTD;Population;e
12411;Current updating of population figures;STAG;Reference date;2023-12-31;KREISE;Administrative districts;09561;Ansbach, kreisfreie Stadt;39700;number;BEVSTD;Population;e
12411;Current updating of population figures;STAG;Reference date;2021-12-31;KREISE;Administrative districts;07133;Bad Kreuznach, Landkreis;159402;number;BEVSTD;Population;e
12411;Current updating of population figures;STAG;Reference date;2021-12-31;KREISE;Administrative districts;09675;Kitzingen, Landkreis;91980;number;BEVSTD;Population;e
12411;Current updating of population figures;STAG;Reference date;2018-12-31;KREISE;Administrative districts;09263;Straubing, kreisfreie Stadt;47794;number;BEVSTD;Population;e
12411;Current updating of population figures;STAG;Reference date;2019-12-31;KREISE;Administrative districts;09475;Hof, Landkreis;94801;number;BEVSTD;Population;e
12411;Current updating of population figures;STAG;Reference date;2017-12-31;KREISE;Administrative districts;06433;Groß-Gerau, Landkreis;271403;number;BEVSTD;Population;e
12411;Current updating of population figures;STAG;Reference date;2016-12-31;KREISE;Administrative districts;09377;Tirschenreuth, Landkreis;72918;number;BEVSTD;Population;e
12411;Current updating of population figures;STAG;Reference date;2020-12-31;KREISE;Administrative districts;09476;Kronach, Landkreis;66355;number;BEVSTD;Population;e
12411;Current updating of population figures;STAG;Reference date;2019-12-31;KREISE;Administrative districts;07339;Mainz-Bingen, Landkreis;211417;number;BEVSTD;Population;e
12411;Current updating of population figures;STAG;Reference date;2022-12-31;KREISE;Administrative districts;15303;Magdeburg, kreisfreie Stadt (until 2007-06-30);-;number;BEVSTD;Population;
12411;Current updating of population figures;STAG;Reference date;2018-12-31;KREISE;Administrative districts;06632;Hersfeld-Rotenburg, Landkreis;120829;number;BEVSTD;Population;e
12411;Current updating of population figures;STAG;Reference date;2022-12-31;KREISE;Administrative districts;13002;Neubrandenburg, kreisfreie Stadt (until 2011-09-03;-;number;BEVSTD;Population;
12411;Current updating of population figures;STAG;Reference date;2021-12-31;KREISE;Administrative districts;09172;Berchtesgadener Land, Landkreis;106389;number;BEVSTD;Population;e
12411;Current updating of population figures;STAG;Reference date;2023-12-31;KREISE;Administrative districts;13071;Mecklenburgische Seenplatte, Landkreis;247575;number;BEVSTD;Population;e
12411;Current updating of population figures;STAG;Reference date;2019-12-31;KREISE;Administrative districts;09462;Bayreuth, kreisfreie Stadt;74783;number;BEVSTD;Population;e
12411;Current updating of population figures;STAG;Reference date;2021-12-31;KREISE;Administrative districts;15081;Altmarkkreis Salzwedel;81986;number;BEVSTD;Population;e
12411;Current updating of population figures;STAG;Reference date;2025-12-31;KREISE;Administrative districts;13002;Neubrandenburg, kreisfreie Stadt (until 2011-09-03;-;number;BEVSTD;Population;
12411;Current updating of population figures;STAG;Reference date;2022-12-31;KREISE;Administrative districts;07332;Bad Dürkheim, Landkreis;134032;number;BEVSTD;Population;e
12411;Current updating of population figures;STAG;Reference date;2016-12-31;KREISE;Administrative districts;01062;Stormarn, Landkreis;241811;number;BEVSTD;Population;e
12411;Current updating of population figures;STAG;Reference date;2017-12-31;KREISE;Administrative districts;14511;Chemnitz, kreisfreie Stadt;246855;number;BEVSTD;Population;e
12411;Current updating of population figures;STAG;Reference date;2023-12-31;KREISE;Administrative districts;07318;Speyer, kreisfreie Stadt;49874;number;BEVSTD;Population;e
12411;Current updating of population figures;STAG;Reference date;2025-12-31;KREISE;Administrative districts;09362;Regensburg, kreisfreie Stadt;151517;number;BEVSTD;Population;e
12411;Current updating of population figures;STAG;Reference date;2017-12-31;KREISE;Administrative districts;09180;Garmisch-Partenkirchen, Landkreis;88155;number;BEVSTD;Population;e
12411;Current updating of population figures;STAG;Reference date;2016-12-31;KREISE;Administrative districts;15153;Bernburg, Landkreis (until 2007-06-30);-;number;BEVSTD;Population;
12411;Current updating of population figures;STAG;Reference date;2021-12-31;KREISE;Administrative districts;10042;Merzig-Wadern, Landkreis;103426;number;BEVSTD;Population;e
12411;Current updating of population figures;STAG;Reference date;2016-12-31;KREISE;Administrative districts;05762;Höxter, Landkreis;141855;number;BEVSTD;Population;e
12411;Current updating of population figures;STAG;Reference date;2024-12-31;KREISE;Administrative districts;07134;Birkenfeld, Landkreis;82611;number;BEVSTD;Population;e
12411;Current updating of population figures;STAG;Reference date;2021-12-31;KREISE;Administrative districts;16065;Kyffhäuserkreis;72964;number;BEVSTD;Population;e
12411;Current updating of population figures;STAG;Reference date;2016-12-31;KREISE;Administrative districts;07338;Rhein-Pfalz-Kreis;153043;number;BEVSTD;Population;e
12411;Current updating of population figures;STAG;Reference date;2018-12-31;KREISE;Administrative districts;09779;Donau-Ries, Landkreis;133496;number;BEVSTD;Population;e
12411;Current updating of population figures;STAG;Reference date;2025-12-31;KREISE;Administrative districts;07311;Frankenthal (Pfalz), kreisfreie Stadt;48134;number;BEVSTD;Population;e
12411;Current updating of population figures;STAG;Reference date;2022-12-31;KREISE;Administrative districts;09371;Amberg-Sulzbach, Landkreis;103621;number;BEVSTD;Population;e
12411;Current updating of population figures;STAG;Reference date;2020-12-31;KREISE;Administrative districts;15265;Saalkreis (until 2007-06-30);-;number;BEVSTD;Population;
12411;Current updating of population figures;STAG;Reference date;2024-12-31;KREISE;Administrative districts;16069;Hildburghausen, Landkreis;59987;number;BEVSTD;Population;e
12411;Current updating of population figures;STAG;Reference date;2017-12-31;KREISE;Administrative districts;05116;Mönchengladbach, kreisfreie Stadt;262188;number;BEVSTD;Population;e
12411;Current updating of population figures;STAG;Reference date;2024-12-31;KREISE;Administrative districts;09679;Würzburg, Landkreis;162216;number;BEVSTD;Population;e
12411;Current updating of population figures;STAG;Reference date;2024-12-31;KREISE;Administrative districts;15202;Halle (Saale), kreisfreie Stadt (until 2007-06-30);-;number;BEVSTD;Population;
12411;Current updating of population figures;STAG;Reference date;2024-12-31;KREISE;Administrative districts;14730;Nordsachsen, Landkreis;199422;number;BEVSTD;Population;e
12411;Current updating of population figures;STAG;Reference date;2018-12-31;KREISE;Administrative districts;12052;Cottbus, kreisfreie Stadt;100219;number;BEVSTD;Population;e
12411;Current updating of population figures;STAG;Reference date;2025-12-31;KREISE;Administrative districts;07337;Südliche Weinstraße, Landkreis;112597;number;BEVSTD;Population;e
12411;Current updating of population figures;STAG;Reference date;2017-12-31;KREISE;Administrative districts;14524;Zwickau, Landkreis;319988;number;BEVSTD;Population;e
12411;Current updating of population figures;STAG;Reference date;2016-12-31;KREISE;Administrative districts;14182;Mittweida, Landkreis (until 2008-07-31);-;number;BEVSTD;Population;
12411;Current updating of population figures;STAG;Reference date;2024-12-31;KREISE;Administrative districts;03154;Helmstedt, Landkreis;90227;number;BEVSTD;Population;e
12411;Current updating of population figures;STAG;Reference date;2016-12-31;KREISE;Administrative districts;03354;Lüchow-Dannenberg, Landkreis;48825;number;BEVSTD;Population;e
12411;Current updating of population figures;STAG;Reference date;2024-12-31;KREISE;Administrative districts;13056;Müritz, Landkreis (until 2011-09-03);-;number;BEVSTD;Population;
12411;Current updating of population figures;STAG;Reference date;2021-12-31;KREISE;Administrative districts;15357;Halberstadt, Landkreis (until 2007-06-30);-;number;BEVSTD;Population;
12411;Current updating of population figures;STAG;Reference date;2025-12-31;KREISE;Administrative districts;03353;Harburg, Landkreis;265727;number;BEVSTD;Population;e
12411;Current updating of population figures;STAG;Reference date;2023-12-31;KREISE;Administrative districts;16071;Weimarer Land, Landkreis;82868;number;BEVSTD;Population;e
12411;Current updating of population figures;STAG;Reference date;2016-12-31;KREISE;Administrative districts;08416;Tübingen, Landkreis;224635;number;BEVSTD;Population;e
12411;Current updating of population figures;STAG;Reference date;2021-12-31;KREISE;Administrative districts;11000;Berlin, kreisfreie Stadt;3677472;number;BEVSTD;Population;e
12411;Current updating of population figures;STAG;Reference date;2024-12-31;KREISE;Administrative districts;05958;Hochsauerlandkreis;260843;number;BEVSTD;Population;e
12411;Current updating of population figures;STAG;Reference date;2018-12-31;KREISE;Administrative districts;12065;Oberhavel, Landkreis;211249;number;BEVSTD;Population;e
12411;Current updating of population figures;STAG;Reference date;2023-12-31;KREISE;Administrative districts;09574;Nürnberger Land, Landkreis;169193;number;BEVSTD;Population;e
12411;Current updating of population figures;STAG;Reference date;2021-12-31;KREISE;Administrative districts;05117;Mülheim an der Ruhr, kreisfreie Stadt;170739;number;BEVSTD;Population;e
12411;Current updating of population figures;STAG;Reference date;2018-12-31;KREISE;Administrative districts;05315;Köln, kreisfreie Stadt;1085664;number;BEVSTD;Population;e
12411;Current updating of population figures;STAG;Reference date;2020-12-31;KREISE;Administrative districts;05158;Mettmann, Landkreis;484322;number;BEVSTD;Population;e
12411;Current updating of population figures;STAG;Reference date;2016-12-31;KREISE;Administrative districts;07312;Kaiserslautern, kreisfreie Stadt;99302;number;BEVSTD;Population;e
12411;Current updating of population figures;STAG;Reference date;2020-12-31;KREISE;Administrative districts;01054;Nordfriesland, Landkreis;167147;number;BEVSTD;Population;e
12411;Current updating of population figures;STAG;Reference date;2018-12-31;KREISE;Administrative districts;15087;Mansfeld-Südharz, Landkreis;136249;number;BEVSTD;Population;e
12411;Current updating of population figures;STAG;Reference date;2021-12-31;KREISE;Administrative districts;09185;Neuburg-Schrobenhausen, Landkreis;98503;number;BEVSTD;Population;e
12411;Current updating of population figures;STAG;Reference date;2023-12-31;KREISE;Administrative districts;15265;Saalkreis (until 2007-06-30);-;number;BEVSTD;Population;
12411;Current updating of population figures;STAG;Reference date;2024-12-31;KREISE;Administrative districts;05562;Recklinghausen, Landkreis;621305;number;BEVSTD;Population;e
12411;Current updating of population figures;STAG;Reference date;2025-12-31;KREISE;Administrative districts;05774;Paderborn, Landkreis;314527;number;BEVSTD;Population;e
12411;Current updating of population figures;STAG;Reference date;2018-12-31;KREISE;Administrative districts;08311;Freiburg im Breisgau, kreisfreie Stadt;230241;number;BEVSTD;Population;e
12411;Current updating of population figures;STAG;Reference date;2021-12-31;KREISE;Administrative districts;08211;Baden-Baden, kreisfreie Stadt;55527;number;BEVSTD;Population;e
12411;Current updating of population figures;STAG;Reference date;2022-12-31;KREISE;Administrative districts;09277;Rottal-Inn, Landkreis;119864;number;BEVSTD;Population;e
12411;Current updating of population figures;STAG;Reference date;2018-12-31;KREISE;Administrative districts;09276;Regen, Landkreis;77656;number;BEVSTD;Population;e
12411;Current updating of population figures;STAG;Reference date;2016-12-31;KREISE;Administrative districts;03461;Wesermarsch, Landkreis;89282;number;BEVSTD;Population;e
12411;Current updating of population figures;STAG;Reference date;2024-12-31;KREISE;Administrative districts;06439;Rheingau-Taunus-Kreis;185651;number;BEVSTD;Population;e
12411;Current updating of population figures;STAG;Reference date;2024-12-31;KREISE;Administrative districts;09178;Freising, Landkreis;184564;number;BEVSTD;Population;e
12411;Current updating of population figures;STAG;Reference date;2017-12-31;KREISE;Administrative districts;05112;Duisburg, kreisfreie Stadt;498110;number;BEVSTD;Population;e
12411;Current updating of population figures;STAG;Reference date;2019-12-31;KREISE;Administrative districts;01056;Pinneberg, Landkreis;316103;number;BEVSTD;Population;e
12411;Current updating of population figures;STAG;Reference date;2022-12-31;KREISE;Administrative districts;08315;Breisgau-Hochschwarzwald, Landkreis;269631;number;BEVSTD;Population;e
12411;Current updating of population figures;STAG;Reference date;2020-12-31;KREISE;Administrative districts;03201;Hannover, kreisfreie Stadt (until 2001-10-31);-;number;BEVSTD;Population;
12411;Current updating of population figures;STAG;Reference date;2021-12-31;KREISE;Administrative districts;08235;Calw, Landkreis;160686;number;BEVSTD;Population;e
12411;Current updating of population figures;STAG;Reference date;2020-12-31;KREISE;Administrative districts;03454;Emsland, Landkreis;328930;number;BEVSTD;Population;e
12411;Current updating of population figures;STAG;Reference date;2024-12-31;KREISE;Administrative districts;15086;Jerichower Land, Landkreis;88509;number;BEVSTD;Population;e
12411;Current updating of population figures;STAG;Reference date;2022-12-31;KREISE;Administrative districts;08435;Bodenseekreis;219641;number;BEVSTD;Population;e
12411;Current updating of population figures;STAG;Reference date;2022-12-31;KREISE;Administrative districts;01061;Steinburg, Landkreis;131712;number;BEVSTD;Population;e
12411;Current updating of population figures;STAG;Reference date;2022-12-31;KREISE;Administrative districts;03351;Celle, Landkreis;172477;number;BEVSTD;Population;e
12411;Current updating of population figures;STAG;Reference date;2024-12-31;KREISE;Administrative districts;06438;Offenbach, Landkreis;358022;number;BEVSTD;Population;e
12411;Current updating of population figures;STAG;Reference date;2016-12-31;KREISE;Administrative districts;03103;Wolfsburg, kreisfreie Stadt;123909;number;BEVSTD;Population;e
12411;Current updating of population figures;STAG;Reference date;2021-12-31;KREISE;Administrative districts;08115;Böblingen, Landkreis;393195;number;BEVSTD;Population;e
12411;Current updating of population figures;STAG;Reference date;2017-12-31;KREISE;Administrative districts;14178;Vogtlandkreis (until 2008-07-31);-;number;BEVSTD;Population;
12411;Current updating of population figures;STAG;Reference date;2022-12-31;KREISE;Administrative districts;12066;Oberspreewald-Lausitz, Landkreis;109091;number;BEVSTD;Population;e
12411;Current updating of population figures;STAG;Reference date;2019-12-31;KREISE;Administrative districts;05382;Rhein-Sieg-Kreis;600764;number;BEVSTD;Population;e
12411;Current updating of population figures;STAG;Reference date;2023-12-31;KREISE;Administrative districts;14280;Meißen, Landkreis (until 2008-07-31);-;number;BEVSTD;Population;
12411;Current updating of population figures;STAG;Reference date;2021-12-31;KREISE;Administrative districts;12071;Spree-Neiße, Landkreis;111955;number;BEVSTD;Population;e
12411;Current updating of population figures;STAG;Reference date;2022-12-31;KREISE;Administrative districts;12053;Frankfurt (Oder), kreisfreie Stadt;56434;number;BEVSTD;Population;e
12411;Current updating of population figures;STAG;Reference date;2018-12-31;KREISE;Administrative districts;08337;Waldshut, Landkreis;170619;number;BEVSTD;Population;e
12411;Current updating of population figures;STAG;Reference date;2017-12-31;KREISE;Administrative districts;13060;Parchim, Landkreis (until 2011-09-03);-;number;BEVSTD;Population;
12411;Current updating of population figures;STAG;Reference date;2017-12-31;KREISE;Administrative districts;05378;Rheinisch-Bergischer Kreis;283344;number;BEVSTD;Population;e
12411;Current updating of population figures;STAG;Reference date;2019-12-31;KREISE;Administrative districts;14182;Mittweida, Landkreis (until 2008-07-31);-;number;BEVSTD;Population;
12411;Current updating of population figures;STAG;Reference date;2018-12-31;KREISE;Administrative districts;07232;Eifelkreis Bitburg-Prüm;98561;number;BEVSTD;Population;e
12411;Current updating of population figures;STAG;Reference date;2023-12-31;KREISE;Administrative districts;14173;Chemnitzer Land, Landkreis (until 2008-07-31);-;number;BEVSTD;Population;
12411;Current updating of population figures;STAG;Reference date;2016-12-31;KREISE;Administrative districts;03356;Osterholz, Landkreis;112695;number;BEVSTD;Population;e
12411;Current updating of population figures;STAG;Reference date;2021-12-31;KREISE;Administrative districts;09780;Oberallgäu, Landkreis;157202;number;BEVSTD;Population;e
12411;Current updating of population figures;STAG;Reference date;2018-12-31;KREISE;Administrative districts;03159;Göttingen, Landkreis;328074;number;BEVSTD;Population;e
12411;Current updating of population figures;STAG;Reference date;2024-12-31;KREISE;Administrative districts;06412;Frankfurt am Main, kreisfreie Stadt;756021;number;BEVSTD;Population;e
12411;Current updating of population figures;STAG;Reference date;2020-12-31;KREISE;Administrative districts;05374;Oberbergischer Kreis;271699;number;BEVSTD;Population;e
12411;Current updating of population figures;STAG;Reference date;2020-12-31;KREISE;Administrative districts;14290;Weißeritzkreis (until 2008-07-31);-;number;BEVSTD;Population;
12411;Current updating of population figures;STAG;Reference date;2021-12-31;KREISE;Administrative districts;03401;Delmenhorst, kreisfreie Stadt;77522;number;BEVSTD;Population;e
12411;Current updating of population figures;STAG;Reference date;2021-12-31;KREISE;Administrative districts;08128;Main-Tauber-Kreis;132956;number;BEVSTD;Population;e
12411;Current updating of population figures;STAG;Reference date;2022-12-31;KREISE;Administrative districts;14713;Leipzig, kreisfreie Stadt;603578;number;BEVSTD;Population;e
12411;Current updating of population figures;STAG;Reference date;2019-12-31;KREISE;Administrative districts;05512;Bottrop, kreisfreie Stadt;117565;number;BEVSTD;Population;e
12411;Current updating of population figures;STAG;Reference date;2024-12-31;KREISE;Administrative districts;08336;Lörrach, Landkreis;238263;number;BEVSTD;Population;e
12411;Current updating of population figures;STAG;Reference date;2021-12-31;KREISE;Administrative districts;06435;Main-Kinzig-Kreis;423465;number;BEVSTD;Population;e
12411;Current updating of population figures;STAG;Reference date;2019-12-31;KREISE;Administrative districts;03462;Wittmund, Landkreis;56926;number;BEVSTD;Population;e
12411;Current updating of population figures;STAG;Reference date;2017-12-31;KREISE;Administrative districts;09575;Neustadt an der Aisch-Bad Windsheim, Landkreis;99641;number;BEVSTD;Population;e
12411;Current updating of population figures;STAG;Reference date;2025-12-31;KREISE;Administrative districts;08416;Tübingen, Landkreis;233593;number;BEVSTD;Population;e
12411;Current updating of population figures;STAG;Reference date;2016-12-31;KREISE;Administrative districts;09362;Regensburg, kreisfreie Stadt;148638;number;BEVSTD;Population;e
12411;Current updating of population figures;STAG;Reference date;2017-12-31;KREISE;Administrative districts;15363;Stendal, Landkreis (until 2007-06-30);-;number;BEVSTD;Population;
12411;Current updating of population figures;STAG;Reference date;2023-12-31;KREISE;Administrative districts;03457;Leer, Landkreis;169111;number;BEVSTD;Population;e
12411;Current updating of population figures;STAG;Reference date;2025-12-31;KREISE;Administrative districts;12069;Potsdam-Mittelmark, Landkreis;221347;number;BEVSTD;Population;e
12411;Current updating of population figures;STAG;Reference date;2024-12-31;KREISE;Administrative districts;06532;Lahn-Dill-Kreis;254074;number;BEVSTD;Population;e
12411;Current updating of population figures;STAG;Reference date;2022-12-31;KREISE;Administrative districts;03257;Schaumburg, Landkreis;156747;number;BEVSTD;Population;e
12411;Current updating of population figures;STAG;Reference date;2021-12-31;KREISE;Administrative districts;16076;Greiz, Landkreis;96102;number;BEVSTD;Population;e
12411;Current updating of population figures;STAG;Reference date;2017-12-31;KREISE;Administrative districts;13073;Vorpommern-Rügen, Landkreis;225123;number;BEVSTD;Population;e
12411;Current updating of population figures;STAG;Reference date;2021-12-31;KREISE;Administrative districts;10044;Saarlouis, Landkreis;193661;number;BEVSTD;Population;e
12411;Current updating of population figures;STAG;Reference date;2019-12-31;KREISE;Administrative districts;07312;Kaiserslautern, kreisfreie Stadt;100030;number;BEVSTD;Population;e
12411;Current updating of population figures;STAG;Reference date;2025-12-31;KREISE;Administrative districts;14181;Mittlerer Erzgebirgskreis (until 2008-07-31);-;number;BEVSTD;Population;
12411;Current updating of population figures;STAG;Reference date;2018-12-31;KREISE;Administrative districts;03360;Uelzen, Landkreis;92572;number;BEVSTD;Population;e
12411;Current updating of population figures;STAG;Reference date;2021-12-31;KREISE;Administrative districts;16063;Wartburgkreis;158900;number;BEVSTD;Population;e
12411;Current updating of population figures;STAG;Reference date;2024-12-31;KREISE;Administrative districts;08216;Rastatt, Landkreis;230737;number;BEVSTD;Population;e
12411;Current updating of population figures;STAG;Reference date;2025-12-31;KREISE;Administrative districts;01051;Dithmarschen, Landkreis;133405;number;BEVSTD;Population;e
12411;Current updating of population figures;STAG;Reference date;2020-12-31;KREISE;Administrative districts;09473;Coburg, Landkreis;86571;number;BEVSTD;Population;e
12411;Current updating of population figures;STAG;Reference date;2019-12-31;KREISE;Administrative districts;07338;Rhein-Pfalz-Kreis;154609;number;BEVSTD;Population;e
12411;Current updating of population figures;STAG;Reference date;2025-12-31;KREISE;Administrative districts;15153;Bernburg, Landkreis (until 2007-06-30);-;number;BEVSTD;Population;
12411;Current updating of population figures;STAG;Reference date;2022-12-31;KREISE;Administrative districts;05770;Minden-Lübbecke, Landkreis;320648;number;BEVSTD;Population;e
12411;Current updating of population figures;STAG;Reference date;2023-12-31;KREISE;Administrative districts;05970;Siegen-Wittgenstein, Landkreis;274379;number;BEVSTD;Population;e
12411;Current updating of population figures;STAG;Reference date;2018-12-31;KREISE;Administrative districts;07138;Neuwied, Landkreis;181941;number;BEVSTD;Population;e
12411;Current updating of population figures;STAG;Reference date;2021-12-31;KREISE;Administrative districts;09673;Rhön-Grabfeld, Landkreis;79376;number;BEVSTD;Population;e
12411;Current updating of population figures;STAG;Reference date;2016-12-31;KREISE;Administrative districts;05370;Heinsberg, Landkreis;252651;number;BEVSTD;Population;e
12411;Current updating of population figures;STAG;Reference date;2017-12-31;KREISE;Administrative districts;09562;Erlangen, kreisfreie Stadt;110998;number;BEVSTD;Population;e
12411;Current updating of population figures;STAG;Reference date;2019-12-31;KREISE;Administrative districts;03102;Salzgitter, kreisfreie Stadt;104291;number;BEVSTD;Population;e
12411;Current updating of population figures;STAG;Reference date;2022-12-31;KREISE;Administrative districts;05913;Dortmund, kreisfreie Stadt;599370;number;BEVSTD;Population;e
12411;Current updating of population figures;STAG;Reference date;2016-12-31;KREISE;Administrative districts;09375;Regensburg, Landkreis;190481;number;BEVSTD;Population;e
12411;Current updating of population figures;STAG;Reference date;2016-12-31;KREISE;Administrative districts;05513;Gelsenkirchen, kreisfreie Stadt;262528;number;BEVSTD;Population;e
12411;Current updating of population figures;STAG;Reference date;2016-12-31;KREISE;Administrative districts;05766;Lippe, Landkreis;348933;number;BEVSTD;Population;e
12411;Current updating of population figures;STAG;Reference date;2022-12-31;KREISE;Administrative districts;06635;Waldeck-Frankenberg, Landkreis;155068;number;BEVSTD;Population;e
12411;Current updating of population figures;STAG;Reference date;2024-12-31;KREISE;Administrative districts;10043;Neunkirchen, Landkreis;133179;number;BEVSTD;Population;e
12411;Current updating of population figures;STAG;Reference date;2021-12-31;KREISE;Administrative districts;03151;Gifhorn, Landkreis;177919;number;BEVSTD;Population;e
12411;Current updating of population figures;STAG;Reference date;2020-12-31;KREISE;Administrative districts;15261;Merseburg-Querfurt, Landkreis (until 2007-06-30);-;number;BEVSTD;Population;
12411;Current updating of population figures;STAG;Reference date;2018-12-31;KREISE;Administrative districts;03253;Hannover, Landkreis (until 2001-10-31);-;number;BEVSTD;Population;
12411;Current updating of population figures;STAG;Reference date;2019-12-31;KREISE;Administrative districts;03355;Lüneburg, Landkreis;184139;number;BEVSTD;Population;e
12411;Current updating of population figures;STAG;Reference date;2017-12-31;KREISE;Administrative districts;16072;Sonneberg, Landkreis;56361;number;BEVSTD;Population;e
12411;Current updating of population figures;STAG;Reference date;2021-12-31;KREISE;Administrative districts;15101;Dessau, kreisfreie Stadt (until 2007-06-30);-;number;BEVSTD;Population;
12411;Current updating of population figures;STAG;Reference date;2024-12-31;KREISE;Administrative districts;07133;Bad Kreuznach, Landkreis;164748;number;BEVSTD;Population;e
12411;Current updating of population figures;STAG;Reference date;2021-12-31;KREISE;Administrative districts;09171;Altötting, Landkreis;112116;number;BEVSTD;Population;e
12411;Current updating of population figures;STAG;Reference date;2021-12-31;KREISE;Administrative districts;15091;Wittenberg, Landkreis;123341;number;BEVSTD;Population;e
12411;Current updating of population figures;STAG;Reference date;2017-12-31;KREISE;Administrative districts;04011;Bremen, kreisfreie Stadt;568006;number;BEVSTD;Population;e
12411;Current updating of population figures;STAG;Reference date;2022-12-31;KREISE;Administrative districts;09779;Donau-Ries, Landkreis;133770;number;BEVSTD;Population;e
12411;Current updating of population figures;STAG;Reference date;2025-12-31;KREISE;Administrative districts;13001;Greifswald, kreisfreie Stadt (until 2011-09-03);-;number;BEVSTD;Population;
12411;Current updating of population figures;STAG;Reference date;2024-12-31;KREISE;Administrative districts;09761;Augsburg, kreisfreie Stadt;301105;number;BEVSTD;Population;e
12411;Current updating of population figures;STAG;Reference date;2022-12-31;KREISE;Administrative districts;09263;Straubing, kreisfreie Stadt;46953;number;BEVSTD;Population;e
12411;Current updating of population figures;STAG;Reference date;2018-12-31;KREISE;Administrative districts;09371;Amberg-Sulzbach, Landkreis;103109;number;BEVSTD;Population;e
12411;Current updating of population figures;STAG;Reference date;2024-12-31;KREISE;Administrative districts;09774;Günzburg, Landkreis;129846;number;BEVSTD;Population;e
12411;Current updating of population figures;STAG;Reference date;2019-12-31;KREISE;Administrative districts;09463;Coburg, kreisfreie Stadt;41072;number;BEVSTD;Population;e
12411;Current updating of population figures;STAG;Reference date;2023-12-31;KREISE;Administrative districts;09562;Erlangen, kreisfreie Stadt;115314;number;BEVSTD;Population;e
12411;Current updating of population figures;STAG;Reference date;2023-12-31;KREISE;Administrative districts;07317;Pirmasens, kreisfreie Stadt;39576;number;BEVSTD;Population;e
12411;Current updating of population figures;STAG;Reference date;2017-12-31;KREISE;Administrative districts;14521;Erzgebirgskreis;340373;number;BEVSTD;Population;e
12411;Current updating of population figures;STAG;Reference date;2018-12-31;KREISE;Administrative districts;13059;Ostvorpommern, Landkreis (until 2011-09-03);-;number;BEVSTD;Population;
12411;Current updating of population figures;STAG;Reference date;2021-12-31;KREISE;Administrative districts;09184;München, Landkreis;349837;number;BEVSTD;Population;e
12411;Current updating of population figures;STAG;Reference date;2021-12-31;KREISE;Administrative districts;13052;Demmin, Landkreis (until 2011-09-03);-;number;BEVSTD;Population;
12411;Current updating of population figures;STAG;Reference date;2021-12-31;KREISE;Administrative districts;07143;Westerwaldkreis;203831;number;BEVSTD;Population;e
12411;Current updating of population figures;STAG;Reference date;2024-12-31;KREISE;Administrative districts;13055;Mecklenburg-Strelitz, Landkreis (until 2011-09-03);-;number;BEVSTD;Population;
12411;Current updating of population figures;STAG;Reference date;2017-12-31;KREISE;Administrative districts;05962;Märkischer Kreis;413383;number;BEVSTD;Population;e
12411;Current updating of population figures;STAG;Reference date;2018-12-31;KREISE;Administrative districts;06631;Fulda, Landkreis;222584;number;BEVSTD;Population;e
12411;Current updating of population figures;STAG;Reference date;2025-12-31;KREISE;Administrative districts;07312;Kaiserslautern, kreisfreie Stadt;100247;number;BEVSTD;Population;e
12411;Current updating of population figures;STAG;Reference date;2018-12-31;KREISE;Administrative districts;12062;Elbe-Elster, Landkreis;102638;number;BEVSTD;Population;e
12411;Current updating of population figures;STAG;Reference date;2022-12-31;KREISE;Administrative districts;07331;Alzey-Worms, Landkreis;129893;number;BEVSTD;Population;e
12411;Current updating of population figures;STAG;Reference date;2016-12-31;KREISE;Administrative districts;08426;Biberach, Landkreis;196206;number;BEVSTD;Population;e
12411;Current updating of population figures;STAG;Reference date;2016-12-31;KREISE;Administrative districts;01061;Steinburg, Landkreis;131875;number;BEVSTD;Population;e
12411;Current updating of population figures;STAG;Reference date;2021-12-31;KREISE;Administrative districts;15367;Schönebeck, Landkreis (until 2007-06-30);-;number;BEVSTD;Population;
12411;Current updating of population figures;STAG;Reference date;2021-12-31;KREISE;Administrative districts;16077;Altenburger Land, Landkreis;87807;number;BEVSTD;Population;e
12411;Current updating of population figures;STAG;Reference date;2025-12-31;KREISE;Administrative districts;03256;Nienburg (Weser), Landkreis;121159;number;BEVSTD;Population;e
12411;Current updating of population figures;STAG;Reference date;2017-12-31;KREISE;Administrative districts;14284;Niederschlesischer Oberlausitzkreis (b.31.07.2008);-;number;BEVSTD;Population;
12411;Current updating of population figures;STAG;Reference date;2017-12-31;KREISE;Administrative districts;08111;Stuttgart, kreisfreie Stadt;632743;number;BEVSTD;Population;e
12411;Current updating of population figures;STAG;Reference date;2025-12-31;KREISE;Administrative districts;09472;Bayreuth, Landkreis;102756;number;BEVSTD;Population;e
12411;Current updating of population figures;STAG;Reference date;2018-12-31;KREISE;Administrative districts;14628;Sächsische Schweiz-Osterzgebirge, Landkreis;245611;number;BEVSTD;Population;e
12411;Current updating of population figures;STAG;Reference date;2016-12-31;KREISE;Administrative districts;03462;Wittmund, Landkreis;56881;number;BEVSTD;Population;e
12411;Current updating of population figures;STAG;Reference date;2020-12-31;KREISE;Administrative districts;07314;Ludwigshafen am Rhein, kreisfreie Stadt;172557;number;BEVSTD;Population;e
12411;Current updating of population figures;STAG;Reference date;2024-12-31;KREISE;Administrative districts;05334;Städteregion Aachen, Landkreis;582410;number;BEVSTD;Population;e
12411;Current updating of population figures;STAG;Reference date;2019-12-31;KREISE;Administrative districts;14181;Mittlerer Erzgebirgskreis (until 2008-07-31);-;number;BEVSTD;Population;
12411;Current updating of population figures;STAG;Reference date;2024-12-31;KREISE;Administrative districts;09271;Deggendorf, Landkreis;121844;number;BEVSTD;Population;e
12411;Current updating of population figures;STAG;Reference date;2017-12-31;KREISE;Administrative districts;08231;Pforzheim, kreisfreie Stadt;124289;number;BEVSTD;Population;e
12411;Current updating of population figures;STAG;Reference date;2018-12-31;KREISE;Administrative districts;08336;Lörrach, Landkreis;228639;number;BEVSTD;Population;e
12411;Current updating of population figures;STAG;Reference date;2020-12-31;KREISE;Administrative districts;05122;Solingen, kreisfreie Stadt;159193;number;BEVSTD;Population;e
12411;Current updating of population figures;STAG;Reference date;2020-12-31;KREISE;Administrative districts;01053;Herzogtum Lauenburg, Landkreis;199152;number;BEVSTD;Population;e
12411;Current updating of population figures;STAG;Reference date;2021-12-31;KREISE;Administrative districts;05334;Städteregion Aachen, Landkreis;556673;number;BEVSTD;Population;e
12411;Current updating of population figures;STAG;Reference date;2025-12-31;KREISE;Administrative districts;05916;Herne, kreisfreie Stadt;156266;number;BEVSTD;Population;e
12411;Current updating of population figures;STAG;Reference date;2017-12-31;KREISE;Administrative districts;14177;Freiberg, Landkreis (until 2008-07-31);-;number;BEVSTD;Population;
12411;Current updating of population figures;STAG;Reference date;2019-12-31;KREISE;Administrative districts;15265;Saalkreis (until 2007-06-30);-;number;BEVSTD;Population;
12411;Current updating of population figures;STAG;Reference date;2021-12-31;KREISE;Administrative districts;14383;Muldentalkreis (until 2008-07-31);-;number;BEVSTD;Population;
12411;Current updating of population figures;STAG;Reference date;2016-12-31;KREISE;Administrative districts;07335;Kaiserslautern, Landkreis;105504;number;BEVSTD;Population;e
12411;Current updating of population figures;STAG;Reference date;2023-12-31;KREISE;Administrative districts;16072;Sonneberg, Landkreis;55959;number;BEVSTD;Population;e
12411;Current updating of population figures;STAG;Reference date;2022-12-31;KREISE;Administrative districts;09276;Regen, Landkreis;77503;number;BEVSTD;Population;e
12411;Current updating of population figures;STAG;Reference date;2018-12-31;KREISE;Administrative districts;09277;Rottal-Inn, Landkreis;120659;number;BEVSTD;Population;e
12411;Current updating of population figures;STAG;Reference date;2021-12-31;KREISE;Administrative districts;08221;Heidelberg, kreisfreie Stadt;159245;number;BEVSTD;Population;e
12411;Current updating of population figures;STAG;Reference date;2021-12-31;KREISE;Administrative districts;14263;Görlitz, kreisfreie Stadt (until 2008-07-31);-;number;BEVSTD;Population;
12411;Current updating of population figures;STAG;Reference date;2023-12-31;KREISE;Administrative districts;09575;Neustadt an der Aisch-Bad Windsheim, Landkreis;100982;number;BEVSTD;Population;e
12411;Current updating of population figures;STAG;Reference date;2018-12-31;KREISE;Administrative districts;14365;Leipzig, kreisfreie Stadt (until 2008-07-31);-;number;BEVSTD;Population;
12411;Current updating of population figures;STAG;Reference date;2023-12-31;KREISE;Administrative districts;05120;Remscheid, kreisfreie Stadt;114061;number;BEVSTD;Population;e
12411;Current updating of population figures;STAG;Reference date;2025-12-31;KREISE;Administrative districts;07338;Rhein-Pfalz-Kreis;155710;number;BEVSTD;Population;e
12411;Current updating of population figures;STAG;Reference date;2018-12-31;KREISE;Administrative districts;15086;Jerichower Land, Landkreis;89928;number;BEVSTD;Population;e
12411;Current updating of population figures;STAG;Reference date;2019-12-31;KREISE;Administrative districts;09476;Kronach, Landkreis;66743;number;BEVSTD;Population;e
12411;Current updating of population figures;STAG;Reference date;2016-12-31;KREISE;Administrative districts;03357;Rotenburg (Wümme), Landkreis;163372;number;BEVSTD;Population;e
12411;Current updating of population figures;STAG;Reference date;2021-12-31;KREISE;Administrative districts;14264;Hoyerswerda, kreisfreie Stadt (until 2008-07-31);-;number;BEVSTD;Population;
12411;Current updating of population figures;STAG;Reference date;2020-12-31;KREISE;Administrative districts;14173;Chemnitzer Land, Landkreis (until 2008-07-31);-;number;BEVSTD;Population;
12411;Current updating of population figures;STAG;Reference date;2018-12-31;KREISE;Administrative districts;05313;Aachen, kreisfreie Stadt (until 2009-10-20);-;number;BEVSTD;Population;
12411;Current updating of population figures;STAG;Reference date;2018-12-31;KREISE;Administrative districts;05566;Steinfurt, Landkreis;447614;number;BEVSTD;Population;e
12411;Current updating of population figures;STAG;Reference date;2024-12-31;KREISE;Administrative districts;03401;Delmenhorst, kreisfreie Stadt;81406;number;BEVSTD;Population;e
12411;Current updating of population figures;STAG;Reference date;2022-12-31;KREISE;Administrative districts;08327;Tuttlingen, Landkreis;143677;number;BEVSTD;Population;e
12411;Current updating of population figures;STAG;Reference date;2022-12-31;KREISE;Administrative districts;12067;Oder-Spree, Landkreis;179748;number;BEVSTD;Population;e
12411;Current updating of population figures;STAG;Reference date;2021-12-31;KREISE;Administrative districts;03402;Emden, kreisfreie Stadt;49523;number;BEVSTD;Population;e
12411;Current updating of population figures;STAG;Reference date;2019-12-31;KREISE;Administrative districts;03356;Osterholz, Landkreis;113928;number;BEVSTD;Population;e
12411;Current updating of population figures;STAG;Reference date;2017-12-31;KREISE;Administrative districts;05113;Essen, kreisfreie Stadt;583393;number;BEVSTD;Population;e
12411;Current updating of population figures;STAG;Reference date;2025-12-31;KREISE;Administrative districts;05915;Hamm, kreisfreie Stadt;179108;number;BEVSTD;Population;e
12411;Current updating of population figures;STAG;Reference date;2016-12-31;KREISE;Administrative districts;05382;Rhein-Sieg-Kreis;597854;number;BEVSTD;Population;e
12411;Current updating of population figures;STAG;Reference date;2022-12-31;KREISE;Administrative districts;12054;Potsdam, kreisfreie Stadt;182987;number;BEVSTD;Population;e
12411;Current updating of population figures;STAG;Reference date;2019-12-31;KREISE;Administrative districts;01055;Ostholstein, Landkreis;200539;number;BEVSTD;Population;e
12411;Current updating of population figures;STAG;Reference date;2023-12-31;KREISE;Administrative districts;14292;Kamenz, Landkreis (until 2008-07-31);-;number;BEVSTD;Population;
12411;Current updating of population figures;STAG;Reference date;2021-12-31;KREISE;Administrative districts;08236;Enzkreis;200237;number;BEVSTD;Population;e
12411;Current updating of population figures;STAG;Reference date;2017-12-31;KREISE;Administrative districts;14166;Plauen, kreisfreie Stadt (until 2008-07-31);-;number;BEVSTD;Population;
12411;Current updating of population figures;STAG;Reference date;2018-12-31;KREISE;Administrative districts;05170;Wesel, Landkreis;459809;number;BEVSTD;Population;e
12411;Current updating of population figures;STAG;Reference date;2017-12-31;KREISE;Administrative districts;09561;Ansbach, kreisfreie Stadt;41652;number;BEVSTD;Population;e
12411;Current updating of population figures;STAG;Reference date;2019-12-31;KREISE;Administrative districts;03103;Wolfsburg, kreisfreie Stadt;124371;number;BEVSTD;Population;e
12411;Current updating of population figures;STAG;Reference date;2024-12-31;KREISE;Administrative districts;06437;Odenwaldkreis;93846;number;BEVSTD;Population;e
12411;Current updating of population figures;STAG;Reference date;2019-12-31;KREISE;Administrative districts;07311;Frankenthal (Pfalz), kreisfreie Stadt;48762;number;BEVSTD;Population;e
12411;Current updating of population figures;STAG;Reference date;2021-12-31;KREISE;Administrative districts;08116;Esslingen, Landkreis;533388;number;BEVSTD;Population;e
12411;Current updating of population figures;STAG;Reference date;2024-12-31;KREISE;Administrative districts;03151;Gifhorn, Landkreis;175943;number;BEVSTD;Population;e
12411;Current updating of population figures;STAG;Reference date;2018-12-31;KREISE;Administrative districts;03158;Wolfenbüttel, Landkreis;119960;number;BEVSTD;Population;e
12411;Current updating of population figures;STAG;Reference date;2017-12-31;KREISE;Administrative districts;07140;Rhein-Hunsrück-Kreis;102938;number;BEVSTD;Population;e
12411;Current updating of population figures;STAG;Reference date;2018-12-31;KREISE;Administrative districts;08216;Rastatt, Landkreis;231018;number;BEVSTD;Population;e
12411;Current updating of population figures;STAG;Reference date;2019-12-31;KREISE;Administrative districts;15159;Köthen, Landkreis (until 2007-06-30);-;number;BEVSTD;Population;
12411;Current updating of population figures;STAG;Reference date;2018-12-31;KREISE;Administrative districts;07111;Koblenz, kreisfreie Stadt;114024;number;BEVSTD;Population;e
12411;Current updating of population figures;STAG;Reference date;2017-12-31;KREISE;Administrative districts;05366;Euskirchen, Landkreis;192127;number;BEVSTD;Population;e
12411;Current updating of population figures;STAG;Reference date;2024-12-31;KREISE;Administrative districts;09273;Kelheim, Landkreis;126037;number;BEVSTD;Population;e
12411;Current updating of population figures;STAG;Reference date;2025-12-31;KREISE;Administrative districts;03351;Celle, Landkreis;172089;number;BEVSTD;Population;e
12411;Current updating of population figures;STAG;Reference date;2017-12-31;KREISE;Administrative districts;13061;Rügen, Landkreis (until 2011-09-03);-;number;BEVSTD;Population;
12411;Current updating of population figures;STAG;Reference date;2020-12-31;KREISE;Administrative districts;03455;Friesland, Landkreis;98971;number;BEVSTD;Population;e
12411;Current updating of population figures;STAG;Reference date;2020-12-31;KREISE;Administrative districts;05120;Remscheid, kreisfreie Stadt;111516;number;BEVSTD;Population;e
12411;Current updating of population figures;STAG;Reference date;2025-12-31;KREISE;Administrative districts;12068;Ostprignitz-Ruppin, Landkreis;98704;number;BEVSTD;Population;e
12411;Current updating of population figures;STAG;Reference date;2022-12-31;KREISE;Administrative districts;01062;Stormarn, Landkreis;245822;number;BEVSTD;Population;e
12411;Current updating of population figures;STAG;Reference date;2018-12-31;KREISE;Administrative districts;07231;Bernkastel-Wittlich, Landkreis;112262;number;BEVSTD;Population;e
12411;Current updating of population figures;STAG;Reference date;2016-12-31;KREISE;Administrative districts;09374;Neustadt an der Waldnaab, Landkreis;94528;number;BEVSTD;Population;e
12411;Current updating of population figures;STAG;Reference date;2022-12-31;KREISE;Administrative districts;06636;Werra-Meißner-Kreis;98044;number;BEVSTD;Population;e
12411;Current updating of population figures;STAG;Reference date;2025-12-31;KREISE;Administrative districts;14182;Mittweida, Landkreis (until 2008-07-31);-;number;BEVSTD;Population;
12411;Current updating of population figures;STAG;Reference date;2024-12-31;KREISE;Administrative districts;06411;Darmstadt, kreisfreie Stadt;167029;number;BEVSTD;Population;e
12411;Current updating of population figures;STAG;Reference date;2025-12-31;KREISE;Administrative districts;15261;Merseburg-Querfurt, Landkreis (until 2007-06-30);-;number;BEVSTD;Population;
12411;Current updating of population figures;STAG;Reference date;2016-12-31;KREISE;Administrative districts;15151;Anhalt-Zerbst, Landkreis (until 2007-06-30);-;number;BEVSTD;Population;
12411;Current updating of population figures;STAG;Reference date;2024-12-31;KREISE;Administrative districts;08337;Waldshut, Landkreis;171579;number;BEVSTD;Population;e
12411;Current updating of population figures;STAG;Reference date;2021-12-31;KREISE;Administrative districts;12070;Prignitz, Landkreis;75574;number;BEVSTD;Population;e
12411;Current updating of population figures;STAG;Reference date;2025-12-31;KREISE;Administrative districts;08417;Zollernalbkreis;193096;number;BEVSTD;Population;e
12411;Current updating of population figures;STAG;Reference date;2016-12-31;KREISE;Administrative districts;09361;Amberg, kreisfreie Stadt;42348;number;BEVSTD;Population;e
12411;Current updating of population figures;STAG;Reference date;2021-12-31;KREISE;Administrative districts;09672;Bad Kissingen, Landkreis;103454;number;BEVSTD;Population;e
12411;Current updating of population figures;STAG;Reference date;2023-12-31;KREISE;Administrative districts;03456;Grafschaft Bentheim, Landkreis;144212;number;BEVSTD;Population;e
12411;Current updating of population figures;STAG;Reference date;2022-12-31;KREISE;Administrative districts;03256;Nienburg (Weser), Landkreis;121295;number;BEVSTD;Population;e
12411;Current updating of population figures;STAG;Reference date;2024-12-31;KREISE;Administrative districts;06531;Gießen, Landkreis;268418;number;BEVSTD;Population;e
12411;Current updating of population figures;STAG;Reference date;2021-12-31;KREISE;Administrative districts;16075;Saale-Orla-Kreis;79030;number;BEVSTD;Population;e
12411;Current updating of population figures;STAG;Reference date;2017-12-31;KREISE;Administrative districts;13074;Nordwestmecklenburg, Landkreis;156993;number;BEVSTD;Population;e
12411;Current updating of population figures;STAG;Reference date;2022-12-31;KREISE;Administrative districts;07211;Trier, kreisfreie Stadt;103307;number;BEVSTD;Population;e
12411;Current updating of population figures;STAG;Reference date;2019-12-31;KREISE;Administrative districts;13005;Stralsund, kreisfreie Stadt (until 2011-09-03);-;number;BEVSTD;Population;
12411;Current updating of population figures;STAG;Reference date;2024-12-31;KREISE;Administrative districts;08311;Freiburg im Breisgau, kreisfreie Stadt;237460;number;BEVSTD;Population;e
12411;Current updating of population figures;STAG;Reference date;2016-12-31;KREISE;Administrative districts;05512;Bottrop, kreisfreie Stadt;117409;number;BEVSTD;Population;e
12411;Current updating of population figures;STAG;Reference date;2021-12-31;KREISE;Administrative districts;10045;Saarpfalz-Kreis;140960;number;BEVSTD;Population;e
12411;Current updating of population figures;STAG;Reference date;2024-12-31;KREISE;Administrative districts;10044;Saarlouis, Landkreis;205129;number;BEVSTD;Population;e
12411;Current updating of population figures;STAG;Reference date;2016-12-31;KREISE;Administrative districts;13006;Wismar, kreisfreie Stadt (until 2011-09-03);-;number;BEVSTD;Population;
12411;Current updating of population figures;STAG;Reference date;2021-12-31;KREISE;Administrative districts;03152;Göttingen, Landkreis (until 2016-10-31);-;number;BEVSTD;Population;
12411;Current updating of population figures;STAG;Reference date;2021-12-31;KREISE;Administrative districts;16062;Nordhausen, Landkreis;81687;number;BEVSTD;Population;e
12411;Current updating of population figures;STAG;Reference date;2025-12-31;KREISE;Administrative districts;09377;Tirschenreuth, Landkreis;71768;number;BEVSTD;Population;e
12411;Current updating of population figures;STAG;Reference date;2020-12-31;KREISE;Administrative districts;09461;Bamberg, kreisfreie Stadt;76674;number;BEVSTD;Population;e
12411;Current updating of population figures;STAG;Reference date;2018-12-31;KREISE;Administrative districts;03252;Hameln-Pyrmont, Landkreis;148559;number;BEVSTD;Population;e
12411;Current updating of population figures;STAG;Reference date;2021-12-31;KREISE;Administrative districts;09565;Schwabach, kreisfreie Stadt;41146;number;BEVSTD;Population;e
12411;Current updating of population figures;STAG;Reference date;2020-12-31;KREISE;Administrative districts;09474;Forchheim, Landkreis;116600;number;BEVSTD;Population;e
12411;Current updating of population figures;STAG;Reference date;2017-12-31;KREISE;Administrative districts;16071;Weimarer Land, Landkreis;82131;number;BEVSTD;Population;e
12411;Current updating of population figures;STAG;Reference date;2019-12-31;KREISE;Administrative districts;07337;Südliche Weinstraße, Landkreis;110521;number;BEVSTD;Population;e
12411;Current updating of population figures;STAG;Reference date;2024-12-31;KREISE;Administrative districts;09179;Fürstenfeldbruck, Landkreis;218227;number;BEVSTD;Population;e
12411;Current updating of population figures;STAG;Reference date;2021-12-31;KREISE;Administrative districts;06436;Main-Taunus-Kreis;239276;number;BEVSTD;Population;e
12411;Current updating of population figures;STAG;Reference date;2025-12-31;KREISE;Administrative districts;15154;Bitterfeld, Landkreis (until 2007-06-30);-;number;BEVSTD;Population;
12411;Current updating of population figures;STAG;Reference date;2017-12-31;KREISE;Administrative districts;09574;Nürnberger Land, Landkreis;169752;number;BEVSTD;Population;e
12411;Current updating of population figures;STAG;Reference date;2024-12-31;KREISE;Administrative districts;15087;Mansfeld-Südharz, Landkreis;129029;number;BEVSTD;Population;e
12411;Current updating of population figures;STAG;Reference date;2018-12-31;KREISE;Administrative districts;07137;Mayen-Koblenz, Landkreis;214259;number;BEVSTD;Population;e
12411;Current updating of population figures;STAG;Reference date;2017-12-31;KREISE;Administrative districts;15362;Ohrekreis (until 2007-06-30);-;number;BEVSTD;Population;
12411;Current updating of population figures;STAG;Reference date;2023-12-31;KREISE;Administrative districts;07315;Mainz, kreisfreie Stadt;223871;number;BEVSTD;Population;e
12411;Current updating of population figures;STAG;Reference date;2022-12-31;KREISE;Administrative districts;05914;Hagen, kreisfreie Stadt;189957;number;BEVSTD;Population;e
12411;Current updating of population figures;STAG;Reference date;2022-12-31;KREISE;Administrative districts;09262;Passau, kreisfreie Stadt;52361;number;BEVSTD;Population;e
12411;Current updating of population figures;STAG;Reference date;2018-12-31;KREISE;Administrative districts;09372;Cham, Landkreis;127882;number;BEVSTD;Population;e
12411;Current updating of population figures;STAG;Reference date;2016-12-31;KREISE;Administrative districts;01060;Segeberg, Landkreis;272235;number;BEVSTD;Population;e
12411;Current updating of population figures;STAG;Reference date;2021-12-31;KREISE;Administrative districts;05119;Oberhausen, kreisfreie Stadt;208752;number;BEVSTD;Population;e
12411;Current updating of population figures;STAG;Reference date;2019-12-31;KREISE;Administrative districts;09464;Hof, kreisfreie Stadt;45825;number;BEVSTD;Population;e
12411;Current updating of population figures;STAG;Reference date;2022-12-31;KREISE;Administrative districts;15171;Wittenberg, Landkreis (until 2007-06-30);-;number;BEVSTD;Population;
12411;Current updating of population figures;STAG;Reference date;2023-12-31;KREISE;Administrative districts;07316;Neustadt an der Weinstraße, kreisfreie Stadt;52709;number;BEVSTD;Population;e
12411;Current updating of population figures;STAG;Reference date;2018-12-31;KREISE;Administrative districts;15085;Harz, Landkreis;214446;number;BEVSTD;Population;e
12411;Current updating of population figures;STAG;Reference date;2024-12-31;KREISE;Administrative districts;05119;Oberhausen, kreisfreie Stadt;213646;number;BEVSTD;Population;e
12411;Current updating of population figures;STAG;Reference date;2021-12-31;KREISE;Administrative districts;09183;Mühldorf am Inn, Landkreis;117606;number;BEVSTD;Population;e
12411;Current updating of population figures;STAG;Reference date;2021-12-31;KREISE;Administrative districts;13053;Güstrow, Landkreis (until 2011-09-03);-;number;BEVSTD;Population;
12411;Current updating of population figures;STAG;Reference date;2019-12-31;KREISE;Administrative districts;13006;Wismar, kreisfreie Stadt (until 2011-09-03);-;number;BEVSTD;Population;
12411;Current updating of population figures;STAG;Reference date;2024-12-31;KREISE;Administrative districts;07132;Altenkirchen (Westerwald), Landkreis;132125;number;BEVSTD;Population;e
12411;Current updating of population figures;STAG;Reference date;2022-12-31;KREISE;Administrative districts;09275;Passau, Landkreis;193080;number;BEVSTD;Population;e
12411;Current updating of population figures;STAG;Reference date;2022-12-31;KREISE;Administrative districts;09778;Unterallgäu, Landkreis;143384;number;BEVSTD;Population;e
12411;Current updating of population figures;STAG;Reference date;2024-12-31;KREISE;Administrative districts;09762;Kaufbeuren, kreisfreie Stadt;46193;number;BEVSTD;Population;e
12411;Current updating of population figures;STAG;Reference date;2020-12-31;KREISE;Administrative districts;07315;Mainz, kreisfreie Stadt;217123;number;BEVSTD;Population;e
12411;Current updating of population figures;STAG;Reference date;2021-12-31;KREISE;Administrative districts;07131;Ahrweiler, Landkreis;128146;number;BEVSTD;Population;e
12411;Current updating of population figures;STAG;Reference date;2025-12-31;KREISE;Administrative districts;05558;Coesfeld, Landkreis;227168;number;BEVSTD;Population;e
12411;Current updating of population figures;STAG;Reference date;2019-12-31;KREISE;Administrative districts;09571;Ansbach, Landkreis;184591;number;BEVSTD;Population;e
12411;Current updating of population figures;STAG;Reference date;2017-12-31;KREISE;Administrative districts;14522;Mittelsachsen, Landkreis;308153;number;BEVSTD;Population;e
12411;Current updating of population figures;STAG;Reference date;2017-12-31;KREISE;Administrative districts;15256;Burgenlandkreis (until 2007-06-30);-;number;BEVSTD;Population;
12411;Current updating of population figures;STAG;Reference date;2017-12-31;KREISE;Administrative districts;15003;Magdeburg, kreisfreie Stadt;238478;number;BEVSTD;Population;e
12411;Current updating of population figures;STAG;Reference date;2017-12-31;KREISE;Administrative districts;06431;Bergstraße, Landkreis;268780;number;BEVSTD;Population;e
12411;Current updating of population figures;STAG;Reference date;2025-12-31;KREISE;Administrative districts;05162;Rhein-Kreis Neuss;455615;number;BEVSTD;Population;e
12411;Current updating of population figures;STAG;Reference date;2024-12-31;KREISE;Administrative districts;13054;Ludwigslust, Landkreis (until 2011-09-03);-;number;BEVSTD;Population;
12411;Current updating of population figures;STAG;Reference date;2021-12-31;KREISE;Administrative districts;15355;Bördekreis (until 2007-06-30);-;number;BEVSTD;Population;
12411;Current updating of population figures;STAG;Reference date;2018-12-31;KREISE;Administrative districts;15202;Halle (Saale), kreisfreie Stadt (until 2007-06-30);-;number;BEVSTD;Population;
12411;Current updating of population figures;STAG;Reference date;2018-12-31;KREISE;Administrative districts;12063;Havelland, Landkreis;161909;number;BEVSTD;Population;e
12411;Current updating of population figures;STAG;Reference date;2025-12-31;KREISE;Administrative districts;15260;Mansfelder Land, Landkreis (until 2007-06-30);-;number;BEVSTD;Population;
12411;Current updating of population figures;STAG;Reference date;2023-12-31;KREISE;Administrative districts;15370;Altmarkkreis Salzwedel (until 2007-06-30);-;number;BEVSTD;Population;
12411;Current updating of population figures;STAG;Reference date;2023-12-31;KREISE;Administrative districts;09576;Roth, Landkreis;128438;number;BEVSTD;Population;e
12411;Current updating of population figures;STAG;Reference date;2024-12-31;KREISE;Administrative districts;09272;Freyung-Grafenau, Landkreis;78710;number;BEVSTD;Population;e
12411;Current updating of population figures;STAG;Reference date;2023-12-31;KREISE;Administrative districts;09180;Garmisch-Partenkirchen, Landkreis;89322;number;BEVSTD;Population;e
12411;Current updating of population figures;STAG;Reference date;2022-12-31;KREISE;Administrative districts;05162;Rhein-Kreis Neuss;455818;number;BEVSTD;Population;e
12411;Current updating of population figures;STAG;Reference date;2018-12-31;KREISE;Administrative districts;08335;Konstanz, Landkreis;285325;number;BEVSTD;Population;e
12411;Current updating of population figures;STAG;Reference date;2023-12-31;KREISE;Administrative districts;05374;Oberbergischer Kreis;273963;number;BEVSTD;Population;e
12411;Current updating of population figures;STAG;Reference date;2022-12-31;KREISE;Administrative districts;05558;Coesfeld, Landkreis;224745;number;BEVSTD;Population;e
12411;Current updating of population figures;STAG;Reference date;2020-12-31;KREISE;Administrative districts;05970;Siegen-Wittgenstein, Landkreis;275491;number;BEVSTD;Population;e
12411;Current updating of population figures;STAG;Reference date;2022-12-31;KREISE;Administrative districts;08421;Ulm, kreisfreie Stadt;127932;number;BEVSTD;Population;e
12411;Current updating of population figures;STAG;Reference date;2019-12-31;KREISE;Administrative districts;14193;Zwickauer Land, Landkreis (until 2008-07-31);-;number;BEVSTD;Population;
12411;Current updating of population figures;STAG;Reference date;2019-12-31;KREISE;Administrative districts;15266;Sangerhausen, Landkreis (until 2007-06-30);-;number;BEVSTD;Population;
12411;Current updating of population figures;STAG;Reference date;2018-12-31;KREISE;Administrative districts;08215;Karlsruhe, Landkreis;444232;number;BEVSTD;Population;e
12411;Current updating of population figures;STAG;Reference date;2016-12-31;KREISE;Administrative districts;07336;Kusel, Landkreis;70899;number;BEVSTD;Population;e
12411;Current updating of population figures;STAG;Reference date;2016-12-31;KREISE;Administrative districts;14193;Zwickauer Land, Landkreis (until 2008-07-31);-;number;BEVSTD;Population;
12411;Current updating of population figures;STAG;Reference date;2025-12-31;KREISE;Administrative districts;07313;Landau in der Pfalz, kreisfreie Stadt;48280;number;BEVSTD;Population;e
12411;Current updating of population figures;STAG;Reference date;2017-12-31;KREISE;Administrative districts;14272;Bautzen, Landkreis (until 2008-07-31);-;number;BEVSTD;Population;
12411;Current updating of population figures;STAG;Reference date;2018-12-31;KREISE;Administrative districts;09278;Straubing-Bogen, Landkreis;100649;number;BEVSTD;Population;e
12411;Current updating of population figures;STAG;Reference date;2025-12-31;KREISE;Administrative districts;09471;Bamberg, Landkreis;147319;number;BEVSTD;Population;e
12411;Current updating of population figures;STAG;Reference date;2018-12-31;KREISE;Administrative districts;14627;Meißen, Landkreis;242165;number;BEVSTD;Population;e
12411;Current updating of population figures;STAG;Reference date;2017-12-31;KREISE;Administrative districts;05114;Krefeld, kreisfreie Stadt;226699;number;BEVSTD;Population;e
12411;Current updating of population figures;STAG;Reference date;2019-12-31;KREISE;Administrative districts;02000;Hamburg, kreisfreie Stadt;1847253;number;BEVSTD;Population;e
12411;Current updating of population figures;STAG;Reference date;2024-12-31;KREISE;Administrative districts;12070;Prignitz, Landkreis;75595;number;BEVSTD;Population;e
12411;Current updating of population figures;STAG;Reference date;2017-12-31;KREISE;Administrative districts;08136;Ostalbkreis;312422;number;BEVSTD;Population;e
12411;Current updating of population figures;STAG;Reference date;2024-12-31;KREISE;Administrative districts;09775;Neu-Ulm, Landkreis;183595;number;BEVSTD;Population;e
12411;Current updating of population figures;STAG;Reference date;2025-12-31;KREISE;Administrative districts;07339;Mainz-Bingen, Landkreis;206603;number;BEVSTD;Population;e
12411;Current updating of population figures;STAG;Reference date;2023-12-31;KREISE;Administrative districts;09563;Fürth, kreisfreie Stadt;131712;number;BEVSTD;Population;e
12411;Current updating of population figures;STAG;Reference date;2019-12-31;KREISE;Administrative districts;09477;Kulmbach, Landkreis;71566;number;BEVSTD;Population;e
12411;Current updating of population figures;STAG;Reference date;2025-12-31;KREISE;Administrative districts;03257;Schaumburg, Landkreis;156077;number;BEVSTD;Population;e
12411;Current updating of population figures;STAG;Reference date;2017-12-31;KREISE;Administrative districts;01001;Flensburg, kreisfreie Stadt;88519;number;BEVSTD;Population;e
12411;Current updating of population figures;STAG;Reference date;2017-12-31;KREISE;Administrative districts;14285;Riesa-Großenhain, Landkreis (until 2008-07-31);-;number;BEVSTD;Population;
12411;Current updating of population figures;STAG;Reference date;2023-12-31;KREISE;Administrative districts;16073;Saalfeld-Rudolstadt, Landkreis;101111;number;BEVSTD;Population;e
12411;Current updating of population figures;STAG;Reference date;2022-12-31;KREISE;Administrative districts;12068;Ostprignitz-Ruppin, Landkreis;99294;number;BEVSTD;Population;e
12411;Current updating of population figures;STAG;Reference date;2021-12-31;KREISE;Administrative districts;08222;Mannheim, kreisfreie Stadt;311831;number;BEVSTD;Population;e
12411;Current updating of population figures;STAG;Reference date;2021-12-31;KREISE;Administrative districts;14287;Sächsische Schweiz, Landkreis (until 2008-07-31);-;number;BEVSTD;Population;
12411;Current updating of population figures;STAG;Reference date;2025-12-31;KREISE;Administrative districts;12054;Potsdam, kreisfreie Stadt;185137;number;BEVSTD;Population;e
12411;Current updating of population figures;STAG;Reference date;2016-12-31;KREISE;Administrative districts;07333;Donnersbergkreis;75203;number;BEVSTD;Population;e
12411;Current updating of population figures;STAG;Reference date;2022-12-31;KREISE;Administrative districts;03460;Vechta, Landkreis;145552;number;BEVSTD;Population;e
12411;Current updating of population figures;STAG;Reference date;2019-12-31;KREISE;Administrative districts;08121;Heilbronn, kreisfreie Stadt;126592;number;BEVSTD;Population;e
12411;Current updating of population figures;STAG;Reference date;2018-12-31;KREISE;Administrative districts;12068;Ostprignitz-Ruppin, Landkreis;99078;number;BEVSTD;Population;e
12411;Current updating of population figures;STAG;Reference date;2024-12-31;KREISE;Administrative districts;14264;Hoyerswerda, kreisfreie Stadt (until 2008-07-31);-;number;BEVSTD;Population;
12411;Current updating of population figures;STAG;Reference date;2023-12-31;KREISE;Administrative districts;14171;Annaberg, Landkreis (until 2008-07-31);-;number;BEVSTD;Population;
12411;Current updating of population figures;STAG;Reference date;2021-12-31;KREISE;Administrative districts;06415;Hanau, kreisfreie Stadt;-;number;BEVSTD;Population;
12411;Current updating of population figures;STAG;Reference date;2025-12-31;KREISE;Administrative districts;08436;Ravensburg, Landkreis;291600;number;BEVSTD;Population;e
12411;Current updating of population figures;STAG;Reference date;2021-12-31;KREISE;Administrative districts;14167;Zwickau, kreisfreie Stadt (until 2008-07-31);-;number;BEVSTD;Population;
12411;Current updating of population figures;STAG;Reference date;2016-12-31;KREISE;Administrative districts;07320;Zweibrücken, kreisfreie Stadt;34428;number;BEVSTD;Population;e
12411;Current updating of population figures;STAG;Reference date;2021-12-31;KREISE;Administrative districts;03403;Oldenburg (Oldenburg), kreisfreie Stadt;170389;number;BEVSTD;Population;e
12411;Current updating of population figures;STAG;Reference date;2024-12-31;KREISE;Administrative districts;06632;Hersfeld-Rotenburg, Landkreis;117414;number;BEVSTD;Population;e
12411;Current updating of population figures;STAG;Reference date;2021-12-31;KREISE;Administrative districts;09177;Erding, Landkreis;139622;number;BEVSTD;Population;e
12411;Current updating of population figures;STAG;Reference date;2021-12-31;KREISE;Administrative districts;08335;Konstanz, Landkreis;288097;number;BEVSTD;Population;e
12411;Current updating of population figures;STAG;Reference date;2020-12-31;KREISE;Administrative districts;03456;Grafschaft Bentheim, Landkreis;137891;number;BEVSTD;Population;e
12411;Current updating of population figures;STAG;Reference date;2025-12-31;KREISE;Administrative districts;12067;Oder-Spree, Landkreis;179142;number;BEVSTD;Population;e
12411;Current updating of population figures;STAG;Reference date;2018-12-31;KREISE;Administrative districts;16056;Eisenach, kreisfreie Stadt (until 2021-06-30);42370;number;BEVSTD;Population;e
12411;Current updating of population figures;STAG;Reference date;2023-12-31;KREISE;Administrative districts;06432;Darmstadt-Dieburg, Landkreis;302263;number;BEVSTD;Population;e
12411;Current updating of population figures;STAG;Reference date;2017-12-31;KREISE;Administrative districts;16052;Gera, kreisfreie Stadt;94859;number;BEVSTD;Population;e
12411;Current updating of population figures;STAG;Reference date;2020-12-31;KREISE;Administrative districts;08135;Heidenheim, Landkreis;132812;number;BEVSTD;Population;e
12411;Current updating of population figures;STAG;Reference date;2018-12-31;KREISE;Administrative districts;16069;Hildburghausen, Landkreis;63553;number;BEVSTD;Population;e
12411;Current updating of population figures;STAG;Reference date;2025-12-31;KREISE;Administrative districts;06636;Werra-Meißner-Kreis;97433;number;BEVSTD;Population;e
12411;Current updating of population figures;STAG;Reference date;2021-12-31;KREISE;Administrative districts;08215;Karlsruhe, Landkreis;448487;number;BEVSTD;Population;e
12411;Current updating of population figures;STAG;Reference date;2022-12-31;KREISE;Administrative districts;08415;Reutlingen, Landkreis;291335;number;BEVSTD;Population;e
12411;Current updating of population figures;STAG;Reference date;2022-12-31;KREISE;Administrative districts;12064;Märkisch-Oderland, Landkreis;196930;number;BEVSTD;Population;e
12411;Current updating of population figures;STAG;Reference date;2021-12-31;KREISE;Administrative districts;14524;Zwickau, Landkreis;309621;number;BEVSTD;Population;e
12411;Current updating of population figures;STAG;Reference date;2025-12-31;KREISE;Administrative districts;01053;Herzogtum Lauenburg, Landkreis;206492;number;BEVSTD;Population;e
12411;Current updating of population figures;STAG;Reference date;2019-12-31;KREISE;Administrative districts;07336;Kusel, Landkreis;70219;number;BEVSTD;Population;e
12411;Current updating of population figures;STAG;Reference date;2022-12-31;KREISE;Administrative districts;12051;Brandenburg an der Havel, kreisfreie Stadt;73612;number;BEVSTD;Population;e
12411;Current updating of population figures;STAG;Reference date;2017-12-31;KREISE;Administrative districts;09190;Weilheim-Schongau, Landkreis;134252;number;BEVSTD;Population;e
12411;Current updating of population figures;STAG;Reference date;2017-12-31;KREISE;Administrative districts;07319;Worms, kreisfreie Stadt;83081;number;BEVSTD;Population;e
12411;Current updating of population figures;STAG;Reference date;2021-12-31;KREISE;Administrative districts;07137;Mayen-Koblenz, Landkreis;215446;number;BEVSTD;Population;e
12411;Current updating of population figures;STAG;Reference date;2019-12-31;KREISE;Administrative districts;14188;Stollberg, Landkreis (until 2008-07-31);-;number;BEVSTD;Population;
12411;Current updating of population figures;STAG;Reference date;2016-12-31;KREISE;Administrative districts;09373;Neumarkt in der Oberpfalz, Landkreis;131662;number;BEVSTD;Population;e
12411;Current updating of population figures;STAG;Reference date;2025-12-31;KREISE;Administrative districts;09278;Straubing-Bogen, Landkreis;103104;number;BEVSTD;Population;e
12411;Current updating of population figures;STAG;Reference date;2024-12-31;KREISE;Administrative districts;10041;Regionalverband Saarbrücken, Landkreis;333149;number;BEVSTD;Population;e
12411;Current updating of population figures;STAG;Reference date;2022-12-31;KREISE;Administrative districts;07337;Südliche Weinstraße, Landkreis;112907;number;BEVSTD;Population;e
12411;Current updating of population figures;STAG;Reference date;2021-12-31;KREISE;Administrative districts;03153;Goslar, Landkreis;134050;number;BEVSTD;Population;e
12411;Current updating of population figures;STAG;Reference date;2018-12-31;KREISE;Administrative districts;03153;Goslar, Landkreis;137014;number;BEVSTD;Population;e
12411;Current updating of population figures;STAG;Reference date;2021-12-31;KREISE;Administrative districts;14511;Chemnitz, kreisfreie Stadt;243105;number;BEVSTD;Population;e
12411;Current updating of population figures;STAG;Reference date;2023-12-31;KREISE;Administrative districts;08125;Heilbronn, Landkreis;353609;number;BEVSTD;Population;e
12411;Current updating of population figures;STAG;Reference date;2019-12-31;KREISE;Administrative districts;03353;Harburg, Landkreis;254431;number;BEVSTD;Population;e
12411;Current updating of population figures;STAG;Reference date;2021-12-31;KREISE;Administrative districts;06535;Vogelsbergkreis;105671;number;BEVSTD;Population;e
12411;Current updating of population figures;STAG;Reference date;2021-12-31;KREISE;Administrative districts;15352;Aschersleben-Staßfurt, Landkreis (until 2007-06-30;-;number;BEVSTD;Population;
12411;Current updating of population figures;STAG;Reference date;2025-12-31;KREISE;Administrative districts;08316;Emmendingen, Landkreis;170463;number;BEVSTD;Population;e
12411;Current updating of population figures;STAG;Reference date;2017-12-31;KREISE;Administrative districts;09573;Fürth, Landkreis;116193;number;BEVSTD;Population;e
12411;Current updating of population figures;STAG;Reference date;2024-12-31;KREISE;Administrative districts;15088;Saalekreis;182451;number;BEVSTD;Population;e
12411;Current updating of population figures;STAG;Reference date;2025-12-31;KREISE;Administrative districts;07331;Alzey-Worms, Landkreis;131076;number;BEVSTD;Population;e
12411;Current updating of population figures;STAG;Reference date;2024-12-31;KREISE;Administrative districts;08236;Enzkreis;199745;number;BEVSTD;Population;e
12411;Current updating of population figures;STAG;Reference date;2021-12-31;KREISE;Administrative districts;16074;Saale-Holzland-Kreis;82513;number;BEVSTD;Population;e
12411;Current updating of population figures;STAG;Reference date;2022-12-31;KREISE;Administrative districts;03353;Harburg, Landkreis;262954;number;BEVSTD;Population;e
12411;Current updating of population figures;STAG;Reference date;2025-12-31;KREISE;Administrative districts;14290;Weißeritzkreis (until 2008-07-31);-;number;BEVSTD;Population;
12411;Current updating of population figures;STAG;Reference date;2018-12-31;KREISE;Administrative districts;06415;Hanau, kreisfreie Stadt;-;number;BEVSTD;Population;
12411;Current updating of population figures;STAG;Reference date;2016-12-31;KREISE;Administrative districts;15370;Altmarkkreis Salzwedel (until 2007-06-30);-;number;BEVSTD;Population;
12411;Current updating of population figures;STAG;Reference date;2021-12-31;KREISE;Administrative districts;16061;Eichsfeld, Landkreis;99324;number;BEVSTD;Population;e
12411;Current updating of population figures;STAG;Reference date;2024-12-31;KREISE;Administrative districts;08116;Esslingen, Landkreis;536601;number;BEVSTD;Population;e
12411;Current updating of population figures;STAG;Reference date;2021-12-31;KREISE;Administrative districts;07111;Koblenz, kreisfreie Stadt;113638;number;BEVSTD;Population;e
12411;Current updating of population figures;STAG;Reference date;2017-12-31;KREISE;Administrative districts;13053;Güstrow, Landkreis (until 2011-09-03);-;number;BEVSTD;Population;
12411;Current updating of population figures;STAG;Reference date;2024-12-31;KREISE;Administrative districts;05314;Bonn, kreisfreie Stadt;323336;number;BEVSTD;Population;e
12411;Current updating of population figures;STAG;Reference date;2024-12-31;KREISE;Administrative districts;03157;Peine, Landkreis;137045;number;BEVSTD;Population;e
12411;Current updating of population figures;STAG;Reference date;2022-12-31;KREISE;Administrative districts;07311;Frankenthal (Pfalz), kreisfreie Stadt;48007;number;BEVSTD;Population;e
12411;Current updating of population figures;STAG;Reference date;2024-12-31;KREISE;Administrative districts;07340;Südwestpfalz, Landkreis;89974;number;BEVSTD;Population;e
12411;Current updating of population figures;STAG;Reference date;2020-12-31;KREISE;Administrative districts;09573;Fürth, Landkreis;118695;number;BEVSTD;Population;e
12411;Current updating of population figures;STAG;Reference date;2024-12-31;KREISE;Administrative districts;13053;Güstrow, Landkreis (until 2011-09-03);-;number;BEVSTD;Population;
12411;Current updating of population figures;STAG;Reference date;2018-12-31;KREISE;Administrative districts;06535;Vogelsbergkreis;105878;number;BEVSTD;Population;e
12411;Current updating of population figures;STAG;Reference date;2023-12-31;KREISE;Administrative districts;16074;Saale-Holzland-Kreis;84040;number;BEVSTD;Population;e
12411;Current updating of population figures;STAG;Reference date;2019-12-31;KREISE;Administrative districts;13071;Mecklenburgische Seenplatte, Landkreis;258074;number;BEVSTD;Population;e
12411;Current updating of population figures;STAG;Reference date;2021-12-31;KREISE;Administrative districts;13076;Ludwigslust-Parchim, Landkreis;211899;number;BEVSTD;Population;e
12411;Current updating of population figures;STAG;Reference date;2023-12-31;KREISE;Administrative districts;05113;Essen, kreisfreie Stadt;574082;number;BEVSTD;Population;e
12411;Current updating of population figures;STAG;Reference date;2017-12-31;KREISE;Administrative districts;13054;Ludwigslust, Landkreis (until 2011-09-03);-;number;BEVSTD;Population;
12411;Current updating of population figures;STAG;Reference date;2025-12-31;KREISE;Administrative districts;09372;Cham, Landkreis;128141;number;BEVSTD;Population;e
12411;Current updating of population figures;STAG;Reference date;2021-12-31;KREISE;Administrative districts;09774;Günzburg, Landkreis;128436;number;BEVSTD;Population;e
12411;Current updating of population figures;STAG;Reference date;2025-12-31;KREISE;Administrative districts;07332;Bad Dürkheim, Landkreis;133863;number;BEVSTD;Population;e
12411;Current updating of population figures;STAG;Reference date;2018-12-31;KREISE;Administrative districts;15303;Magdeburg, kreisfreie Stadt (until 2007-06-30);-;number;BEVSTD;Population;
12411;Current updating of population figures;STAG;Reference date;2019-12-31;KREISE;Administrative districts;09572;Erlangen-Höchstadt, Landkreis;137262;number;BEVSTD;Population;e
12411;Current updating of population figures;STAG;Reference date;2023-12-31;KREISE;Administrative districts;09475;Hof, Landkreis;92675;number;BEVSTD;Population;e
12411;Current updating of population figures;STAG;Reference date;2020-12-31;KREISE;Administrative districts;15153;Bernburg, Landkreis (until 2007-06-30);-;number;BEVSTD;Population;
12411;Current updating of population figures;STAG;Reference date;2025-12-31;KREISE;Administrative districts;05370;Heinsberg, Landkreis;263507;number;BEVSTD;Population;e
12411;Current updating of population figures;STAG;Reference date;2023-12-31;KREISE;Administrative districts;07141;Rhein-Lahn-Kreis;125283;number;BEVSTD;Population;e
12411;Current updating of population figures;STAG;Reference date;2017-12-31;KREISE;Administrative districts;09479;Wunsiedel im Fichtelgebirge, Landkreis;73485;number;BEVSTD;Population;e
12411;Current updating of population figures;STAG;Reference date;2020-12-31;KREISE;Administrative districts;13005;Stralsund, kreisfreie Stadt (until 2011-09-03);-;number;BEVSTD;Population;
12411;Current updating of population figures;STAG;Reference date;2025-12-31;KREISE;Administrative districts;05766;Lippe, Landkreis;346212;number;BEVSTD;Population;e
12411;Current updating of population figures;STAG;Reference date;2017-12-31;KREISE;Administrative districts;10042;Merzig-Wadern, Landkreis;103656;number;BEVSTD;Population;e
12411;Current updating of population figures;STAG;Reference date;2019-12-31;KREISE;Administrative districts;03460;Vechta, Landkreis;142814;number;BEVSTD;Population;e
12411;Current updating of population figures;STAG;Reference date;2024-12-31;KREISE;Administrative districts;07233;Vulkaneifel, Landkreis;59313;number;BEVSTD;Population;e
12411;Current updating of population figures;STAG;Reference date;2024-12-31;KREISE;Administrative districts;05554;Borken, Landkreis;380796;number;BEVSTD;Population;e
12411;Current updating of population figures;STAG;Reference date;2023-12-31;KREISE;Administrative districts;03459;Osnabrück, Landkreis;356194;number;BEVSTD;Population;e
12411;Current updating of population figures;STAG;Reference date;2024-12-31;KREISE;Administrative districts;09661;Aschaffenburg, kreisfreie Stadt;73091;number;BEVSTD;Population;e
12411;Current updating of population figures;STAG;Reference date;2024-12-31;KREISE;Administrative districts;09674;Haßberge, Landkreis;83869;number;BEVSTD;Population;e
12411;Current updating of population figures;STAG;Reference date;2023-12-31;KREISE;Administrative districts;09462;Bayreuth, kreisfreie Stadt;73074;number;BEVSTD;Population;e
12411;Current updating of population figures;STAG;Reference date;2020-12-31;KREISE;Administrative districts;09190;Weilheim-Schongau, Landkreis;136134;number;BEVSTD;Population;e
12411;Current updating of population figures;STAG;Reference date;2020-12-31;KREISE;Administrative districts;01051;Dithmarschen, Landkreis;133251;number;BEVSTD;Population;e
12411;Current updating of population figures;STAG;Reference date;2025-12-31;KREISE;Administrative districts;05513;Gelsenkirchen, kreisfreie Stadt;266199;number;BEVSTD;Population;e
12411;Current updating of population figures;STAG;Reference date;2016-12-31;KREISE;Administrative districts;08437;Sigmaringen, Landkreis;130275;number;BEVSTD;Population;e
12411;Current updating of population figures;STAG;Reference date;2022-12-31;KREISE;Administrative districts;05154;Kleve, Landkreis;317411;number;BEVSTD;Population;e
12411;Current updating of population figures;STAG;Reference date;2023-12-31;KREISE;Administrative districts;05366;Euskirchen, Landkreis;201841;number;BEVSTD;Population;e
12411;Current updating of population figures;STAG;Reference date;2017-12-31;KREISE;Administrative districts;03456;Grafschaft Bentheim, Landkreis;135859;number;BEVSTD;Population;e
12411;Current updating of population figures;STAG;Reference date;2020-12-31;KREISE;Administrative districts;09479;Wunsiedel im Fichtelgebirge, Landkreis;71974;number;BEVSTD;Population;e
12411;Current updating of population figures;STAG;Reference date;2024-12-31;KREISE;Administrative districts;03251;Diepholz, Landkreis;221202;number;BEVSTD;Population;e
12411;Current updating of population figures;STAG;Reference date;2017-12-31;KREISE;Administrative districts;16065;Kyffhäuserkreis;75818;number;BEVSTD;Population;e
12411;Current updating of population figures;STAG;Reference date;2022-12-31;KREISE;Administrative districts;09376;Schwandorf, Landkreis;147982;number;BEVSTD;Population;e
12411;Current updating of population figures;STAG;Reference date;2016-12-31;KREISE;Administrative districts;08317;Ortenaukreis;423359;number;BEVSTD;Population;e
12411;Current updating of population figures;STAG;Reference date;2018-12-31;KREISE;Administrative districts;09279;Dingolfing-Landau, Landkreis;96217;number;BEVSTD;Population;e
12411;Current updating of population figures;STAG;Reference date;2020-12-31;KREISE;Administrative districts;05111;Düsseldorf, kreisfreie Stadt;620523;number;BEVSTD;Population;e
12411;Current updating of population figures;STAG;Reference date;2020-12-31;KREISE;Administrative districts;14193;Zwickauer Land, Landkreis (until 2008-07-31);-;number;BEVSTD;Population;
12411;Current updating of population figures;STAG;Reference date;2021-12-31;KREISE;Administrative districts;09271;Deggendorf, Landkreis;120521;number;BEVSTD;Population;e
12411;Current updating of population figures;STAG;Reference date;2024-12-31;KREISE;Administrative districts;09184;München, Landkreis;354396;number;BEVSTD;Population;e
12411;Current updating of population figures;STAG;Reference date;2018-12-31;KREISE;Administrative districts;03402;Emden, kreisfreie Stadt;50195;number;BEVSTD;Population;e
12411;Current updating of population figures;STAG;Reference date;2022-12-31;KREISE;Administrative districts;15089;Salzlandkreis;183727;number;BEVSTD;Population;e
12411;Current updating of population figures;STAG;Reference date;2019-12-31;KREISE;Administrative districts;09478;Lichtenfels, Landkreis;66776;number;BEVSTD;Population;e
12411;Current updating of population figures;STAG;Reference date;2016-12-31;KREISE;Administrative districts;03255;Holzminden, Landkreis;71510;number;BEVSTD;Population;e
12411;Current updating of population figures;STAG;Reference date;2017-12-31;KREISE;Administrative districts;15357;Halberstadt, Landkreis (until 2007-06-30);-;number;BEVSTD;Population;
12411;Current updating of population figures;STAG;Reference date;2025-12-31;KREISE;Administrative districts;03103;Wolfsburg, kreisfreie Stadt;129813;number;BEVSTD;Population;e
12411;Current updating of population figures;STAG;Reference date;2016-12-31;KREISE;Administrative districts;05915;Hamm, kreisfreie Stadt;179571;number;BEVSTD;Population;e
12411;Current updating of population figures;STAG;Reference date;2025-12-31;KREISE;Administrative districts;03356;Osterholz, Landkreis;113340;number;BEVSTD;Population;e
12411;Current updating of population figures;STAG;Reference date;2017-12-31;KREISE;Administrative districts;11000;Berlin, kreisfreie Stadt;3613495;number;BEVSTD;Population;e
12411;Current updating of population figures;STAG;Reference date;2017-12-31;KREISE;Administrative districts;01059;Schleswig-Flensburg, Landkreis;199503;number;BEVSTD;Population;e
12411;Current updating of population figures;STAG;Reference date;2016-12-31;KREISE;Administrative districts;14292;Kamenz, Landkreis (until 2008-07-31);-;number;BEVSTD;Population;
12411;Current updating of population figures;STAG;Reference date;2017-12-31;KREISE;Administrative districts;15081;Altmarkkreis Salzwedel;84457;number;BEVSTD;Population;e
12411;Current updating of population figures;STAG;Reference date;2019-12-31;KREISE;Administrative districts;05154;Kleve, Landkreis;312465;number;BEVSTD;Population;e
12411;Current updating of population figures;STAG;Reference date;2023-12-31;KREISE;Administrative districts;16061;Eichsfeld, Landkreis;102699;number;BEVSTD;Population;e
12411;Current updating of population figures;STAG;Reference date;2024-12-31;KREISE;Administrative districts;09171;Altötting, Landkreis;113938;number;BEVSTD;Population;e
12411;Current updating of population figures;STAG;Reference date;2018-12-31;KREISE;Administrative districts;09373;Neumarkt in der Oberpfalz, Landkreis;133561;number;BEVSTD;Population;e
12411;Current updating of population figures;STAG;Reference date;2022-12-31;KREISE;Administrative districts;09363;Weiden in der Oberpfalz, kreisfreie Stadt;42251;number;BEVSTD;Population;e
12411;Current updating of population figures;STAG;Reference date;2017-12-31;KREISE;Administrative districts;08135;Heidenheim, Landkreis;132006;number;BEVSTD;Population;e
12411;Current updating of population figures;STAG;Reference date;2016-12-31;KREISE;Administrative districts;01054;Nordfriesland, Landkreis;164926;number;BEVSTD;Population;e
12411;Current updating of population figures;STAG;Reference date;2020-12-31;KREISE;Administrative districts;05124;Wuppertal, kreisfreie Stadt;355004;number;BEVSTD;Population;e
12411;Current updating of population figures;STAG;Reference date;2016-12-31;KREISE;Administrative districts;14173;Chemnitzer Land, Landkreis (until 2008-07-31);-;number;BEVSTD;Population;
12411;Current updating of population figures;STAG;Reference date;2017-12-31;KREISE;Administrative districts;05124;Wuppertal, kreisfreie Stadt;353590;number;BEVSTD;Population;e
12411;Current updating of population figures;STAG;Reference date;2019-12-31;KREISE;Administrative districts;14161;Chemnitz, kreisfreie Stadt (until 2008-07-31);-;number;BEVSTD;Population;
12411;Current updating of population figures;STAG;Reference date;2024-12-31;KREISE;Administrative districts;08211;Baden-Baden, kreisfreie Stadt;56881;number;BEVSTD;Population;e
12411;Current updating of population figures;STAG;Reference date;2024-12-31;KREISE;Administrative districts;14383;Muldentalkreis (until 2008-07-31);-;number;BEVSTD;Population;
12411;Current updating of population figures;STAG;Reference date;2017-12-31;KREISE;Administrative districts;09572;Erlangen-Höchstadt, Landkreis;135334;number;BEVSTD;Population;e
12411;Current updating of population figures;STAG;Reference date;2025-12-31;KREISE;Administrative districts;12066;Oberspreewald-Lausitz, Landkreis;106744;number;BEVSTD;Population;e
12411;Current updating of population figures;STAG;Reference date;2018-12-31;KREISE;Administrative districts;12069;Potsdam-Mittelmark, Landkreis;214664;number;BEVSTD;Population;e
12411;Current updating of population figures;STAG;Reference date;2017-12-31;KREISE;Administrative districts;16051;Erfurt, kreisfreie Stadt;212988;number;BEVSTD;Population;e
12411;Current updating of population figures;STAG;Reference date;2016-12-31;KREISE;Administrative districts;09372;Cham, Landkreis;126918;number;BEVSTD;Population;e
12411;Current updating of population figures;STAG;Reference date;2023-12-31;KREISE;Administrative districts;08231;Pforzheim, kreisfreie Stadt;135087;number;BEVSTD;Population;e
12411;Current updating of population figures;STAG;Reference date;2021-12-31;KREISE;Administrative districts;05562;Recklinghausen, Landkreis;612801;number;BEVSTD;Population;e
12411;Current updating of population figures;STAG;Reference date;2021-12-31;KREISE;Administrative districts;09189;Traunstein, Landkreis;178447;number;BEVSTD;Population;e
12411;Current updating of population figures;STAG;Reference date;2022-12-31;KREISE;Administrative districts;12065;Oberhavel, Landkreis;216849;number;BEVSTD;Population;e
12411;Current updating of population figures;STAG;Reference date;2020-12-31;KREISE;Administrative districts;05362;Rhein-Erft-Kreis;469611;number;BEVSTD;Population;e
12411;Current updating of population figures;STAG;Reference date;2024-12-31;KREISE;Administrative districts;06631;Fulda, Landkreis;222283;number;BEVSTD;Population;e
12411;Current updating of population figures;STAG;Reference date;2017-12-31;KREISE;Administrative districts;05111;Düsseldorf, kreisfreie Stadt;617280;number;BEVSTD;Population;e
12411;Current updating of population figures;STAG;Reference date;2021-12-31;KREISE;Administrative districts;08336;Lörrach, Landkreis;229445;number;BEVSTD;Population;e
12411;Current updating of population figures;STAG;Reference date;2022-12-31;KREISE;Administrative districts;12052;Cottbus, kreisfreie Stadt;94250;number;BEVSTD;Population;e
12411;Current updating of population figures;STAG;Reference date;2022-12-31;KREISE;Administrative districts;01051;Dithmarschen, Landkreis;133104;number;BEVSTD;Population;e
12411;Current updating of population figures;STAG;Reference date;2017-12-31;KREISE;Administrative districts;16064;Unstrut-Hainich-Kreis;103504;number;BEVSTD;Population;e
12411;Current updating of population figures;STAG;Reference date;2024-12-31;KREISE;Administrative districts;09186;Pfaffenhofen an der Ilm, Landkreis;130781;number;BEVSTD;Population;e
12411;Current updating of population figures;STAG;Reference date;2025-12-31;KREISE;Administrative districts;15370;Altmarkkreis Salzwedel (until 2007-06-30);-;number;BEVSTD;Population;
12411;Current updating of population figures;STAG;Reference date;2016-12-31;KREISE;Administrative districts;03257;Schaumburg, Landkreis;157616;number;BEVSTD;Population;e
12411;Current updating of population figures;STAG;Reference date;2024-12-31;KREISE;Administrative districts;14263;Görlitz, kreisfreie Stadt (until 2008-07-31);-;number;BEVSTD;Population;
12411;Current updating of population figures;STAG;Reference date;2023-12-31;KREISE;Administrative districts;06431;Bergstraße, Landkreis;274484;number;BEVSTD;Population;e
12411;Current updating of population figures;STAG;Reference date;2021-12-31;KREISE;Administrative districts;07138;Neuwied, Landkreis;184390;number;BEVSTD;Population;e
12411;Current updating of population figures;STAG;Reference date;2021-12-31;KREISE;Administrative districts;08216;Rastatt, Landkreis;232296;number;BEVSTD;Population;e
12411;Current updating of population figures;STAG;Reference date;2020-12-31;KREISE;Administrative districts;08136;Ostalbkreis;314294;number;BEVSTD;Population;e
12411;Current updating of population figures;STAG;Reference date;2025-12-31;KREISE;Administrative districts;09277;Rottal-Inn, Landkreis;120638;number;BEVSTD;Population;e
12411;Current updating of population figures;STAG;Reference date;2024-12-31;KREISE;Administrative districts;10042;Merzig-Wadern, Landkreis;108779;number;BEVSTD;Population;e
12411;Current updating of population figures;STAG;Reference date;2021-12-31;KREISE;Administrative districts;03154;Helmstedt, Landkreis;91379;number;BEVSTD;Population;e
12411;Current updating of population figures;STAG;Reference date;2018-12-31;KREISE;Administrative districts;03152;Göttingen, Landkreis (until 2016-10-31);-;number;BEVSTD;Population;
12411;Current updating of population figures;STAG;Reference date;2024-12-31;KREISE;Administrative districts;08117;Göppingen, Landkreis;258809;number;BEVSTD;Population;e
12411;Current updating of population figures;STAG;Reference date;2017-12-31;KREISE;Administrative districts;12070;Prignitz, Landkreis;77263;number;BEVSTD;Population;e
12411;Current updating of population figures;STAG;Reference date;2025-12-31;KREISE;Administrative districts;14171;Annaberg, Landkreis (until 2008-07-31);-;number;BEVSTD;Population;
12411;Current updating of population figures;STAG;Reference date;2019-12-31;KREISE;Administrative districts;07335;Kaiserslautern, Landkreis;105979;number;BEVSTD;Population;e
12411;Current updating of population figures;STAG;Reference date;2025-12-31;KREISE;Administrative districts;06611;Kassel, kreisfreie Stadt;196799;number;BEVSTD;Population;e
12411;Current updating of population figures;STAG;Reference date;2017-12-31;KREISE;Administrative districts;09478;Lichtenfels, Landkreis;66777;number;BEVSTD;Population;e
12411;Current updating of population figures;STAG;Reference date;2020-12-31;KREISE;Administrative districts;03457;Leer, Landkreis;171483;number;BEVSTD;Population;e
12411;Current updating of population figures;STAG;Reference date;2024-12-31;KREISE;Administrative districts;15089;Salzlandkreis;180771;number;BEVSTD;Population;e
12411;Current updating of population figures;STAG;Reference date;2018-12-31;KREISE;Administrative districts;07135;Cochem-Zell, Landkreis;61587;number;BEVSTD;Population;e
12411;Current updating of population figures;STAG;Reference date;2021-12-31;KREISE;Administrative districts;05958;Hochsauerlandkreis;258615;number;BEVSTD;Population;e
12411;Current updating of population figures;STAG;Reference date;2016-12-31;KREISE;Administrative districts;09278;Straubing-Bogen, Landkreis;99221;number;BEVSTD;Population;e
12411;Current updating of population figures;STAG;Reference date;2025-12-31;KREISE;Administrative districts;02000;Hamburg, kreisfreie Stadt;1869473;number;BEVSTD;Population;e
12411;Current updating of population figures;STAG;Reference date;2020-12-31;KREISE;Administrative districts;05758;Herford, Landkreis;250547;number;BEVSTD;Population;e
12411;Current updating of population figures;STAG;Reference date;2016-12-31;KREISE;Administrative districts;05558;Coesfeld, Landkreis;219019;number;BEVSTD;Population;e
12411;Current updating of population figures;STAG;Reference date;2022-12-31;KREISE;Administrative districts;07336;Kusel, Landkreis;70124;number;BEVSTD;Population;e
12411;Current updating of population figures;STAG;Reference date;2024-12-31;KREISE;Administrative districts;13051;Bad Doberan, Landkreis (until 2011-09-03);-;number;BEVSTD;Population;
12411;Current updating of population figures;STAG;Reference date;2025-12-31;KREISE;Administrative districts;08437;Sigmaringen, Landkreis;131988;number;BEVSTD;Population;e
12411;Current updating of population figures;STAG;Reference date;2020-12-31;KREISE;Administrative districts;15260;Mansfelder Land, Landkreis (until 2007-06-30);-;number;BEVSTD;Population;
12411;Current updating of population figures;STAG;Reference date;2016-12-31;KREISE;Administrative districts;05162;Rhein-Kreis Neuss;447431;number;BEVSTD;Population;e
12411;Current updating of population figures;STAG;Reference date;2021-12-31;KREISE;Administrative districts;03404;Osnabrück, kreisfreie Stadt;165034;number;BEVSTD;Population;e
12411;Current updating of population figures;STAG;Reference date;2019-12-31;KREISE;Administrative districts;03354;Lüchow-Dannenberg, Landkreis;48412;number;BEVSTD;Population;e
12411;Current updating of population figures;STAG;Reference date;2023-12-31;KREISE;Administrative districts;08111;Stuttgart, kreisfreie Stadt;613111;number;BEVSTD;Population;e
12411;Current updating of population figures;STAG;Reference date;2019-12-31;KREISE;Administrative districts;08135;Heidenheim, Landkreis;132777;number;BEVSTD;Population;e
12411;Current updating of population figures;STAG;Reference date;2025-12-31;KREISE;Administrative districts;08317;Ortenaukreis;445855;number;BEVSTD;Population;e
12411;Current updating of population figures;STAG;Reference date;2021-12-31;KREISE;Administrative districts;09772;Augsburg, Landkreis;257790;number;BEVSTD;Population;e
12411;Current updating of population figures;STAG;Reference date;2024-12-31;KREISE;Administrative districts;08237;Freudenstadt, Landkreis;121958;number;BEVSTD;Population;e
12411;Current updating of population figures;STAG;Reference date;2019-12-31;KREISE;Administrative districts;03101;Braunschweig, kreisfreie Stadt;249406;number;BEVSTD;Population;e
12411;Current updating of population figures;STAG;Reference date;2019-12-31;KREISE;Administrative districts;05762;Höxter, Landkreis;140251;number;BEVSTD;Population;e
12411;Current updating of population figures;STAG;Reference date;2021-12-31;KREISE;Administrative districts;07232;Eifelkreis Bitburg-Prüm;100959;number;BEVSTD;Population;e
12411;Current updating of population figures;STAG;Reference date;2021-12-31;KREISE;Administrative districts;16073;Saalfeld-Rudolstadt, Landkreis;100969;number;BEVSTD;Population;e
12411;Current updating of population figures;STAG;Reference date;2022-12-31;KREISE;Administrative districts;03352;Cuxhaven, Landkreis;198898;number;BEVSTD;Population;e
12411;Current updating of population figures;STAG;Reference date;2023-12-31;KREISE;Administrative districts;16062;Nordhausen, Landkreis;81502;number;BEVSTD;Population;e
12411;Current updating of population figures;STAG;Reference date;2024-12-31;KREISE;Administrative districts;09675;Kitzingen, Landkreis;91287;number;BEVSTD;Population;e
12411;Current updating of population figures;STAG;Reference date;2018-12-31;KREISE;Administrative districts;06414;Wiesbaden, kreisfreie Stadt;278342;number;BEVSTD;Population;e
12411;Current updating of population figures;STAG;Reference date;2019-12-31;KREISE;Administrative districts;09573;Fürth, Landkreis;117853;number;BEVSTD;Population;e
12411;Current updating of population figures;STAG;Reference date;2023-12-31;KREISE;Administrative districts;09463;Coburg, kreisfreie Stadt;40907;number;BEVSTD;Population;e
12411;Current updating of population figures;STAG;Reference date;2025-12-31;KREISE;Administrative districts;09371;Amberg-Sulzbach, Landkreis;103788;number;BEVSTD;Population;e
12411;Current updating of population figures;STAG;Reference date;2021-12-31;KREISE;Administrative districts;09773;Dillingen an der Donau, Landkreis;97985;number;BEVSTD;Population;e
12411;Current updating of population figures;STAG;Reference date;2019-12-31;KREISE;Administrative districts;15153;Bernburg, Landkreis (until 2007-06-30);-;number;BEVSTD;Population;
12411;Current updating of population figures;STAG;Reference date;2025-12-31;KREISE;Administrative districts;07333;Donnersbergkreis;74588;number;BEVSTD;Population;e
12411;Current updating of population figures;STAG;Reference date;2018-12-31;KREISE;Administrative districts;09361;Amberg, kreisfreie Stadt;41970;number;BEVSTD;Population;e
12411;Current updating of population figures;STAG;Reference date;2020-12-31;KREISE;Administrative districts;09561;Ansbach, kreisfreie Stadt;41681;number;BEVSTD;Population;e
12411;Current updating of population figures;STAG;Reference date;2021-12-31;KREISE;Administrative districts;07231;Bernkastel-Wittlich, Landkreis;113194;number;BEVSTD;Population;e
12411;Current updating of population figures;STAG;Reference date;2020-12-31;KREISE;Administrative districts;15154;Bitterfeld, Landkreis (until 2007-06-30);-;number;BEVSTD;Population;
12411;Current updating of population figures;STAG;Reference date;2023-12-31;KREISE;Administrative districts;07140;Rhein-Hunsrück-Kreis;106390;number;BEVSTD;Population;e
12411;Current updating of population figures;STAG;Reference date;2024-12-31;KREISE;Administrative districts;03158;Wolfenbüttel, Landkreis;118290;number;BEVSTD;Population;e
12411;Current updating of population figures;STAG;Reference date;2025-12-31;KREISE;Administrative districts;03357;Rotenburg (Wümme), Landkreis;165853;number;BEVSTD;Population;e
12411;Current updating of population figures;STAG;Reference date;2020-12-31;KREISE;Administrative districts;09574;Nürnberger Land, Landkreis;171143;number;BEVSTD;Population;e
12411;Current updating of population figures;STAG;Reference date;2024-12-31;KREISE;Administrative districts;13052;Demmin, Landkreis (until 2011-09-03);-;number;BEVSTD;Population;
12411;Current updating of population figures;STAG;Reference date;2018-12-31;KREISE;Administrative districts;06534;Marburg-Biedenkopf, Landkreis;246648;number;BEVSTD;Population;e
12411;Current updating of population figures;STAG;Reference date;2018-12-31;KREISE;Administrative districts;13001;Greifswald, kreisfreie Stadt (until 2011-09-03);-;number;BEVSTD;Population;
12411;Current updating of population figures;STAG;Reference date;2019-12-31;KREISE;Administrative districts;09190;Weilheim-Schongau, Landkreis;135478;number;BEVSTD;Population;e
12411;Current updating of population figures;STAG;Reference date;2023-12-31;KREISE;Administrative districts;16075;Saale-Orla-Kreis;77859;number;BEVSTD;Population;e
12411;Current updating of population figures;STAG;Reference date;2017-12-31;KREISE;Administrative districts;13055;Mecklenburg-Strelitz, Landkreis (until 2011-09-03);-;number;BEVSTD;Population;
12411;Current updating of population figures;STAG;Reference date;2023-12-31;KREISE;Administrative districts;05114;Krefeld, kreisfreie Stadt;230393;number;BEVSTD;Population;e
12411;Current updating of population figures;STAG;Reference date;2016-12-31;KREISE;Administrative districts;08425;Alb-Donau-Kreis;193318;number;BEVSTD;Population;e
12411;Current updating of population figures;STAG;Reference date;2020-12-31;KREISE;Administrative districts;06440;Wetteraukreis;310353;number;BEVSTD;Population;e
12411;Current updating of population figures;STAG;Reference date;2025-12-31;KREISE;Administrative districts;05382;Rhein-Sieg-Kreis;603456;number;BEVSTD;Population;e
12411;Current updating of population figures;STAG;Reference date;2025-12-31;KREISE;Administrative districts;05512;Bottrop, kreisfreie Stadt;118482;number;BEVSTD;Population;e
12411;Current updating of population figures;STAG;Reference date;2024-12-31;KREISE;Administrative districts;05170;Wesel, Landkreis;457918;number;BEVSTD;Population;e
12411;Current updating of population figures;STAG;Reference date;2016-12-31;KREISE;Administrative districts;09279;Dingolfing-Landau, Landkreis;95035;number;BEVSTD;Population;e
12411;Current updating of population figures;STAG;Reference date;2021-12-31;KREISE;Administrative districts;13051;Bad Doberan, Landkreis (until 2011-09-03);-;number;BEVSTD;Population;
12411;Current updating of population figures;STAG;Reference date;2023-12-31;KREISE;Administrative districts;15261;Merseburg-Querfurt, Landkreis (until 2007-06-30);-;number;BEVSTD;Population;
12411;Current updating of population figures;STAG;Reference date;2024-12-31;KREISE;Administrative districts;05566;Steinfurt, Landkreis;451712;number;BEVSTD;Population;e
12411;Current updating of population figures;STAG;Reference date;2024-12-31;KREISE;Administrative districts;05313;Aachen, kreisfreie Stadt (until 2009-10-20);-;number;BEVSTD;Population;
12411;Current updating of population figures;STAG;Reference date;2020-12-31;KREISE;Administrative districts;13004;Schwerin, kreisfreie Stadt;95609;number;BEVSTD;Population;e
12411;Current updating of population figures;STAG;Reference date;2017-12-31;KREISE;Administrative districts;10041;Regionalverband Saarbrücken, Landkreis;330150;number;BEVSTD;Population;e
12411;Current updating of population figures;STAG;Reference date;2019-12-31;KREISE;Administrative districts;15260;Mansfelder Land, Landkreis (until 2007-06-30);-;number;BEVSTD;Population;
12411;Current updating of population figures;STAG;Reference date;2018-12-31;KREISE;Administrative districts;03151;Gifhorn, Landkreis;175920;number;BEVSTD;Population;e
12411;Current updating of population figures;STAG;Reference date;2023-12-31;KREISE;Administrative districts;05354;Aachen, Landkreis (until 2009-10-20);-;number;BEVSTD;Population;
12411;Current updating of population figures;STAG;Reference date;2019-12-31;KREISE;Administrative districts;03461;Wesermarsch, Landkreis;88583;number;BEVSTD;Population;e
12411;Current updating of population figures;STAG;Reference date;2021-12-31;KREISE;Administrative districts;15090;Stendal, Landkreis;109746;number;BEVSTD;Population;e
12411;Current updating of population figures;STAG;Reference date;2024-12-31;KREISE;Administrative districts;07232;Eifelkreis Bitburg-Prüm;99788;number;BEVSTD;Population;e
12411;Current updating of population figures;STAG;Reference date;2023-12-31;KREISE;Administrative districts;03458;Oldenburg, Landkreis;131965;number;BEVSTD;Population;e
12411;Current updating of population figures;STAG;Reference date;2024-12-31;KREISE;Administrative districts;09662;Schweinfurt, kreisfreie Stadt;54481;number;BEVSTD;Population;e
12411;Current updating of population figures;STAG;Reference date;2017-12-31;KREISE;Administrative districts;05974;Soest, Landkreis;301693;number;BEVSTD;Population;e
12411;Current updating of population figures;STAG;Reference date;2024-12-31;KREISE;Administrative districts;11000;Berlin, kreisfreie Stadt;3685265;number;BEVSTD;Population;e
12411;Current updating of population figures;STAG;Reference date;2025-12-31;KREISE;Administrative districts;03451;Ammerland, Landkreis;127632;number;BEVSTD;Population;e
12411;Current updating of population figures;STAG;Reference date;2022-12-31;KREISE;Administrative districts;05512;Bottrop, kreisfreie Stadt;118327;number;BEVSTD;Population;e
12411;Current updating of population figures;STAG;Reference date;2024-12-31;KREISE;Administrative districts;09185;Neuburg-Schrobenhausen, Landkreis;99364;number;BEVSTD;Population;e
12411;Current updating of population figures;STAG;Reference date;2021-12-31;KREISE;Administrative districts;09679;Würzburg, Landkreis;163534;number;BEVSTD;Population;e
12411;Current updating of population figures;STAG;Reference date;2022-12-31;KREISE;Administrative districts;15088;Saalekreis;182390;number;BEVSTD;Population;e
12411;Current updating of population figures;STAG;Reference date;2018-12-31;KREISE;Administrative districts;08226;Rhein-Neckar-Kreis;547625;number;BEVSTD;Population;e
12411;Current updating of population figures;STAG;Reference date;2019-12-31;KREISE;Administrative districts;09479;Wunsiedel im Fichtelgebirge, Landkreis;72655;number;BEVSTD;Population;e
12411;Current updating of population figures;STAG;Reference date;2016-12-31;KREISE;Administrative districts;01053;Herzogtum Lauenburg, Landkreis;195063;number;BEVSTD;Population;e
12411;Current updating of population figures;STAG;Reference date;2016-12-31;KREISE;Administrative districts;03256;Nienburg (Weser), Landkreis;121503;number;BEVSTD;Population;e
12411;Current updating of population figures;STAG;Reference date;2017-12-31;KREISE;Administrative districts;16077;Altenburger Land, Landkreis;90650;number;BEVSTD;Population;e
12411;Current updating of population figures;STAG;Reference date;2017-12-31;KREISE;Administrative districts;03455;Friesland, Landkreis;98509;number;BEVSTD;Population;e
12411;Current updating of population figures;STAG;Reference date;2016-12-31;KREISE;Administrative districts;14280;Meißen, Landkreis (until 2008-07-31);-;number;BEVSTD;Population;
12411;Current updating of population figures;STAG;Reference date;2021-12-31;KREISE;Administrative districts;09176;Eichstätt, Landkreis;133634;number;BEVSTD;Population;e
12411;Current updating of population figures;STAG;Reference date;2023-12-31;KREISE;Administrative districts;05711;Bielefeld, kreisfreie Stadt;331519;number;BEVSTD;Population;e
12411;Current updating of population figures;STAG;Reference date;2024-12-31;KREISE;Administrative districts;03252;Hameln-Pyrmont, Landkreis;150203;number;BEVSTD;Population;e
12411;Current updating of population figures;STAG;Reference date;2017-12-31;KREISE;Administrative districts;08121;Heilbronn, kreisfreie Stadt;125113;number;BEVSTD;Population;e
12411;Current updating of population figures;STAG;Reference date;2024-12-31;KREISE;Administrative districts;09172;Berchtesgadener Land, Landkreis;105292;number;BEVSTD;Population;e
12411;Current updating of population figures;STAG;Reference date;2022-12-31;KREISE;Administrative districts;09362;Regensburg, kreisfreie Stadt;147509;number;BEVSTD;Population;e
12411;Current updating of population figures;STAG;Reference date;2021-12-31;KREISE;Administrative districts;14262;Dresden, kreisfreie Stadt (until 2008-07-31);-;number;BEVSTD;Population;
12411;Current updating of population figures;STAG;Reference date;2019-12-31;KREISE;Administrative districts;05166;Viersen, Landkreis;298863;number;BEVSTD;Population;e
12411;Current updating of population figures;STAG;Reference date;2017-12-31;KREISE;Administrative districts;15369;Wernigerode, Landkreis (until 2007-06-30);-;number;BEVSTD;Population;
12411;Current updating of population figures;STAG;Reference date;2018-12-31;KREISE;Administrative districts;03401;Delmenhorst, kreisfreie Stadt;77607;number;BEVSTD;Population;e
12411;Current updating of population figures;STAG;Reference date;2022-12-31;KREISE;Administrative districts;05382;Rhein-Sieg-Kreis;602933;number;BEVSTD;Population;e
12411;Current updating of population figures;STAG;Reference date;2019-12-31;KREISE;Administrative districts;01062;Stormarn, Landkreis;244156;number;BEVSTD;Population;e
12411;Current updating of population figures;STAG;Reference date;2023-12-31;KREISE;Administrative districts;09476;Kronach, Landkreis;65009;number;BEVSTD;Population;e
12411;Current updating of population figures;STAG;Reference date;2025-12-31;KREISE;Administrative districts;12053;Frankfurt (Oder), kreisfreie Stadt;56586;number;BEVSTD;Population;e
12411;Current updating of population figures;STAG;Reference date;2016-12-31;KREISE;Administrative districts;05914;Hagen, kreisfreie Stadt;188266;number;BEVSTD;Population;e
12411;Current updating of population figures;STAG;Reference date;2023-12-31;KREISE;Administrative districts;15154;Bitterfeld, Landkreis (until 2007-06-30);-;number;BEVSTD;Population;
12411;Current updating of population figures;STAG;Reference date;2024-12-31;KREISE;Administrative districts;07138;Neuwied, Landkreis;189061;number;BEVSTD;Population;e
12411;Current updating of population figures;STAG;Reference date;2023-12-31;KREISE;Administrative districts;14290;Weißeritzkreis (until 2008-07-31);-;number;BEVSTD;Population;
12411;Current updating of population figures;STAG;Reference date;2016-12-31;KREISE;Administrative districts;07334;Germersheim, Landkreis;128205;number;BEVSTD;Population;e
12411;Current updating of population figures;STAG;Reference date;2022-12-31;KREISE;Administrative districts;09375;Regensburg, Landkreis;191651;number;BEVSTD;Population;e
12411;Current updating of population figures;STAG;Reference date;2018-12-31;KREISE;Administrative districts;09374;Neustadt an der Waldnaab, Landkreis;94352;number;BEVSTD;Population;e
12411;Current updating of population figures;STAG;Reference date;2021-12-31;KREISE;Administrative districts;09163;Rosenheim, kreisfreie Stadt;63508;number;BEVSTD;Population;e
12411;Current updating of population figures;STAG;Reference date;2021-12-31;KREISE;Administrative districts;14178;Vogtlandkreis (until 2008-07-31);-;number;BEVSTD;Population;
12411;Current updating of population figures;STAG;Reference date;2020-12-31;KREISE;Administrative districts;05962;Märkischer Kreis;408662;number;BEVSTD;Population;e
12411;Current updating of population figures;STAG;Reference date;2019-12-31;KREISE;Administrative districts;14173;Chemnitzer Land, Landkreis (until 2008-07-31);-;number;BEVSTD;Population;
12411;Current updating of population figures;STAG;Reference date;2021-12-31;KREISE;Administrative districts;06439;Rheingau-Taunus-Kreis;187229;number;BEVSTD;Population;e
12411;Current updating of population figures;STAG;Reference date;2017-12-31;KREISE;Administrative districts;09571;Ansbach, Landkreis;183256;number;BEVSTD;Population;e
12411;Current updating of population figures;STAG;Reference date;2025-12-31;KREISE;Administrative districts;12065;Oberhavel, Landkreis;217858;number;BEVSTD;Population;e
12411;Current updating of population figures;STAG;Reference date;2021-12-31;KREISE;Administrative districts;16072;Sonneberg, Landkreis;56504;number;BEVSTD;Population;e
12411;Current updating of population figures;STAG;Reference date;2016-12-31;KREISE;Administrative districts;07211;Trier, kreisfreie Stadt;110111;number;BEVSTD;Population;e
12411;Current updating of population figures;STAG;Reference date;2023-12-31;KREISE;Administrative districts;14182;Mittweida, Landkreis (until 2008-07-31);-;number;BEVSTD;Population;
12411;Current updating of population figures;STAG;Reference date;2024-12-31;KREISE;Administrative districts;08212;Karlsruhe, kreisfreie Stadt;309050;number;BEVSTD;Population;e
12411;Current updating of population figures;STAG;Reference date;2019-12-31;KREISE;Administrative districts;14280;Meißen, Landkreis (until 2008-07-31);-;number;BEVSTD;Population;
12411;Current updating of population figures;STAG;Reference date;2017-12-31;KREISE;Administrative districts;03458;Oldenburg, Landkreis;129924;number;BEVSTD;Population;e
12411;Current updating of population figures;STAG;Reference date;2025-12-31;KREISE;Administrative districts;03461;Wesermarsch, Landkreis;88852;number;BEVSTD;Population;e
12411;Current updating of population figures;STAG;Reference date;2019-12-31;KREISE;Administrative districts;07334;Germersheim, Landkreis;129013;number;BEVSTD;Population;e
12411;Current updating of population figures;STAG;Reference date;2016-12-31;KREISE;Administrative districts;07331;Alzey-Worms, Landkreis;128197;number;BEVSTD;Population;e
12411;Current updating of population figures;STAG;Reference date;2022-12-31;KREISE;Administrative districts;08426;Biberach, Landkreis;205073;number;BEVSTD;Population;e
12411;Current updating of population figures;STAG;Reference date;2017-12-31;KREISE;Administrative districts;16063;Wartburgkreis;123764;number;BEVSTD;Population;e
12411;Current updating of population figures;STAG;Reference date;2022-12-31;KREISE;Administrative districts;05774;Paderborn, Landkreis;313921;number;BEVSTD;Population;e
12411;Current updating of population figures;STAG;Reference date;2017-12-31;KREISE;Administrative districts;07317;Pirmasens, kreisfreie Stadt;40632;number;BEVSTD;Population;e
12411;Current updating of population figures;STAG;Reference date;2024-12-31;KREISE;Administrative districts;15171;Wittenberg, Landkreis (until 2007-06-30);-;number;BEVSTD;Population;
12411;Current updating of population figures;STAG;Reference date;2024-12-31;KREISE;Administrative districts;09187;Rosenheim, Landkreis;258637;number;BEVSTD;Population;e
12411;Current updating of population figures;STAG;Reference date;2018-12-31;KREISE;Administrative districts;05334;Städteregion Aachen, Landkreis;555465;number;BEVSTD;Population;e
12411;Current updating of population figures;STAG;Reference date;2018-12-31;KREISE;Administrative districts;07134;Birkenfeld, Landkreis;80720;number;BEVSTD;Population;e
12411;Current updating of population figures;STAG;Reference date;2018-12-31;KREISE;Administrative districts;03405;Wilhelmshaven, kreisfreie Stadt;76278;number;BEVSTD;Population;e
12411;Current updating of population figures;STAG;Reference date;2024-12-31;KREISE;Administrative districts;14262;Dresden, kreisfreie Stadt (until 2008-07-31);-;number;BEVSTD;Population;
12411;Current updating of population figures;STAG;Reference date;2023-12-31;KREISE;Administrative districts;05974;Soest, Landkreis;300347;number;BEVSTD;Population;e
12411;Current updating of population figures;STAG;Reference date;2016-12-31;KREISE;Administrative districts;09371;Amberg-Sulzbach, Landkreis;103009;number;BEVSTD;Population;e
12411;Current updating of population figures;STAG;Reference date;2018-12-31;KREISE;Administrative districts;08119;Rems-Murr-Kreis;426158;number;BEVSTD;Population;e
12411;Current updating of population figures;STAG;Reference date;2024-12-31;KREISE;Administrative districts;03404;Osnabrück, kreisfreie Stadt;166057;number;BEVSTD;Population;e
12411;Current updating of population figures;STAG;Reference date;2017-12-31;KREISE;Administrative districts;16076;Greiz, Landkreis;99275;number;BEVSTD;Population;e
12411;Current updating of population figures;STAG;Reference date;2021-12-31;KREISE;Administrative districts;08226;Rhein-Neckar-Kreis;549030;number;BEVSTD;Population;e
12411;Current updating of population figures;STAG;Reference date;2021-12-31;KREISE;Administrative districts;06533;Limburg-Weilburg, Landkreis;172759;number;BEVSTD;Population;e
12411;Current updating of population figures;STAG;Reference date;2017-12-31;KREISE;Administrative districts;09477;Kulmbach, Landkreis;72012;number;BEVSTD;Population;e
12411;Current updating of population figures;STAG;Reference date;2017-12-31;KREISE;Administrative districts;10044;Saarlouis, Landkreis;195815;number;BEVSTD;Population;e
12411;Current updating of population figures;STAG;Reference date;2019-12-31;KREISE;Administrative districts;05774;Paderborn, Landkreis;307839;number;BEVSTD;Population;e
12411;Current updating of population figures;STAG;Reference date;2020-12-31;KREISE;Administrative districts;03458;Oldenburg, Landkreis;131467;number;BEVSTD;Population;e
12411;Current updating of population figures;STAG;Reference date;2022-12-31;KREISE;Administrative districts;03355;Lüneburg, Landkreis;178099;number;BEVSTD;Population;e
12411;Current updating of population figures;STAG;Reference date;2016-12-31;KREISE;Administrative districts;09277;Rottal-Inn, Landkreis;119617;number;BEVSTD;Population;e
12411;Current updating of population figures;STAG;Reference date;2023-12-31;KREISE;Administrative districts;08136;Ostalbkreis;317263;number;BEVSTD;Population;e
12411;Current updating of population figures;STAG;Reference date;2025-12-31;KREISE;Administrative districts;14292;Kamenz, Landkreis (until 2008-07-31);-;number;BEVSTD;Population;
12411;Current updating of population figures;STAG;Reference date;2021-12-31;KREISE;Administrative districts;08119;Rems-Murr-Kreis;427316;number;BEVSTD;Population;e
12411;Current updating of population figures;STAG;Reference date;2024-12-31;KREISE;Administrative districts;08118;Ludwigsburg, Landkreis;535374;number;BEVSTD;Population;e
12411;Current updating of population figures;STAG;Reference date;2022-12-31;KREISE;Administrative districts;12062;Elbe-Elster, Landkreis;99684;number;BEVSTD;Population;e
12411;Current updating of population figures;STAG;Reference date;2019-12-31;KREISE;Administrative districts;08136;Ostalbkreis;314025;number;BEVSTD;Population;e
12411;Current updating of population figures;STAG;Reference date;2017-12-31;KREISE;Administrative districts;13051;Bad Doberan, Landkreis (until 2011-09-03);-;number;BEVSTD;Population;
12411;Current updating of population figures;STAG;Reference date;2021-12-31;KREISE;Administrative districts;14522;Mittelsachsen, Landkreis;299329;number;BEVSTD;Population;e
12411;Current updating of population figures;STAG;Reference date;2025-12-31;KREISE;Administrative districts;07320;Zweibrücken, kreisfreie Stadt;33178;number;BEVSTD;Population;e
12411;Current updating of population figures;STAG;Reference date;2018-12-31;KREISE;Administrative districts;06439;Rheingau-Taunus-Kreis;187157;number;BEVSTD;Population;e
12411;Current updating of population figures;STAG;Reference date;2020-12-31;KREISE;Administrative districts;09571;Ansbach, Landkreis;185316;number;BEVSTD;Population;e
12411;Current updating of population figures;STAG;Reference date;2022-12-31;KREISE;Administrative districts;03462;Wittmund, Landkreis;55953;number;BEVSTD;Population;e
12411;Current updating of population figures;STAG;Reference date;2024-12-31;KREISE;Administrative districts;08225;Neckar-Odenwald-Kreis;145263;number;BEVSTD;Population;e
12411;Current updating of population figures;STAG;Reference date;2016-12-31;KREISE;Administrative districts;15261;Merseburg-Querfurt, Landkreis (until 2007-06-30);-;number;BEVSTD;Population;
12411;Current updating of population figures;STAG;Reference date;2021-12-31;KREISE;Administrative districts;07135;Cochem-Zell, Landkreis;61735;number;BEVSTD;Population;e
12411;Current updating of population figures;STAG;Reference date;2021-12-31;KREISE;Administrative districts;09771;Aichach-Friedberg, Landkreis;135538;number;BEVSTD;Population;e
12411;Current updating of population figures;STAG;Reference date;2017-12-31;KREISE;Administrative districts;09464;Hof, kreisfreie Stadt;45950;number;BEVSTD;Population;e
12411;Current updating of population figures;STAG;Reference date;2017-12-31;KREISE;Administrative districts;05374;Oberbergischer Kreis;272968;number;BEVSTD;Population;e
12411;Current updating of population figures;STAG;Reference date;2025-12-31;KREISE;Administrative districts;08425;Alb-Donau-Kreis;202554;number;BEVSTD;Population;e
12411;Current updating of population figures;STAG;Reference date;2020-12-31;KREISE;Administrative districts;06431;Bergstraße, Landkreis;271015;number;BEVSTD;Population;e
12411;Current updating of population figures;STAG;Reference date;2022-12-31;KREISE;Administrative districts;07335;Kaiserslautern, Landkreis;105752;number;BEVSTD;Population;e
12411;Current updating of population figures;STAG;Reference date;2021-12-31;KREISE;Administrative districts;06413;Offenbach am Main, kreisfreie Stadt;131295;number;BEVSTD;Population;e
12411;Current updating of population figures;STAG;Reference date;2018-12-31;KREISE;Administrative districts;03155;Northeim, Landkreis;132765;number;BEVSTD;Population;e
12411;Current updating of population figures;STAG;Reference date;2021-12-31;KREISE;Administrative districts;15363;Stendal, Landkreis (until 2007-06-30);-;number;BEVSTD;Population;
12411;Current updating of population figures;STAG;Reference date;2019-12-31;KREISE;Administrative districts;03257;Schaumburg, Landkreis;157820;number;BEVSTD;Population;e
12411;Current updating of population figures;STAG;Reference date;2021-12-31;KREISE;Administrative districts;03405;Wilhelmshaven, kreisfreie Stadt;75027;number;BEVSTD;Population;e
12411;Current updating of population figures;STAG;Reference date;2017-12-31;KREISE;Administrative districts;15355;Bördekreis (until 2007-06-30);-;number;BEVSTD;Population;
12411;Current updating of population figures;STAG;Reference date;2019-12-31;KREISE;Administrative districts;09561;Ansbach, kreisfreie Stadt;41798;number;BEVSTD;Population;e
12411;Current updating of population figures;STAG;Reference date;2023-12-31;KREISE;Administrative districts;15153;Bernburg, Landkreis (until 2007-06-30);-;number;BEVSTD;Population;
12411;Current updating of population figures;STAG;Reference date;2023-12-31;KREISE;Administrative districts;13006;Wismar, kreisfreie Stadt (until 2011-09-03);-;number;BEVSTD;Population;
12411;Current updating of population figures;STAG;Reference date;2024-12-31;KREISE;Administrative districts;09663;Würzburg, kreisfreie Stadt;133258;number;BEVSTD;Population;e
12411;Current updating of population figures;STAG;Reference date;2021-12-31;KREISE;Administrative districts;15256;Burgenlandkreis (until 2007-06-30);-;number;BEVSTD;Population;
12411;Current updating of population figures;STAG;Reference date;2024-12-31;KREISE;Administrative districts;07231;Bernkastel-Wittlich, Landkreis;113187;number;BEVSTD;Population;e
12411;Current updating of population figures;STAG;Reference date;2023-12-31;KREISE;Administrative districts;16063;Wartburgkreis;156334;number;BEVSTD;Population;e
12411;Current updating of population figures;STAG;Reference date;2020-12-31;KREISE;Administrative districts;07318;Speyer, kreisfreie Stadt;50741;number;BEVSTD;Population;e
12411;Current updating of population figures;STAG;Reference date;2024-12-31;KREISE;Administrative districts;09676;Miltenberg, Landkreis;127547;number;BEVSTD;Population;e
12411;Current updating of population figures;STAG;Reference date;2018-12-31;KREISE;Administrative districts;06413;Offenbach am Main, kreisfreie Stadt;128744;number;BEVSTD;Population;e
12411;Current updating of population figures;STAG;Reference date;2022-12-31;KREISE;Administrative districts;09361;Amberg, kreisfreie Stadt;42080;number;BEVSTD;Population;e
12411;Current updating of population figures;STAG;Reference date;2023-12-31;KREISE;Administrative districts;09464;Hof, kreisfreie Stadt;46484;number;BEVSTD;Population;e
12411;Current updating of population figures;STAG;Reference date;2020-12-31;KREISE;Administrative districts;09464;Hof, kreisfreie Stadt;45173;number;BEVSTD;Population;e
12411;Current updating of population figures;STAG;Reference date;2018-12-31;KREISE;Administrative districts;15171;Wittenberg, Landkreis (until 2007-06-30);-;number;BEVSTD;Population;
12411;Current updating of population figures;STAG;Reference date;2016-12-31;KREISE;Administrative districts;08435;Bodenseekreis;213070;number;BEVSTD;Population;e
12411;Current updating of population figures;STAG;Reference date;2025-12-31;KREISE;Administrative districts;09361;Amberg, kreisfreie Stadt;42631;number;BEVSTD;Population;e
12411;Current updating of population figures;STAG;Reference date;2025-12-31;KREISE;Administrative districts;01055;Ostholstein, Landkreis;201222;number;BEVSTD;Population;e
12411;Current updating of population figures;STAG;Reference date;2020-12-31;KREISE;Administrative districts;09477;Kulmbach, Landkreis;71428;number;BEVSTD;Population;e
12411;Current updating of population figures;STAG;Reference date;2023-12-31;KREISE;Administrative districts;15260;Mansfelder Land, Landkreis (until 2007-06-30);-;number;BEVSTD;Population;
12411;Current updating of population figures;STAG;Reference date;2019-12-31;KREISE;Administrative districts;15261;Merseburg-Querfurt, Landkreis (until 2007-06-30);-;number;BEVSTD;Population;
12411;Current updating of population figures;STAG;Reference date;2018-12-31;KREISE;Administrative districts;06533;Limburg-Weilburg, Landkreis;172083;number;BEVSTD;Population;e
12411;Current updating of population figures;STAG;Reference date;2016-12-31;KREISE;Administrative districts;08315;Breisgau-Hochschwarzwald, Landkreis;260416;number;BEVSTD;Population;e
12411;Current updating of population figures;STAG;Reference date;2024-12-31;KREISE;Administrative districts;08119;Rems-Murr-Kreis;440696;number;BEVSTD;Population;e
12411;Current updating of population figures;STAG;Reference date;2022-12-31;KREISE;Administrative districts;03103;Wolfsburg, kreisfreie Stadt;127990;number;BEVSTD;Population;e
12411;Current updating of population figures;STAG;Reference date;2023-12-31;KREISE;Administrative districts;16076;Greiz, Landkreis;94488;number;BEVSTD;Population;e
12411;Current updating of population figures;STAG;Reference date;2021-12-31;KREISE;Administrative districts;13074;Nordwestmecklenburg, Landkreis;158449;number;BEVSTD;Population;e
12411;Current updating of population figures;STAG;Reference date;2025-12-31;KREISE;Administrative districts;14173;Chemnitzer Land, Landkreis (until 2008-07-31);-;number;BEVSTD;Population;
12411;Current updating of population figures;STAG;Reference date;2023-12-31;KREISE;Administrative districts;05111;Düsseldorf, kreisfreie Stadt;616319;number;BEVSTD;Population;e
12411;Current updating of population figures;STAG;Reference date;2023-12-31;KREISE;Administrative districts;09571;Ansbach, Landkreis;187340;number;BEVSTD;Population;e
12411;Current updating of population figures;STAG;Reference date;2020-12-31;KREISE;Administrative districts;01062;Stormarn, Landkreis;244989;number;BEVSTD;Population;e
12411;Current updating of population figures;STAG;Reference date;2024-12-31;KREISE;Administrative districts;07111;Koblenz, kreisfreie Stadt;113378;number;BEVSTD;Population;e
12411;Current updating of population figures;STAG;Reference date;2021-12-31;KREISE;Administrative districts;03155;Northeim, Landkreis;131765;number;BEVSTD;Population;e
12411;Current updating of population figures;STAG;Reference date;2023-12-31;KREISE;Administrative districts;05124;Wuppertal, kreisfreie Stadt;358592;number;BEVSTD;Population;e
12411;Current updating of population figures;STAG;Reference date;2025-12-31;KREISE;Administrative districts;09374;Neustadt an der Waldnaab, Landkreis;95657;number;BEVSTD;Population;e
12411;Current updating of population figures;STAG;Reference date;2022-12-31;KREISE;Administrative districts;03356;Osterholz, Landkreis;113800;number;BEVSTD;Population;e
12411;Current updating of population figures;STAG;Reference date;2016-12-31;KREISE;Administrative districts;05774;Paderborn, Landkreis;305198;number;BEVSTD;Population;e
12411;Current updating of population figures;STAG;Reference date;2025-12-31;KREISE;Administrative districts;07334;Germersheim, Landkreis;130765;number;BEVSTD;Population;e
12411;Current updating of population figures;STAG;Reference date;2021-12-31;KREISE;Administrative districts;15003;Magdeburg, kreisfreie Stadt;236188;number;BEVSTD;Population;e
12411;Current updating of population figures;STAG;Reference date;2021-12-31;KREISE;Administrative districts;09678;Schweinfurt, Landkreis;116134;number;BEVSTD;Population;e
12411;Current updating of population figures;STAG;Reference date;2019-12-31;KREISE;Administrative districts;03351;Celle, Landkreis;179011;number;BEVSTD;Population;e
12411;Current updating of population figures;STAG;Reference date;2016-12-31;KREISE;Administrative districts;15154;Bitterfeld, Landkreis (until 2007-06-30);-;number;BEVSTD;Population;
12411;Current updating of population figures;STAG;Reference date;2025-12-31;KREISE;Administrative districts;03354;Lüchow-Dannenberg, Landkreis;46471;number;BEVSTD;Population;e
12411;Current updating of population figures;STAG;Reference date;2025-12-31;KREISE;Administrative districts;03101;Braunschweig, kreisfreie Stadt;252811;number;BEVSTD;Population;e
12411;Current updating of population figures;STAG;Reference date;2024-12-31;KREISE;Administrative districts;07137;Mayen-Koblenz, Landkreis;217228;number;BEVSTD;Population;e
12411;Current updating of population figures;STAG;Reference date;2024-12-31;KREISE;Administrative districts;03405;Wilhelmshaven, kreisfreie Stadt;75745;number;BEVSTD;Population;e
12411;Current updating of population figures;STAG;Reference date;2021-12-31;KREISE;Administrative districts;09175;Ebersberg, Landkreis;144562;number;BEVSTD;Population;e
12411;Current updating of population figures;STAG;Reference date;2021-12-31;KREISE;Administrative districts;13061;Rügen, Landkreis (until 2011-09-03);-;number;BEVSTD;Population;
12411;Current updating of population figures;STAG;Reference date;2018-12-31;KREISE;Administrative districts;14713;Leipzig, kreisfreie Stadt;587857;number;BEVSTD;Population;e
12411;Current updating of population figures;STAG;Reference date;2024-12-31;KREISE;Administrative districts;14511;Chemnitz, kreisfreie Stadt;245618;number;BEVSTD;Population;e
12411;Current updating of population figures;STAG;Reference date;2022-12-31;KREISE;Administrative districts;14627;Meißen, Landkreis;240519;number;BEVSTD;Population;e
12411;Current updating of population figures;STAG;Reference date;2021-12-31;KREISE;Administrative districts;14272;Bautzen, Landkreis (until 2008-07-31);-;number;BEVSTD;Population;
12411;Current updating of population figures;STAG;Reference date;2016-12-31;KREISE;Administrative districts;14290;Weißeritzkreis (until 2008-07-31);-;number;BEVSTD;Population;
12411;Current updating of population figures;STAG;Reference date;2024-12-31;KREISE;Administrative districts;09173;Bad Tölz-Wolfratshausen, Landkreis;130248;number;BEVSTD;Population;e
12411;Current updating of population figures;STAG;Reference date;2018-12-31;KREISE;Administrative districts;12053;Frankfurt (Oder), kreisfreie Stadt;57873;number;BEVSTD;Population;e
12411;Current updating of population figures;STAG;Reference date;2021-12-31;KREISE;Administrative districts;09188;Starnberg, Landkreis;136747;number;BEVSTD;Population;e
12411;Current updating of population figures;STAG;Reference date;2020-12-31;KREISE;Administrative districts;14182;Mittweida, Landkreis (until 2008-07-31);-;number;BEVSTD;Population;
12411;Current updating of population figures;STAG;Reference date;2016-12-31;KREISE;Administrative districts;03351;Celle, Landkreis;178370;number;BEVSTD;Population;e
12411;Current updating of population figures;STAG;Reference date;2021-12-31;KREISE;Administrative districts;14285;Riesa-Großenhain, Landkreis (until 2008-07-31);-;number;BEVSTD;Population;
12411;Current updating of population figures;STAG;Reference date;2024-12-31;KREISE;Administrative districts;03155;Northeim, Landkreis;125623;number;BEVSTD;Population;e
12411;Current updating of population figures;STAG;Reference date;2025-12-31;KREISE;Administrative districts;12052;Cottbus, kreisfreie Stadt;95140;number;BEVSTD;Population;e
12411;Current updating of population figures;STAG;Reference date;2018-12-31;KREISE;Administrative districts;08212;Karlsruhe, kreisfreie Stadt;313092;number;BEVSTD;Population;e
12411;Current updating of population figures;STAG;Reference date;2016-12-31;KREISE;Administrative districts;06636;Werra-Meißner-Kreis;100965;number;BEVSTD;Population;e
12411;Current updating of population figures;STAG;Reference date;2022-12-31;KREISE;Administrative districts;09374;Neustadt an der Waldnaab, Landkreis;95742;number;BEVSTD;Population;e
12411;Current updating of population figures;STAG;Reference date;2018-12-31;KREISE;Administrative districts;09375;Regensburg, Landkreis;193572;number;BEVSTD;Population;e
12411;Current updating of population figures;STAG;Reference date;2018-12-31;KREISE;Administrative districts;12066;Oberspreewald-Lausitz, Landkreis;110476;number;BEVSTD;Population;e
12411;Current updating of population figures;STAG;Reference date;2021-12-31;KREISE;Administrative districts;09162;München, kreisfreie Stadt;1487708;number;BEVSTD;Population;e
12411;Current updating of population figures;STAG;Reference date;2017-12-31;KREISE;Administrative districts;14262;Dresden, kreisfreie Stadt (until 2008-07-31);-;number;BEVSTD;Population;
12411;Current updating of population figures;STAG;Reference date;2019-12-31;KREISE;Administrative districts;09574;Nürnberger Land, Landkreis;170792;number;BEVSTD;Population;e
12411;Current updating of population figures;STAG;Reference date;2024-12-31;KREISE;Administrative districts;14524;Zwickau, Landkreis;306793;number;BEVSTD;Population;e
12411;Current updating of population figures;STAG;Reference date;2020-12-31;KREISE;Administrative districts;05366;Euskirchen, Landkreis;194359;number;BEVSTD;Population;e
12411;Current updating of population figures;STAG;Reference date;2020-12-31;KREISE;Administrative districts;05113;Essen, kreisfreie Stadt;582415;number;BEVSTD;Population;e
12411;Current updating of population figures;STAG;Reference date;2019-12-31;KREISE;Administrative districts;15154;Bitterfeld, Landkreis (until 2007-06-30);-;number;BEVSTD;Population;
12411;Current updating of population figures;STAG;Reference date;2018-12-31;KREISE;Administrative districts;09362;Regensburg, kreisfreie Stadt;152610;number;BEVSTD;Population;e
12411;Current updating of population figures;STAG;Reference date;2022-12-31;KREISE;Administrative districts;15087;Mansfeld-Südharz, Landkreis;131107;number;BEVSTD;Population;e
12411;Current updating of population figures;STAG;Reference date;2018-12-31;KREISE;Administrative districts;08225;Neckar-Odenwald-Kreis;143535;number;BEVSTD;Population;e
12411;Current updating of population figures;STAG;Reference date;2023-12-31;KREISE;Administrative districts;09477;Kulmbach, Landkreis;71752;number;BEVSTD;Population;e
12411;Current updating of population figures;STAG;Reference date;2020-12-31;KREISE;Administrative districts;08121;Heilbronn, kreisfreie Stadt;126458;number;BEVSTD;Population;e
12411;Current updating of population figures;STAG;Reference date;2020-12-31;KREISE;Administrative districts;05974;Soest, Landkreis;301016;number;BEVSTD;Population;e
12411;Current updating of population figures;STAG;Reference date;2025-12-31;KREISE;Administrative districts;15265;Saalkreis (until 2007-06-30);-;number;BEVSTD;Population;
12411;Current updating of population figures;STAG;Reference date;2021-12-31;KREISE;Administrative districts;14166;Plauen, kreisfreie Stadt (until 2008-07-31);-;number;BEVSTD;Population;
12411;Current updating of population figures;STAG;Reference date;2024-12-31;KREISE;Administrative districts;06415;Hanau, kreisfreie Stadt;-;number;BEVSTD;Population;
12411;Current updating of population figures;STAG;Reference date;2024-12-31;KREISE;Administrative districts;14287;Sächsische Schweiz, Landkreis (until 2008-07-31);-;number;BEVSTD;Population;
12411;Current updating of population figures;STAG;Reference date;2023-12-31;KREISE;Administrative districts;05962;Märkischer Kreis;408899;number;BEVSTD;Population;e
12411;Current updating of population figures;STAG;Reference date;2022-12-31;KREISE;Administrative districts;08425;Alb-Donau-Kreis;200294;number;BEVSTD;Population;e
12411;Current updating of population figures;STAG;Reference date;2019-12-31;KREISE;Administrative districts;08231;Pforzheim, kreisfreie Stadt;125957;number;BEVSTD;Population;e
12411;Current updating of population figures;STAG;Reference date;2017-12-31;KREISE;Administrative districts;14264;Hoyerswerda, kreisfreie Stadt (until 2008-07-31);-;number;BEVSTD;Population;
12411;Current updating of population figures;STAG;Reference date;2016-12-31;KREISE;Administrative districts;07332;Bad Dürkheim, Landkreis;132960;number;BEVSTD;Population;e
12411;Current updating of population figures;STAG;Reference date;2017-12-31;KREISE;Administrative districts;16062;Nordhausen, Landkreis;84697;number;BEVSTD;Population;e
12411;Current updating of population figures;STAG;Reference date;2024-12-31;KREISE;Administrative districts;09188;Starnberg, Landkreis;139329;number;BEVSTD;Population;e
12411;Current updating of population figures;STAG;Reference date;2019-12-31;KREISE;Administrative districts;07320;Zweibrücken, kreisfreie Stadt;34193;number;BEVSTD;Population;e
12411;Current updating of population figures;STAG;Reference date;2017-12-31;KREISE;Administrative districts;09463;Coburg, kreisfreie Stadt;41236;number;BEVSTD;Population;e
12411;Current updating of population figures;STAG;Reference date;2024-12-31;KREISE;Administrative districts;14167;Zwickau, kreisfreie Stadt (until 2008-07-31);-;number;BEVSTD;Population;
12411;Current updating of population figures;STAG;Reference date;2024-12-31;KREISE;Administrative districts;06535;Vogelsbergkreis;101163;number;BEVSTD;Population;e
12411;Current updating of population figures;STAG;Reference date;2021-12-31;KREISE;Administrative districts;16071;Weimarer Land, Landkreis;82103;number;BEVSTD;Population;e
12411;Current updating of population figures;STAG;Reference date;2022-12-31;KREISE;Administrative districts;14379;Leipziger Land, Landkreis (until 2008-07-31);-;number;BEVSTD;Population;
12411;Current updating of population figures;STAG;Reference date;2018-12-31;KREISE;Administrative districts;08118;Ludwigsburg, Landkreis;543984;number;BEVSTD;Population;e
12411;Current updating of population figures;STAG;Reference date;2019-12-31;KREISE;Administrative districts;14292;Kamenz, Landkreis (until 2008-07-31);-;number;BEVSTD;Population;
12411;Current updating of population figures;STAG;Reference date;2017-12-31;KREISE;Administrative districts;05122;Solingen, kreisfreie Stadt;158803;number;BEVSTD;Population;e
12411;Current updating of population figures;STAG;Reference date;2017-12-31;KREISE;Administrative districts;16075;Saale-Orla-Kreis;81501;number;BEVSTD;Population;e
12411;Current updating of population figures;STAG;Reference date;2022-12-31;KREISE;Administrative districts;05762;Höxter, Landkreis;138943;number;BEVSTD;Population;e
12411;Current updating of population figures;STAG;Reference date;2017-12-31;KREISE;Administrative districts;03457;Leer, Landkreis;168946;number;BEVSTD;Population;e
12411;Current updating of population figures;STAG;Reference date;2024-12-31;KREISE;Administrative districts;09175;Ebersberg, Landkreis;144225;number;BEVSTD;Population;e
12411;Current updating of population figures;STAG;Reference date;2025-12-31;KREISE;Administrative districts;03462;Wittmund, Landkreis;55849;number;BEVSTD;Population;e
12411;Current updating of population figures;STAG;Reference date;2019-12-31;KREISE;Administrative districts;07333;Donnersbergkreis;75325;number;BEVSTD;Population;e
12411;Current updating of population figures;STAG;Reference date;2017-12-31;KREISE;Administrative districts;07318;Speyer, kreisfreie Stadt;50931;number;BEVSTD;Population;e
12411;Current updating of population figures;STAG;Reference date;2018-12-31;KREISE;Administrative districts;03404;Osnabrück, kreisfreie Stadt;164748;number;BEVSTD;Population;e
12411;Current updating of population figures;STAG;Reference date;2018-12-31;KREISE;Administrative districts;07133;Bad Kreuznach, Landkreis;158080;number;BEVSTD;Population;e
12411;Current updating of population figures;STAG;Reference date;2016-12-31;KREISE;Administrative districts;09779;Donau-Ries, Landkreis;132298;number;BEVSTD;Population;e
12411;Current updating of population figures;STAG;Reference date;2018-12-31;KREISE;Administrative districts;05562;Recklinghausen, Landkreis;615261;number;BEVSTD;Population;e
12411;Current updating of population figures;STAG;Reference date;2018-12-31;KREISE;Administrative districts;05958;Hochsauerlandkreis;260475;number;BEVSTD;Population;e
12411;Current updating of population figures;STAG;Reference date;2019-12-31;KREISE;Administrative districts;03352;Cuxhaven, Landkreis;198038;number;BEVSTD;Population;e
12411;Current updating of population figures;STAG;Reference date;2022-12-31;KREISE;Administrative districts;12063;Havelland, Landkreis;168494;number;BEVSTD;Population;e
12411;Current updating of population figures;STAG;Reference date;2021-12-31;KREISE;Administrative districts;14523;Vogtlandkreis;221376;number;BEVSTD;Population;e
12411;Current updating of population figures;STAG;Reference date;2019-12-31;KREISE;Administrative districts;05916;Herne, kreisfreie Stadt;156449;number;BEVSTD;Population;e
12411;Current updating of population figures;STAG;Reference date;2022-12-31;KREISE;Administrative districts;03101;Braunschweig, kreisfreie Stadt;253194;number;BEVSTD;Population;e
12411;Current updating of population figures;STAG;Reference date;2022-12-31;KREISE;Administrative districts;01053;Herzogtum Lauenburg, Landkreis;204237;number;BEVSTD;Population;e
12411;Current updating of population figures;STAG;Reference date;2017-12-31;KREISE;Administrative districts;10043;Neunkirchen, Landkreis;133297;number;BEVSTD;Population;e
12411;Current updating of population figures;STAG;Reference date;2025-12-31;KREISE;Administrative districts;14280;Meißen, Landkreis (until 2008-07-31);-;number;BEVSTD;Population;
12411;Current updating of population figures;STAG;Reference date;2022-12-31;KREISE;Administrative districts;03354;Lüchow-Dannenberg, Landkreis;46791;number;BEVSTD;Population;e
12411;Current updating of population figures;STAG;Reference date;2025-12-31;KREISE;Administrative districts;09279;Dingolfing-Landau, Landkreis;101040;number;BEVSTD;Population;e
12411;Current updating of population figures;STAG;Reference date;2020-12-31;KREISE;Administrative districts;07319;Worms, kreisfreie Stadt;83459;number;BEVSTD;Population;e
12411;Current updating of population figures;STAG;Reference date;2024-12-31;KREISE;Administrative districts;13062;Uecker-Randow, Landkreis (until 2011-09-03);-;number;BEVSTD;Population;
12411;Current updating of population figures;STAG;Reference date;2021-12-31;KREISE;Administrative districts;06414;Wiesbaden, kreisfreie Stadt;278950;number;BEVSTD;Population;e
12411;Current updating of population figures;STAG;Reference date;2016-12-31;KREISE;Administrative districts;09263;Straubing, kreisfreie Stadt;47142;number;BEVSTD;Population;e
12411;Current updating of population figures;STAG;Reference date;2018-12-31;KREISE;Administrative districts;03154;Helmstedt, Landkreis;91307;number;BEVSTD;Population;e
12411;Current updating of population figures;STAG;Reference date;2021-12-31;KREISE;Administrative districts;15364;Quedlinburg, Landkreis (until 2007-06-30);-;number;BEVSTD;Population;
12411;Current updating of population figures;STAG;Reference date;2017-12-31;KREISE;Administrative districts;05758;Herford, Landkreis;251539;number;BEVSTD;Population;e
12411;Current updating of population figures;STAG;Reference date;2021-12-31;KREISE;Administrative districts;09663;Würzburg, kreisfreie Stadt;126933;number;BEVSTD;Population;e
12411;Current updating of population figures;STAG;Reference date;2017-12-31;KREISE;Administrative districts;13052;Demmin, Landkreis (until 2011-09-03);-;number;BEVSTD;Population;
12411;Current updating of population figures;STAG;Reference date;2021-12-31;KREISE;Administrative districts;06534;Marburg-Biedenkopf, Landkreis;246097;number;BEVSTD;Population;e
12411;Current updating of population figures;STAG;Reference date;2017-12-31;KREISE;Administrative districts;05362;Rhein-Erft-Kreis;467209;number;BEVSTD;Population;e
12411;Current updating of population figures;STAG;Reference date;2017-12-31;KREISE;Administrative districts;09476;Kronach, Landkreis;67474;number;BEVSTD;Population;e
12411;Current updating of population figures;STAG;Reference date;2018-12-31;KREISE;Administrative districts;06438;Offenbach, Landkreis;354092;number;BEVSTD;Population;e
12411;Current updating of population figures;STAG;Reference date;2024-12-31;KREISE;Administrative districts;08226;Rhein-Neckar-Kreis;558561;number;BEVSTD;Population;e
12411;Current updating of population figures;STAG;Reference date;2020-12-31;KREISE;Administrative districts;09572;Erlangen-Höchstadt, Landkreis;138105;number;BEVSTD;Population;e
12411;Current updating of population figures;STAG;Reference date;2022-12-31;KREISE;Administrative districts;03461;Wesermarsch, Landkreis;89127;number;BEVSTD;Population;e
12411;Current updating of population figures;STAG;Reference date;2020-12-31;KREISE;Administrative districts;03459;Osnabrück, Landkreis;359471;number;BEVSTD;Population;e
12411;Current updating of population figures;STAG;Reference date;2025-12-31;KREISE;Administrative districts;05154;Kleve, Landkreis;320368;number;BEVSTD;Population;e
12411;Current updating of population figures;STAG;Reference date;2016-12-31;KREISE;Administrative districts;09276;Regen, Landkreis;77187;number;BEVSTD;Population;e
12411;Current updating of population figures;STAG;Reference date;2020-12-31;KREISE;Administrative districts;15151;Anhalt-Zerbst, Landkreis (until 2007-06-30);-;number;BEVSTD;Population;
12411;Current updating of population figures;STAG;Reference date;2019-12-31;KREISE;Administrative districts;08111;Stuttgart, kreisfreie Stadt;635911;number;BEVSTD;Population;e
12411;Current updating of population figures;STAG;Reference date;2023-12-31;KREISE;Administrative districts;08135;Heidenheim, Landkreis;135241;number;BEVSTD;Population;e
12411;Current updating of population figures;STAG;Reference date;2025-12-31;KREISE;Administrative districts;08426;Biberach, Landkreis;207203;number;BEVSTD;Population;e
12411;Current updating of population figures;STAG;Reference date;2023-12-31;KREISE;Administrative districts;09572;Erlangen-Höchstadt, Landkreis;138581;number;BEVSTD;Population;e
12411;Current updating of population figures;STAG;Reference date;2022-12-31;KREISE;Administrative districts;07334;Germersheim, Landkreis;130935;number;BEVSTD;Population;e
12411;Current updating of population figures;STAG;Reference date;2022-12-31;KREISE;Administrative districts;05166;Viersen, Landkreis;295362;number;BEVSTD;Population;e
12411;Current updating of population figures;STAG;Reference date;2017-12-31;KREISE;Administrative districts;15091;Wittenberg, Landkreis;126815;number;BEVSTD;Population;e
12411;Current updating of population figures;STAG;Reference date;2023-12-31;KREISE;Administrative districts;05378;Rheinisch-Bergischer Kreis;283607;number;BEVSTD;Population;e
12411;Current updating of population figures;STAG;Reference date;2023-12-31;KREISE;Administrative districts;16051;Erfurt, kreisfreie Stadt;219549;number;BEVSTD;Population;e
12411;Current updating of population figures;STAG;Reference date;2017-12-31;KREISE;Administrative districts;15367;Schönebeck, Landkreis (until 2007-06-30);-;number;BEVSTD;Population;
12411;Current updating of population figures;STAG;Reference date;2019-12-31;KREISE;Administrative districts;09562;Erlangen, kreisfreie Stadt;112528;number;BEVSTD;Population;e
12411;Current updating of population figures;STAG;Reference date;2024-12-31;KREISE;Administrative districts;13076;Ludwigslust-Parchim, Landkreis;208092;number;BEVSTD;Population;e
12411;Current updating of population figures;STAG;Reference date;2020-12-31;KREISE;Administrative districts;13006;Wismar, kreisfreie Stadt (until 2011-09-03);-;number;BEVSTD;Population;
12411;Current updating of population figures;STAG;Reference date;2018-12-31;KREISE;Administrative districts;08211;Baden-Baden, kreisfreie Stadt;55123;number;BEVSTD;Population;e
12411;Current updating of population figures;STAG;Reference date;2022-12-31;KREISE;Administrative districts;09373;Neumarkt in der Oberpfalz, Landkreis;136901;number;BEVSTD;Population;e
12411;Current updating of population figures;STAG;Reference date;2021-12-31;KREISE;Administrative districts;13075;Vorpommern-Greifswald, Landkreis;235451;number;BEVSTD;Population;e
12411;Current updating of population figures;STAG;Reference date;2021-12-31;KREISE;Administrative districts;09161;Ingolstadt, kreisfreie Stadt;138016;number;BEVSTD;Population;e
12411;Current updating of population figures;STAG;Reference date;2020-12-31;KREISE;Administrative districts;01061;Steinburg, Landkreis;130706;number;BEVSTD;Population;e
12411;Current updating of population figures;STAG;Reference date;2018-12-31;KREISE;Administrative districts;06412;Frankfurt am Main, kreisfreie Stadt;753056;number;BEVSTD;Population;e
12411;Current updating of population figures;STAG;Reference date;2021-12-31;KREISE;Administrative districts;03156;Osterode am Harz, Landkreis (until 2016-10-31);-;number;BEVSTD;Population;
12411;Current updating of population figures;STAG;Reference date;2023-12-31;KREISE;Administrative districts;16064;Unstrut-Hainich-Kreis;96458;number;BEVSTD;Population;e
12411;Current updating of population figures;STAG;Reference date;2025-12-31;KREISE;Administrative districts;09373;Neumarkt in der Oberpfalz, Landkreis;138902;number;BEVSTD;Population;e
12411;Current updating of population figures;STAG;Reference date;2025-12-31;KREISE;Administrative districts;14161;Chemnitz, kreisfreie Stadt (until 2008-07-31);-;number;BEVSTD;Population;
12411;Current updating of population figures;STAG;Reference date;2024-12-31;KREISE;Administrative districts;09771;Aichach-Friedberg, Landkreis;136803;number;BEVSTD;Population;e
12411;Current updating of population figures;STAG;Reference date;2025-12-31;KREISE;Administrative districts;07335;Kaiserslautern, Landkreis;106317;number;BEVSTD;Population;e
12411;Current updating of population figures;STAG;Reference date;2021-12-31;KREISE;Administrative districts;09677;Main-Spessart, Landkreis;126105;number;BEVSTD;Population;e
12411;Current updating of population figures;STAG;Reference date;2016-12-31;KREISE;Administrative districts;08436;Ravensburg, Landkreis;281627;number;BEVSTD;Population;e
12411;Current updating of population figures;STAG;Reference date;2016-12-31;KREISE;Administrative districts;01051;Dithmarschen, Landkreis;133560;number;BEVSTD;Population;e
12411;Current updating of population figures;STAG;Reference date;2025-12-31;KREISE;Administrative districts;01054;Nordfriesland, Landkreis;170148;number;BEVSTD;Population;e
12411;Current updating of population figures;STAG;Reference date;2020-12-31;KREISE;Administrative districts;09478;Lichtenfels, Landkreis;66722;number;BEVSTD;Population;e
12411;Current updating of population figures;STAG;Reference date;2018-12-31;KREISE;Administrative districts;06532;Lahn-Dill-Kreis;253777;number;BEVSTD;Population;e
12411;Current updating of population figures;STAG;Reference date;2017-12-31;KREISE;Administrative districts;15101;Dessau, kreisfreie Stadt (until 2007-06-30);-;number;BEVSTD;Population;
12411;Current updating of population figures;STAG;Reference date;2021-12-31;KREISE;Administrative districts;13062;Uecker-Randow, Landkreis (until 2011-09-03);-;number;BEVSTD;Population;
12411;Current updating of population figures;STAG;Reference date;2016-12-31;KREISE;Administrative districts;08316;Emmendingen, Landkreis;163251;number;BEVSTD;Population;e
12411;Current updating of population figures;STAG;Reference date;2022-12-31;KREISE;Administrative districts;03102;Salzgitter, kreisfreie Stadt;104564;number;BEVSTD;Population;e
12411;Current updating of population figures;STAG;Reference date;2023-12-31;KREISE;Administrative districts;16077;Altenburger Land, Landkreis;87955;number;BEVSTD;Population;e
12411;Current updating of population figures;STAG;Reference date;2023-12-31;KREISE;Administrative districts;05112;Duisburg, kreisfreie Stadt;503185;number;BEVSTD;Population;e
12411;Current updating of population figures;STAG;Reference date;2024-12-31;KREISE;Administrative districts;09174;Dachau, Landkreis;153595;number;BEVSTD;Population;e
12411;Current updating of population figures;STAG;Reference date;2024-12-31;KREISE;Administrative districts;14523;Vogtlandkreis;219100;number;BEVSTD;Population;e
12411;Current updating of population figures;STAG;Reference date;2019-12-31;KREISE;Administrative districts;06611;Kassel, kreisfreie Stadt;202137;number;BEVSTD;Population;e
12411;Current updating of population figures;STAG;Reference date;2018-12-31;KREISE;Administrative districts;08237;Freudenstadt, Landkreis;117935;number;BEVSTD;Population;e
12411;Current updating of population figures;STAG;Reference date;2016-12-31;KREISE;Administrative districts;06611;Kassel, kreisfreie Stadt;199062;number;BEVSTD;Population;e
12411;Current updating of population figures;STAG;Reference date;2018-12-31;KREISE;Administrative districts;03403;Oldenburg (Oldenburg), kreisfreie Stadt;168210;number;BEVSTD;Population;e
12411;Current updating of population figures;STAG;Reference date;2021-12-31;KREISE;Administrative districts;09187;Rosenheim, Landkreis;263367;number;BEVSTD;Population;e
12411;Current updating of population figures;STAG;Reference date;2020-12-31;KREISE;Administrative districts;14181;Mittlerer Erzgebirgskreis (until 2008-07-31);-;number;BEVSTD;Population;
12411;Current updating of population figures;STAG;Reference date;2018-12-31;KREISE;Administrative districts;15089;Salzlandkreis;190560;number;BEVSTD;Population;e
12411;Current updating of population figures;STAG;Reference date;2023-12-31;KREISE;Administrative districts;09478;Lichtenfels, Landkreis;67716;number;BEVSTD;Population;e
12411;Current updating of population figures;STAG;Reference date;2018-12-31;KREISE;Administrative districts;08117;Göppingen, Landkreis;257253;number;BEVSTD;Population;e
12411;Current updating of population figures;STAG;Reference date;2025-12-31;KREISE;Administrative districts;12051;Brandenburg an der Havel, kreisfreie Stadt;73945;number;BEVSTD;Population;e
12411;Current updating of population figures;STAG;Reference date;2016-12-31;KREISE;Administrative districts;05916;Herne, kreisfreie Stadt;156774;number;BEVSTD;Population;e
12411;Current updating of population figures;STAG;Reference date;2019-12-31;KREISE;Administrative districts;01051;Dithmarschen, Landkreis;133193;number;BEVSTD;Population;e
12411;Current updating of population figures;STAG;Reference date;2024-12-31;KREISE;Administrative districts;09161;Ingolstadt, kreisfreie Stadt;141185;number;BEVSTD;Population;e
12411;Current updating of population figures;STAG;Reference date;2022-12-31;KREISE;Administrative districts;09279;Dingolfing-Landau, Landkreis;99509;number;BEVSTD;Population;e
12411;Current updating of population figures;STAG;Reference date;2022-12-31;KREISE;Administrative districts;14628;Sächsische Schweiz-Osterzgebirge, Landkreis;245313;number;BEVSTD;Population;e
12411;Current updating of population figures;STAG;Reference date;2017-12-31;KREISE;Administrative districts;06440;Wetteraukreis;305312;number;BEVSTD;Population;e
12411;Current updating of population figures;STAG;Reference date;2018-12-31;KREISE;Administrative districts;09376;Schwandorf, Landkreis;147189;number;BEVSTD;Population;e
12411;Current updating of population figures;STAG;Reference date;2022-12-31;KREISE;Administrative districts;14365;Leipzig, kreisfreie Stadt (until 2008-07-31);-;number;BEVSTD;Population;
12411;Current updating of population figures;STAG;Reference date;2020-12-31;KREISE;Administrative districts;05112;Duisburg, kreisfreie Stadt;495885;number;BEVSTD;Population;e
12411;Current updating of population figures;STAG;Reference date;2024-12-31;KREISE;Administrative districts;09677;Main-Spessart, Landkreis;125282;number;BEVSTD;Population;e
12411;Current updating of population figures;STAG;Reference date;2019-12-31;KREISE;Administrative districts;09575;Neustadt an der Aisch-Bad Windsheim, Landkreis;101014;number;BEVSTD;Population;e
12411;Current updating of population figures;STAG;Reference date;2017-12-31;KREISE;Administrative districts;14263;Görlitz, kreisfreie Stadt (until 2008-07-31);-;number;BEVSTD;Population;
12411;Current updating of population figures;STAG;Reference date;2018-12-31;KREISE;Administrative districts;09363;Weiden in der Oberpfalz, kreisfreie Stadt;42520;number;BEVSTD;Population;e
12411;Current updating of population figures;STAG;Reference date;2018-12-31;KREISE;Administrative districts;12054;Potsdam, kreisfreie Stadt;178089;number;BEVSTD;Population;e
12411;Current updating of population figures;STAG;Reference date;2016-12-31;KREISE;Administrative districts;14171;Annaberg, Landkreis (until 2008-07-31);-;number;BEVSTD;Population;
12411;Current updating of population figures;STAG;Reference date;2023-12-31;KREISE;Administrative districts;14181;Mittlerer Erzgebirgskreis (until 2008-07-31);-;number;BEVSTD;Population;
12411;Current updating of population figures;STAG;Reference date;2022-12-31;KREISE;Administrative districts;15086;Jerichower Land, Landkreis;89033;number;BEVSTD;Population;e
12411;Current updating of population figures;STAG;Reference date;2021-12-31;KREISE;Administrative districts;14286;Löbau-Zittau, Landkreis (until 2008-07-31);-;number;BEVSTD;Population;
12411;Current updating of population figures;STAG;Reference date;2024-12-31;KREISE;Administrative districts;03156;Osterode am Harz, Landkreis (until 2016-10-31);-;number;BEVSTD;Population;
12411;Current updating of population figures;STAG;Reference date;2016-12-31;KREISE;Administrative districts;03352;Cuxhaven, Landkreis;198670;number;BEVSTD;Population;e
12411;Current updating of population figures;STAG;Reference date;2025-12-31;KREISE;Administrative districts;03355;Lüneburg, Landkreis;179185;number;BEVSTD;Population;e
12411;Current updating of population figures;STAG;Reference date;2025-12-31;KREISE;Administrative districts;03102;Salzgitter, kreisfreie Stadt;104433;number;BEVSTD;Population;e
12411;Current updating of population figures;STAG;Reference date;2017-12-31;KREISE;Administrative districts;14383;Muldentalkreis (until 2008-07-31);-;number;BEVSTD;Population;
12411;Current updating of population figures;STAG;Reference date;2021-12-31;KREISE;Administrative districts;09174;Dachau, Landkreis;155449;number;BEVSTD;Population;e
12411;Current updating of population figures;STAG;Reference date;2025-12-31;KREISE;Administrative districts;12064;Märkisch-Oderland, Landkreis;197192;number;BEVSTD;Population;e
12411;Current updating of population figures;STAG;Reference date;2021-12-31;KREISE;Administrative districts;01059;Schleswig-Flensburg, Landkreis;203799;number;BEVSTD;Population;e
12411;Current updating of population figures;STAG;Reference date;2018-12-31;KREISE;Administrative districts;12067;Oder-Spree, Landkreis;178658;number;BEVSTD;Population;e
12411;Current updating of population figures;STAG;Reference date;2020-12-31;KREISE;Administrative districts;05378;Rheinisch-Bergischer Kreis;283275;number;BEVSTD;Population;e
12411;Current updating of population figures;STAG;Reference date;2019-12-31;KREISE;Administrative districts;07332;Bad Dürkheim, Landkreis;132671;number;BEVSTD;Population;e
12411;Current updating of population figures;STAG;Reference date;2016-12-31;KREISE;Administrative districts;07235;Trier-Saarburg, Landkreis;147833;number;BEVSTD;Population;e
12411;Current updating of population figures;STAG;Reference date;2024-12-31;KREISE;Administrative districts;08125;Heilbronn, Landkreis;353877;number;BEVSTD;Population;e
12411;Current updating of population figures;STAG;Reference date;2017-12-31;KREISE;Administrative districts;05158;Mettmann, Landkreis;485409;number;BEVSTD;Population;e
12411;Current updating of population figures;STAG;Reference date;2020-12-31;KREISE;Administrative districts;14511;Chemnitz, kreisfreie Stadt;244401;number;BEVSTD;Population;e
12411;Current updating of population figures;STAG;Reference date;2023-12-31;KREISE;Administrative districts;10041;Regionalverband Saarbrücken, Landkreis;332416;number;BEVSTD;Population;e
12411;Current updating of population figures;STAG;Reference date;2017-12-31;KREISE;Administrative districts;15370;Altmarkkreis Salzwedel (until 2007-06-30);-;number;BEVSTD;Population;
12411;Current updating of population figures;STAG;Reference date;2017-12-31;KREISE;Administrative districts;02000;Hamburg, kreisfreie Stadt;1830584;number;BEVSTD;Population;e
12411;Current updating of population figures;STAG;Reference date;2017-12-31;KREISE;Administrative districts;07315;Mainz, kreisfreie Stadt;215110;number;BEVSTD;Population;e
12411;Current updating of population figures;STAG;Reference date;2024-12-31;KREISE;Administrative districts;03459;Osnabrück, Landkreis;354821;number;BEVSTD;Population;e
12411;Current updating of population figures;STAG;Reference date;2017-12-31;KREISE;Administrative districts;09462;Bayreuth, kreisfreie Stadt;73999;number;BEVSTD;Population;e
12411;Current updating of population figures;STAG;Reference date;2018-12-31;KREISE;Administrative districts;07132;Altenkirchen (Westerwald), Landkreis;128705;number;BEVSTD;Population;e
12411;Current updating of population figures;STAG;Reference date;2025-12-31;KREISE;Administrative districts;08325;Rottweil, Landkreis;139724;number;BEVSTD;Population;e
12411;Current updating of population figures;STAG;Reference date;2016-12-31;KREISE;Administrative districts;09778;Unterallgäu, Landkreis;141165;number;BEVSTD;Population;e
12411;Current updating of population figures;STAG;Reference date;2020-12-31;KREISE;Administrative districts;07320;Zweibrücken, kreisfreie Stadt;34001;number;BEVSTD;Population;e
12411;Current updating of population figures;STAG;Reference date;2023-12-31;KREISE;Administrative districts;15369;Wernigerode, Landkreis (until 2007-06-30);-;number;BEVSTD;Population;
12411;Current updating of population figures;STAG;Reference date;2021-12-31;KREISE;Administrative districts;12051;Brandenburg an der Havel, kreisfreie Stadt;72461;number;BEVSTD;Population;e
12411;Current updating of population figures;STAG;Reference date;2016-12-31;KREISE;Administrative districts;09262;Passau, kreisfreie Stadt;51074;number;BEVSTD;Population;e
12411;Current updating of population figures;STAG;Reference date;2025-12-31;KREISE;Administrative districts;14379;Leipziger Land, Landkreis (until 2008-07-31);-;number;BEVSTD;Population;
12411;Current updating of population figures;STAG;Reference date;2020-12-31;KREISE;Administrative districts;07333;Donnersbergkreis;75539;number;BEVSTD;Population;e
12411;Current updating of population figures;STAG;Reference date;2021-12-31;KREISE;Administrative districts;15089;Salzlandkreis;185495;number;BEVSTD;Population;e
12411;Current updating of population figures;STAG;Reference date;2025-12-31;KREISE;Administrative districts;03156;Osterode am Harz, Landkreis (until 2016-10-31);-;number;BEVSTD;Population;
12411;Current updating of population figures;STAG;Reference date;2022-12-31;KREISE;Administrative districts;03153;Goslar, Landkreis;127856;number;BEVSTD;Population;e
12411;Current updating of population figures;STAG;Reference date;2024-12-31;KREISE;Administrative districts;16073;Saalfeld-Rudolstadt, Landkreis;100105;number;BEVSTD;Population;e
12411;Current updating of population figures;STAG;Reference date;2019-12-31;KREISE;Administrative districts;05162;Rhein-Kreis Neuss;451730;number;BEVSTD;Population;e
12411;Current updating of population figures;STAG;Reference date;2018-12-31;KREISE;Administrative districts;11000;Berlin, kreisfreie Stadt;3644826;number;BEVSTD;Population;e
12411;Current updating of population figures;STAG;Reference date;2023-12-31;KREISE;Administrative districts;03353;Harburg, Landkreis;264767;number;BEVSTD;Population;e
12411;Current updating of population figures;STAG;Reference date;2022-12-31;KREISE;Administrative districts;09773;Dillingen an der Donau, Landkreis;97430;number;BEVSTD;Population;e
12411;Current updating of population figures;STAG;Reference date;2018-12-31;KREISE;Administrative districts;05358;Düren, Landkreis;263722;number;BEVSTD;Population;e
12411;Current updating of population figures;STAG;Reference date;2018-12-31;KREISE;Administrative districts;13053;Güstrow, Landkreis (until 2011-09-03);-;number;BEVSTD;Population;
12411;Current updating of population figures;STAG;Reference date;2019-12-31;KREISE;Administrative districts;05558;Coesfeld, Landkreis;220586;number;BEVSTD;Population;e
12411;Current updating of population figures;STAG;Reference date;2019-12-31;KREISE;Administrative districts;09181;Landsberg am Lech, Landkreis;120302;number;BEVSTD;Population;e
12411;Current updating of population figures;STAG;Reference date;2017-12-31;KREISE;Administrative districts;05515;Münster, kreisfreie Stadt;313559;number;BEVSTD;Population;e
12411;Current updating of population figures;STAG;Reference date;2019-12-31;KREISE;Administrative districts;08125;Heilbronn, Landkreis;344456;number;BEVSTD;Population;e
12411;Current updating of population figures;STAG;Reference date;2022-12-31;KREISE;Administrative districts;14171;Annaberg, Landkreis (until 2008-07-31);-;number;BEVSTD;Population;
12411;Current updating of population figures;STAG;Reference date;2021-12-31;KREISE;Administrative districts;09190;Weilheim-Schongau, Landkreis;136642;number;BEVSTD;Population;e
12411;Current updating of population figures;STAG;Reference date;2016-12-31;KREISE;Administrative districts;05315;Köln, kreisfreie Stadt;1075935;number;BEVSTD;Population;e
12411;Current updating of population figures;STAG;Reference date;2025-12-31;KREISE;Administrative districts;15088;Saalekreis;181327;number;BEVSTD;Population;e
12411;Current updating of population figures;STAG;Reference date;2020-12-31;KREISE;Administrative districts;13076;Ludwigslust-Parchim, Landkreis;211844;number;BEVSTD;Population;e
12411;Current updating of population figures;STAG;Reference date;2025-12-31;KREISE;Administrative districts;09763;Kempten (Allgäu), kreisfreie Stadt;67916;number;BEVSTD;Population;e
12411;Current updating of population figures;STAG;Reference date;2024-12-31;KREISE;Administrative districts;07140;Rhein-Hunsrück-Kreis;106705;number;BEVSTD;Population;e
12411;Current updating of population figures;STAG;Reference date;2020-12-31;KREISE;Administrative districts;08425;Alb-Donau-Kreis;198204;number;BEVSTD;Population;e
12411;Current updating of population figures;STAG;Reference date;2024-12-31;KREISE;Administrative districts;12054;Potsdam, kreisfreie Stadt;184754;number;BEVSTD;Population;e
12411;Current updating of population figures;STAG;Reference date;2019-12-31;KREISE;Administrative districts;15303;Magdeburg, kreisfreie Stadt (until 2007-06-30);-;number;BEVSTD;Population;
12411;Current updating of population figures;STAG;Reference date;2025-12-31;KREISE;Administrative districts;07340;Südwestpfalz, Landkreis;89402;number;BEVSTD;Population;e
12411;Current updating of population figures;STAG;Reference date;2021-12-31;KREISE;Administrative districts;09573;Fürth, Landkreis;119432;number;BEVSTD;Population;e
12411;Current updating of population figures;STAG;Reference date;2019-12-31;KREISE;Administrative districts;03255;Holzminden, Landkreis;70458;number;BEVSTD;Population;e
12411;Current updating of population figures;STAG;Reference date;2020-12-31;KREISE;Administrative districts;14167;Zwickau, kreisfreie Stadt (until 2008-07-31);-;number;BEVSTD;Population;
12411;Current updating of population figures;STAG;Reference date;2023-12-31;KREISE;Administrative districts;07336;Kusel, Landkreis;69846;number;BEVSTD;Population;e
12411;Current updating of population figures;STAG;Reference date;2020-12-31;KREISE;Administrative districts;09373;Neumarkt in der Oberpfalz, Landkreis;135225;number;BEVSTD;Population;e
12411;Current updating of population figures;STAG;Reference date;2019-12-31;KREISE;Administrative districts;05915;Hamm, kreisfreie Stadt;179916;number;BEVSTD;Population;e
12411;Current updating of population figures;STAG;Reference date;2017-12-31;KREISE;Administrative districts;09475;Hof, Landkreis;95773;number;BEVSTD;Population;e
12411;Current updating of population figures;STAG;Reference date;2022-12-31;KREISE;Administrative districts;09679;Würzburg, Landkreis;160240;number;BEVSTD;Population;e
12411;Current updating of population figures;STAG;Reference date;2024-12-31;KREISE;Administrative districts;06432;Darmstadt-Dieburg, Landkreis;302021;number;BEVSTD;Population;e
12411;Current updating of population figures;STAG;Reference date;2024-12-31;KREISE;Administrative districts;12067;Oder-Spree, Landkreis;179817;number;BEVSTD;Population;e
12411;Current updating of population figures;STAG;Reference date;2025-12-31;KREISE;Administrative districts;07233;Vulkaneifel, Landkreis;59160;number;BEVSTD;Population;e
12411;Current updating of population figures;STAG;Reference date;2022-12-31;KREISE;Administrative districts;06415;Hanau, kreisfreie Stadt;-;number;BEVSTD;Population;
12411;Current updating of population figures;STAG;Reference date;2018-12-31;KREISE;Administrative districts;16052;Gera, kreisfreie Stadt;94152;number;BEVSTD;Population;e
12411;Current updating of population figures;STAG;Reference date;2016-12-31;KREISE;Administrative districts;09275;Passau, Landkreis;188904;number;BEVSTD;Population;e
12411;Current updating of population figures;STAG;Reference date;2023-12-31;KREISE;Administrative districts;14264;Hoyerswerda, kreisfreie Stadt (until 2008-07-31);-;number;BEVSTD;Population;
12411;Current updating of population figures;STAG;Reference date;2025-12-31;KREISE;Administrative districts;06632;Hersfeld-Rotenburg, Landkreis;116906;number;BEVSTD;Population;e
12411;Current updating of population figures;STAG;Reference date;2018-12-31;KREISE;Administrative districts;16065;Kyffhäuserkreis;75009;number;BEVSTD;Population;e
12411;Current updating of population figures;STAG;Reference date;2017-12-31;KREISE;Administrative districts;03452;Aurich, Landkreis;189949;number;BEVSTD;Population;e
12411;Current updating of population figures;STAG;Reference date;2018-12-31;KREISE;Administrative districts;01001;Flensburg, kreisfreie Stadt;89504;number;BEVSTD;Population;e
12411;Current updating of population figures;STAG;Reference date;2018-12-31;KREISE;Administrative districts;06437;Odenwaldkreis;96798;number;BEVSTD;Population;e
12411;Current updating of population figures;STAG;Reference date;2022-12-31;KREISE;Administrative districts;09176;Eichstätt, Landkreis;134201;number;BEVSTD;Population;e
12411;Current updating of population figures;STAG;Reference date;2022-12-31;KREISE;Administrative districts;06534;Marburg-Biedenkopf, Landkreis;242197;number;BEVSTD;Population;e
12411;Current updating of population figures;STAG;Reference date;2017-12-31;KREISE;Administrative districts;14171;Annaberg, Landkreis (until 2008-07-31);-;number;BEVSTD;Population;
12411;Current updating of population figures;STAG;Reference date;2020-12-31;KREISE;Administrative districts;16074;Saale-Holzland-Kreis;82816;number;BEVSTD;Population;e
12411;Current updating of population figures;STAG;Reference date;2018-12-31;KREISE;Administrative districts;05954;Ennepe-Ruhr-Kreis;324296;number;BEVSTD;Population;e
12411;Current updating of population figures;STAG;Reference date;2016-12-31;KREISE;Administrative districts;08326;Schwarzwald-Baar-Kreis;210084;number;BEVSTD;Population;e
12411;Current updating of population figures;STAG;Reference date;2025-12-31;KREISE;Administrative districts;09274;Landshut, Landkreis;162624;number;BEVSTD;Population;e
12411;Current updating of population figures;STAG;Reference date;2023-12-31;KREISE;Administrative districts;11000;Berlin, kreisfreie Stadt;3662381;number;BEVSTD;Population;e
12411;Current updating of population figures;STAG;Reference date;2024-12-31;KREISE;Administrative districts;09180;Garmisch-Partenkirchen, Landkreis;89296;number;BEVSTD;Population;e
12411;Current updating of population figures;STAG;Reference date;2025-12-31;KREISE;Administrative districts;09777;Ostallgäu, Landkreis;142065;number;BEVSTD;Population;e
12411;Current updating of population figures;STAG;Reference date;2019-12-31;KREISE;Administrative districts;12054;Potsdam, kreisfreie Stadt;180334;number;BEVSTD;Population;e
12411;Current updating of population figures;STAG;Reference date;2023-12-31;KREISE;Administrative districts;09377;Tirschenreuth, Landkreis;72545;number;BEVSTD;Population;e
12411;Current updating of population figures;STAG;Reference date;2020-12-31;KREISE;Administrative districts;09279;Dingolfing-Landau, Landkreis;97244;number;BEVSTD;Population;e
12411;Current updating of population figures;STAG;Reference date;2022-12-31;KREISE;Administrative districts;06414;Wiesbaden, kreisfreie Stadt;284787;number;BEVSTD;Population;e
12411;Current updating of population figures;STAG;Reference date;2016-12-31;KREISE;Administrative districts;03251;Diepholz, Landkreis;215082;number;BEVSTD;Population;e
12411;Current updating of population figures;STAG;Reference date;2016-12-31;KREISE;Administrative districts;05554;Borken, Landkreis;369226;number;BEVSTD;Population;e
12411;Current updating of population figures;STAG;Reference date;2016-12-31;KREISE;Administrative districts;15089;Salzlandkreis;194575;number;BEVSTD;Population;e
12411;Current updating of population figures;STAG;Reference date;2016-12-31;KREISE;Administrative districts;05911;Bochum, kreisfreie Stadt;364920;number;BEVSTD;Population;e
12411;Current updating of population figures;STAG;Reference date;2020-12-31;KREISE;Administrative districts;16061;Eichsfeld, Landkreis;99463;number;BEVSTD;Population;e
12411;Current updating of population figures;STAG;Reference date;2019-12-31;KREISE;Administrative districts;06636;Werra-Meißner-Kreis;100629;number;BEVSTD;Population;e
12411;Current updating of population figures;STAG;Reference date;2017-12-31;KREISE;Administrative districts;01055;Ostholstein, Landkreis;200584;number;BEVSTD;Population;e
12411;Current updating of population figures;STAG;Reference date;2018-12-31;KREISE;Administrative districts;15369;Wernigerode, Landkreis (until 2007-06-30);-;number;BEVSTD;Population;
12411;Current updating of population figures;STAG;Reference date;2016-12-31;KREISE;Administrative districts;12051;Brandenburg an der Havel, kreisfreie Stadt;71664;number;BEVSTD;Population;e
12411;Current updating of population figures;STAG;Reference date;2024-12-31;KREISE;Administrative districts;09576;Roth, Landkreis;128632;number;BEVSTD;Population;e
12411;Current updating of population figures;STAG;Reference date;2024-12-31;KREISE;Administrative districts;15352;Aschersleben-Staßfurt, Landkreis (until 2007-06-30;-;number;BEVSTD;Population;
12411;Current updating of population figures;STAG;Reference date;2016-12-31;KREISE;Administrative districts;12064;Märkisch-Oderland, Landkreis;191685;number;BEVSTD;Population;e
12411;Current updating of population figures;STAG;Reference date;2018-12-31;KREISE;Administrative districts;06411;Darmstadt, kreisfreie Stadt;159207;number;BEVSTD;Population;e
12411;Current updating of population figures;STAG;Reference date;2019-12-31;KREISE;Administrative districts;09180;Garmisch-Partenkirchen, Landkreis;88424;number;BEVSTD;Population;e
12411;Current updating of population figures;STAG;Reference date;2019-12-31;KREISE;Administrative districts;08126;Hohenlohekreis;112655;number;BEVSTD;Population;e
12411;Current updating of population figures;STAG;Reference date;2024-12-31;KREISE;Administrative districts;09563;Fürth, kreisfreie Stadt;132036;number;BEVSTD;Population;e
12411;Current updating of population figures;STAG;Reference date;2021-12-31;KREISE;Administrative districts;07319;Worms, kreisfreie Stadt;83850;number;BEVSTD;Population;e
12411;Current updating of population figures;STAG;Reference date;2025-12-31;KREISE;Administrative districts;15087;Mansfeld-Südharz, Landkreis;127668;number;BEVSTD;Population;e
12411;Current updating of population figures;STAG;Reference date;2019-12-31;KREISE;Administrative districts;12067;Oder-Spree, Landkreis;178803;number;BEVSTD;Population;e
12411;Current updating of population figures;STAG;Reference date;2022-12-31;KREISE;Administrative districts;09163;Rosenheim, kreisfreie Stadt;63641;number;BEVSTD;Population;e
12411;Current updating of population figures;STAG;Reference date;2025-12-31;KREISE;Administrative districts;09764;Memmingen, kreisfreie Stadt;44378;number;BEVSTD;Population;e
12411;Current updating of population figures;STAG;Reference date;2018-12-31;KREISE;Administrative districts;08116;Esslingen, Landkreis;533859;number;BEVSTD;Population;e
12411;Current updating of population figures;STAG;Reference date;2022-12-31;KREISE;Administrative districts;03403;Oldenburg (Oldenburg), kreisfreie Stadt;174445;number;BEVSTD;Population;e
12411;Current updating of population figures;STAG;Reference date;2022-12-31;KREISE;Administrative districts;15370;Altmarkkreis Salzwedel (until 2007-06-30);-;number;BEVSTD;Population;
12411;Current updating of population figures;STAG;Reference date;2018-12-31;KREISE;Administrative districts;10041;Regionalverband Saarbrücken, Landkreis;329708;number;BEVSTD;Population;e
12411;Current updating of population figures;STAG;Reference date;2021-12-31;KREISE;Administrative districts;03455;Friesland, Landkreis;98971;number;BEVSTD;Population;e
12411;Current updating of population figures;STAG;Reference date;2018-12-31;KREISE;Administrative districts;06531;Gießen, Landkreis;268876;number;BEVSTD;Population;e
12411;Current updating of population figures;STAG;Reference date;2020-12-31;KREISE;Administrative districts;15090;Stendal, Landkreis;110485;number;BEVSTD;Population;e
12411;Current updating of population figures;STAG;Reference date;2016-12-31;KREISE;Administrative districts;06634;Schwalm-Eder-Kreis;181105;number;BEVSTD;Population;e
12411;Current updating of population figures;STAG;Reference date;2021-12-31;KREISE;Administrative districts;08121;Heilbronn, kreisfreie Stadt;125613;number;BEVSTD;Population;e
12411;Current updating of population figures;STAG;Reference date;2017-12-31;KREISE;Administrative districts;03358;Heidekreis;139099;number;BEVSTD;Population;e
12411;Current updating of population figures;STAG;Reference date;2018-12-31;KREISE;Administrative districts;09377;Tirschenreuth, Landkreis;72504;number;BEVSTD;Population;e
12411;Current updating of population figures;STAG;Reference date;2020-12-31;KREISE;Administrative districts;14262;Dresden, kreisfreie Stadt (until 2008-07-31);-;number;BEVSTD;Population;
12411;Current updating of population figures;STAG;Reference date;2019-12-31;KREISE;Administrative districts;09576;Roth, Landkreis;126749;number;BEVSTD;Population;e
12411;Current updating of population figures;STAG;Reference date;2025-12-31;KREISE;Administrative districts;08311;Freiburg im Breisgau, kreisfreie Stadt;238299;number;BEVSTD;Population;e
12411;Current updating of population figures;STAG;Reference date;2020-12-31;KREISE;Administrative districts;05916;Herne, kreisfreie Stadt;156940;number;BEVSTD;Population;e
12411;Current updating of population figures;STAG;Reference date;2016-12-31;KREISE;Administrative districts;03157;Peine, Landkreis;132979;number;BEVSTD;Population;e
12411;Current updating of population figures;STAG;Reference date;2020-12-31;KREISE;Administrative districts;03256;Nienburg (Weser), Landkreis;121645;number;BEVSTD;Population;e
12411;Current updating of population figures;STAG;Reference date;2024-12-31;KREISE;Administrative districts;05114;Krefeld, kreisfreie Stadt;231406;number;BEVSTD;Population;e
12411;Current updating of population figures;STAG;Reference date;2023-12-31;KREISE;Administrative districts;13052;Demmin, Landkreis (until 2011-09-03);-;number;BEVSTD;Population;
12411;Current updating of population figures;STAG;Reference date;2020-12-31;KREISE;Administrative districts;06611;Kassel, kreisfreie Stadt;201048;number;BEVSTD;Population;e
12411;Current updating of population figures;STAG;Reference date;2024-12-31;KREISE;Administrative districts;05354;Aachen, Landkreis (until 2009-10-20);-;number;BEVSTD;Population;
12411;Current updating of population figures;STAG;Reference date;2022-12-31;KREISE;Administrative districts;08215;Karlsruhe, Landkreis;453378;number;BEVSTD;Population;e
12411;Current updating of population figures;STAG;Reference date;2025-12-31;KREISE;Administrative districts;05313;Aachen, kreisfreie Stadt (until 2009-10-20);-;number;BEVSTD;Population;
12411;Current updating of population figures;STAG;Reference date;2025-12-31;KREISE;Administrative districts;05566;Steinfurt, Landkreis;451004;number;BEVSTD;Population;e
12411;Current updating of population figures;STAG;Reference date;2020-12-31;KREISE;Administrative districts;07334;Germersheim, Landkreis;129006;number;BEVSTD;Population;e
12411;Current updating of population figures;STAG;Reference date;2025-12-31;KREISE;Administrative districts;05170;Wesel, Landkreis;457020;number;BEVSTD;Population;e
12411;Current updating of population figures;STAG;Reference date;2018-12-31;KREISE;Administrative districts;09471;Bamberg, Landkreis;147086;number;BEVSTD;Population;e
12411;Current updating of population figures;STAG;Reference date;2022-12-31;KREISE;Administrative districts;09189;Traunstein, Landkreis;170984;number;BEVSTD;Population;e
12411;Current updating of population figures;STAG;Reference date;2023-12-31;KREISE;Administrative districts;05166;Viersen, Landkreis;297504;number;BEVSTD;Population;e
12411;Current updating of population figures;STAG;Reference date;2022-12-31;KREISE;Administrative districts;08335;Konstanz, Landkreis;289613;number;BEVSTD;Population;e
12411;Current updating of population figures;STAG;Reference date;2018-12-31;KREISE;Administrative districts;08236;Enzkreis;198905;number;BEVSTD;Population;e
12411;Current updating of population figures;STAG;Reference date;2017-12-31;KREISE;Administrative districts;07314;Ludwigshafen am Rhein, kreisfreie Stadt;168497;number;BEVSTD;Population;e
12411;Current updating of population figures;STAG;Reference date;2019-12-31;KREISE;Administrative districts;09563;Fürth, kreisfreie Stadt;128497;number;BEVSTD;Population;e
12411;Current updating of population figures;STAG;Reference date;2025-12-31;KREISE;Administrative districts;09261;Landshut, kreisfreie Stadt;71922;number;BEVSTD;Population;e
12411;Current updating of population figures;STAG;Reference date;2021-12-31;KREISE;Administrative districts;12064;Märkisch-Oderland, Landkreis;197965;number;BEVSTD;Population;e
12411;Current updating of population figures;STAG;Reference date;2023-12-31;KREISE;Administrative districts;01062;Stormarn, Landkreis;246201;number;BEVSTD;Population;e
12411;Current updating of population figures;STAG;Reference date;2018-12-31;KREISE;Administrative districts;16066;Schmalkalden-Meiningen, Landkreis;122347;number;BEVSTD;Population;e
12411;Current updating of population figures;STAG;Reference date;2016-12-31;KREISE;Administrative districts;09261;Landshut, kreisfreie Stadt;70025;number;BEVSTD;Population;e
12411;Current updating of population figures;STAG;Reference date;2019-12-31;KREISE;Administrative districts;07211;Trier, kreisfreie Stadt;111528;number;BEVSTD;Population;e
12411;Current updating of population figures;STAG;Reference date;2019-12-31;KREISE;Administrative districts;07331;Alzey-Worms, Landkreis;129687;number;BEVSTD;Population;e
12411;Current updating of population figures;STAG;Reference date;2024-12-31;KREISE;Administrative districts;08126;Hohenlohekreis;115644;number;BEVSTD;Population;e
12411;Current updating of population figures;STAG;Reference date;2025-12-31;KREISE;Administrative districts;03251;Diepholz, Landkreis;221384;number;BEVSTD;Population;e
12411;Current updating of population figures;STAG;Reference date;2017-12-31;KREISE;Administrative districts;09474;Forchheim, Landkreis;115681;number;BEVSTD;Population;e
12411;Current updating of population figures;STAG;Reference date;2020-12-31;KREISE;Administrative districts;05558;Coesfeld, Landkreis;220712;number;BEVSTD;Population;e
12411;Current updating of population figures;STAG;Reference date;2017-12-31;KREISE;Administrative districts;07316;Neustadt an der Weinstraße, kreisfreie Stadt;53353;number;BEVSTD;Population;e
12411;Current updating of population figures;STAG;Reference date;2025-12-31;KREISE;Administrative districts;08326;Schwarzwald-Baar-Kreis;213680;number;BEVSTD;Population;e
12411;Current updating of population figures;STAG;Reference date;2021-12-31;KREISE;Administrative districts;05122;Solingen, kreisfreie Stadt;158957;number;BEVSTD;Population;e
12411;Current updating of population figures;STAG;Reference date;2018-12-31;KREISE;Administrative districts;07131;Ahrweiler, Landkreis;129727;number;BEVSTD;Population;e
12411;Current updating of population figures;STAG;Reference date;2016-12-31;KREISE;Administrative districts;09777;Ostallgäu, Landkreis;138265;number;BEVSTD;Population;e
12411;Current updating of population figures;STAG;Reference date;2016-12-31;KREISE;Administrative districts;09274;Landshut, Landkreis;155442;number;BEVSTD;Population;e
12411;Current updating of population figures;STAG;Reference date;2016-12-31;KREISE;Administrative districts;15171;Wittenberg, Landkreis (until 2007-06-30);-;number;BEVSTD;Population;
12411;Current updating of population figures;STAG;Reference date;2024-12-31;KREISE;Administrative districts;14713;Leipzig, kreisfreie Stadt;611850;number;BEVSTD;Population;e
12411;Current updating of population figures;STAG;Reference date;2021-12-31;KREISE;Administrative districts;03457;Leer, Landkreis;172421;number;BEVSTD;Population;e
12411;Current updating of population figures;STAG;Reference date;2021-12-31;KREISE;Administrative districts;09572;Erlangen-Höchstadt, Landkreis;139323;number;BEVSTD;Population;e
12411;Current updating of population figures;STAG;Reference date;2020-12-31;KREISE;Administrative districts;03257;Schaumburg, Landkreis;158406;number;BEVSTD;Population;e
12411;Current updating of population figures;STAG;Reference date;2018-12-31;KREISE;Administrative districts;13054;Ludwigslust, Landkreis (until 2011-09-03);-;number;BEVSTD;Population;
12411;Current updating of population figures;STAG;Reference date;2022-12-31;KREISE;Administrative districts;07231;Bernkastel-Wittlich, Landkreis;113299;number;BEVSTD;Population;e
12411;Current updating of population figures;STAG;Reference date;2022-12-31;KREISE;Administrative districts;03152;Göttingen, Landkreis (until 2016-10-31);-;number;BEVSTD;Population;
12411;Current updating of population figures;STAG;Reference date;2016-12-31;KREISE;Administrative districts;03159;Göttingen, Landkreis;327065;number;BEVSTD;Population;e
12411;Current updating of population figures;STAG;Reference date;2023-12-31;KREISE;Administrative districts;03352;Cuxhaven, Landkreis;199390;number;BEVSTD;Population;e
12411;Current updating of population figures;STAG;Reference date;2017-12-31;KREISE;Administrative districts;09461;Bamberg, kreisfreie Stadt;77179;number;BEVSTD;Population;e
12411;Current updating of population figures;STAG;Reference date;2022-12-31;KREISE;Administrative districts;07111;Koblenz, kreisfreie Stadt;113294;number;BEVSTD;Population;e
12411;Current updating of population figures;STAG;Reference date;2022-12-31;KREISE;Administrative districts;09772;Augsburg, Landkreis;259302;number;BEVSTD;Population;e
12411;Current updating of population figures;STAG;Reference date;2023-12-31;KREISE;Administrative districts;15355;Bördekreis (until 2007-06-30);-;number;BEVSTD;Population;
12411;Current updating of population figures;STAG;Reference date;2024-12-31;KREISE;Administrative districts;16061;Eichsfeld, Landkreis;103694;number;BEVSTD;Population;e
12411;Current updating of population figures;STAG;Reference date;2020-12-31;KREISE;Administrative districts;08426;Biberach, Landkreis;202250;number;BEVSTD;Population;e
12411;Current updating of population figures;STAG;Reference date;2024-12-31;KREISE;Administrative districts;09671;Aschaffenburg, Landkreis;170945;number;BEVSTD;Population;e
12411;Current updating of population figures;STAG;Reference date;2023-12-31;KREISE;Administrative districts;14383;Muldentalkreis (until 2008-07-31);-;number;BEVSTD;Population;
12411;Current updating of population figures;STAG;Reference date;2024-12-31;KREISE;Administrative districts;05962;Märkischer Kreis;408046;number;BEVSTD;Population;e
12411;Current updating of population figures;STAG;Reference date;2022-12-31;KREISE;Administrative districts;14292;Kamenz, Landkreis (until 2008-07-31);-;number;BEVSTD;Population;
12411;Current updating of population figures;STAG;Reference date;2020-12-31;KREISE;Administrative districts;14166;Plauen, kreisfreie Stadt (until 2008-07-31);-;number;BEVSTD;Population;
12411;Current updating of population figures;STAG;Reference date;2017-12-31;KREISE;Administrative districts;05120;Remscheid, kreisfreie Stadt;110584;number;BEVSTD;Population;e
12411;Current updating of population figures;STAG;Reference date;2023-12-31;KREISE;Administrative districts;07335;Kaiserslautern, Landkreis;106082;number;BEVSTD;Population;e
12411;Current updating of population figures;STAG;Reference date;2020-12-31;KREISE;Administrative districts;09374;Neustadt an der Waldnaab, Landkreis;94645;number;BEVSTD;Population;e
12411;Current updating of population figures;STAG;Reference date;2025-12-31;KREISE;Administrative districts;09179;Fürstenfeldbruck, Landkreis;218580;number;BEVSTD;Population;e
12411;Current updating of population figures;STAG;Reference date;2019-12-31;KREISE;Administrative districts;09182;Miesbach, Landkreis;100010;number;BEVSTD;Population;e
12411;Current updating of population figures;STAG;Reference date;2020-12-31;KREISE;Administrative districts;09361;Amberg, kreisfreie Stadt;42052;number;BEVSTD;Population;e
12411;Current updating of population figures;STAG;Reference date;2016-12-31;KREISE;Administrative districts;05314;Bonn, kreisfreie Stadt;322125;number;BEVSTD;Population;e
12411;Current updating of population figures;STAG;Reference date;2025-12-31;KREISE;Administrative districts;15089;Salzlandkreis;178773;number;BEVSTD;Population;e
12411;Current updating of population figures;STAG;Reference date;2023-12-31;KREISE;Administrative districts;09471;Bamberg, Landkreis;148017;number;BEVSTD;Population;e
12411;Current updating of population figures;STAG;Reference date;2025-12-31;KREISE;Administrative districts;09762;Kaufbeuren, kreisfreie Stadt;46282;number;BEVSTD;Population;e
12411;Current updating of population figures;STAG;Reference date;2020-12-31;KREISE;Administrative districts;13075;Vorpommern-Greifswald, Landkreis;235773;number;BEVSTD;Population;e
12411;Current updating of population figures;STAG;Reference date;2025-12-31;KREISE;Administrative districts;06633;Kassel, Landkreis;230063;number;BEVSTD;Population;e
12411;Current updating of population figures;STAG;Reference date;2021-12-31;KREISE;Administrative districts;05362;Rhein-Erft-Kreis;471891;number;BEVSTD;Population;e
12411;Current updating of population figures;STAG;Reference date;2021-12-31;KREISE;Administrative districts;09478;Lichtenfels, Landkreis;66741;number;BEVSTD;Population;e
12411;Current updating of population figures;STAG;Reference date;2021-12-31;KREISE;Administrative districts;05758;Herford, Landkreis;250635;number;BEVSTD;Population;e
12411;Current updating of population figures;STAG;Reference date;2020-12-31;KREISE;Administrative districts;13062;Uecker-Randow, Landkreis (until 2011-09-03);-;number;BEVSTD;Population;
12411;Current updating of population figures;STAG;Reference date;2016-12-31;KREISE;Administrative districts;08421;Ulm, kreisfreie Stadt;123953;number;BEVSTD;Population;e
12411;Current updating of population figures;STAG;Reference date;2022-12-31;KREISE;Administrative districts;07137;Mayen-Koblenz, Landkreis;216056;number;BEVSTD;Population;e
12411;Current updating of population figures;STAG;Reference date;2019-12-31;KREISE;Administrative districts;03256;Nienburg (Weser), Landkreis;121390;number;BEVSTD;Population;e
12411;Current updating of population figures;STAG;Reference date;2019-12-31;KREISE;Administrative districts;14713;Leipzig, kreisfreie Stadt;593145;number;BEVSTD;Population;e
12411;Current updating of population figures;STAG;Reference date;2018-12-31;KREISE;Administrative districts;15355;Bördekreis (until 2007-06-30);-;number;BEVSTD;Population;
12411;Current updating of population figures;STAG;Reference date;2022-12-31;KREISE;Administrative districts;09678;Schweinfurt, Landkreis;114749;number;BEVSTD;Population;e
12411;Current updating of population figures;STAG;Reference date;2024-12-31;KREISE;Administrative districts;12068;Ostprignitz-Ruppin, Landkreis;99152;number;BEVSTD;Population;e
12411;Current updating of population figures;STAG;Reference date;2024-12-31;KREISE;Administrative districts;06431;Bergstraße, Landkreis;274169;number;BEVSTD;Population;e
12411;Current updating of population figures;STAG;Reference date;2020-12-31;KREISE;Administrative districts;05162;Rhein-Kreis Neuss;452001;number;BEVSTD;Population;e
12411;Current updating of population figures;STAG;Reference date;2018-12-31;KREISE;Administrative districts;16053;Jena, kreisfreie Stadt;111407;number;BEVSTD;Population;e
12411;Current updating of population figures;STAG;Reference date;2023-12-31;KREISE;Administrative districts;14263;Görlitz, kreisfreie Stadt (until 2008-07-31);-;number;BEVSTD;Population;
12411;Current updating of population figures;STAG;Reference date;2024-12-31;KREISE;Administrative districts;15090;Stendal, Landkreis;106538;number;BEVSTD;Population;e
12411;Current updating of population figures;STAG;Reference date;2025-12-31;KREISE;Administrative districts;09273;Kelheim, Landkreis;126321;number;BEVSTD;Population;e
12411;Current updating of population figures;STAG;Reference date;2024-12-31;KREISE;Administrative districts;09181;Landsberg am Lech, Landkreis;122107;number;BEVSTD;Population;e
12411;Current updating of population figures;STAG;Reference date;2019-12-31;KREISE;Administrative districts;09671;Aschaffenburg, Landkreis;174200;number;BEVSTD;Population;e
12411;Current updating of population figures;STAG;Reference date;2025-12-31;KREISE;Administrative districts;07235;Trier-Saarburg, Landkreis;148645;number;BEVSTD;Population;e
12411;Current updating of population figures;STAG;Reference date;2017-12-31;KREISE;Administrative districts;14292;Kamenz, Landkreis (until 2008-07-31);-;number;BEVSTD;Population;
12411;Current updating of population figures;STAG;Reference date;2016-12-31;KREISE;Administrative districts;03252;Hameln-Pyrmont, Landkreis;148265;number;BEVSTD;Population;e
12411;Current updating of population figures;STAG;Reference date;2018-12-31;KREISE;Administrative districts;08222;Mannheim, kreisfreie Stadt;309370;number;BEVSTD;Population;e
12411;Current updating of population figures;STAG;Reference date;2018-12-31;KREISE;Administrative districts;06436;Main-Taunus-Kreis;237735;number;BEVSTD;Population;e
12411;Current updating of population figures;STAG;Reference date;2021-12-31;KREISE;Administrative districts;09479;Wunsiedel im Fichtelgebirge, Landkreis;71482;number;BEVSTD;Population;e
12411;Current updating of population figures;STAG;Reference date;2017-12-31;KREISE;Administrative districts;03451;Ammerland, Landkreis;123377;number;BEVSTD;Population;e
12411;Current updating of population figures;STAG;Reference date;2018-12-31;KREISE;Administrative districts;01002;Kiel, kreisfreie Stadt;247548;number;BEVSTD;Population;e
12411;Current updating of population figures;STAG;Reference date;2022-12-31;KREISE;Administrative districts;06535;Vogelsbergkreis;101545;number;BEVSTD;Population;e
12411;Current updating of population figures;STAG;Reference date;2020-12-31;KREISE;Administrative districts;16075;Saale-Orla-Kreis;79632;number;BEVSTD;Population;e
12411;Current updating of population figures;STAG;Reference date;2024-12-31;KREISE;Administrative districts;09577;Weißenburg-Gunzenhausen, Landkreis;94695;number;BEVSTD;Population;e
12411;Current updating of population figures;STAG;Reference date;2022-12-31;KREISE;Administrative districts;09188;Starnberg, Landkreis;138488;number;BEVSTD;Population;e
12411;Current updating of population figures;STAG;Reference date;2018-12-31;KREISE;Administrative districts;14264;Hoyerswerda, kreisfreie Stadt (until 2008-07-31);-;number;BEVSTD;Population;
12411;Current updating of population figures;STAG;Reference date;2016-12-31;KREISE;Administrative districts;08327;Tuttlingen, Landkreis;138119;number;BEVSTD;Population;e
12411;Current updating of population figures;STAG;Reference date;2016-12-31;KREISE;Administrative districts;12063;Havelland, Landkreis;159685;number;BEVSTD;Population;e
12411;Current updating of population figures;STAG;Reference date;2016-12-31;KREISE;Administrative districts;05170;Wesel, Landkreis;461715;number;BEVSTD;Population;e
12411;Current updating of population figures;STAG;Reference date;2024-12-31;KREISE;Administrative districts;09564;Nürnberg, kreisfreie Stadt;529508;number;BEVSTD;Population;e
12411;Current updating of population figures;STAG;Reference date;2025-12-31;KREISE;Administrative districts;09776;Lindau (Bodensee), Landkreis;82399;number;BEVSTD;Population;e
12411;Current updating of population figures;STAG;Reference date;2019-12-31;KREISE;Administrative districts;08127;Schwäbisch Hall, Landkreis;196761;number;BEVSTD;Population;e
12411;Current updating of population figures;STAG;Reference date;2019-12-31;KREISE;Administrative districts;05914;Hagen, kreisfreie Stadt;188686;number;BEVSTD;Population;e
12411;Current updating of population figures;STAG;Reference date;2016-12-31;KREISE;Administrative districts;05313;Aachen, kreisfreie Stadt (until 2009-10-20);-;number;BEVSTD;Population;
12411;Current updating of population figures;STAG;Reference date;2023-12-31;KREISE;Administrative districts;09472;Bayreuth, Landkreis;103269;number;BEVSTD;Population;e
12411;Current updating of population figures;STAG;Reference date;2022-12-31;KREISE;Administrative districts;09162;München, kreisfreie Stadt;1490516;number;BEVSTD;Population;e
12411;Current updating of population figures;STAG;Reference date;2020-12-31;KREISE;Administrative districts;16062;Nordhausen, Landkreis;82456;number;BEVSTD;Population;e
12411;Current updating of population figures;STAG;Reference date;2019-12-31;KREISE;Administrative districts;06635;Waldeck-Frankenberg, Landkreis;156406;number;BEVSTD;Population;e
12411;Current updating of population figures;STAG;Reference date;2022-12-31;KREISE;Administrative districts;09175;Ebersberg, Landkreis;142205;number;BEVSTD;Population;e
12411;Current updating of population figures;STAG;Reference date;2016-12-31;KREISE;Administrative districts;05566;Steinfurt, Landkreis;444409;number;BEVSTD;Population;e
12411;Current updating of population figures;STAG;Reference date;2020-12-31;KREISE;Administrative districts;14263;Görlitz, kreisfreie Stadt (until 2008-07-31);-;number;BEVSTD;Population;
12411;Current updating of population figures;STAG;Reference date;2019-12-31;KREISE;Administrative districts;09577;Weißenburg-Gunzenhausen, Landkreis;94734;number;BEVSTD;Population;e
12411;Current updating of population figures;STAG;Reference date;2023-12-31;KREISE;Administrative districts;03351;Celle, Landkreis;172871;number;BEVSTD;Population;e
12411;Current updating of population figures;STAG;Reference date;2016-12-31;KREISE;Administrative districts;03158;Wolfenbüttel, Landkreis;120904;number;BEVSTD;Population;e
12411;Current updating of population figures;STAG;Reference date;2018-12-31;KREISE;Administrative districts;08128;Main-Tauber-Kreis;132321;number;BEVSTD;Population;e
12411;Current updating of population figures;STAG;Reference date;2019-12-31;KREISE;Administrative districts;12068;Ostprignitz-Ruppin, Landkreis;98861;number;BEVSTD;Population;e
12411;Current updating of population figures;STAG;Reference date;2025-12-31;KREISE;Administrative districts;03157;Peine, Landkreis;137149;number;BEVSTD;Population;e
12411;Current updating of population figures;STAG;Reference date;2022-12-31;KREISE;Administrative districts;03402;Emden, kreisfreie Stadt;49563;number;BEVSTD;Population;e
12411;Current updating of population figures;STAG;Reference date;2021-12-31;KREISE;Administrative districts;03456;Grafschaft Bentheim, Landkreis;138722;number;BEVSTD;Population;e
12411;Current updating of population figures;STAG;Reference date;2020-12-31;KREISE;Administrative districts;14383;Muldentalkreis (until 2008-07-31);-;number;BEVSTD;Population;
12411;Current updating of population figures;STAG;Reference date;2024-12-31;KREISE;Administrative districts;16074;Saale-Holzland-Kreis;83342;number;BEVSTD;Population;e
12411;Current updating of population figures;STAG;Reference date;2017-12-31;KREISE;Administrative districts;01056;Pinneberg, Landkreis;312662;number;BEVSTD;Population;e
12411;Current updating of population figures;STAG;Reference date;2017-12-31;KREISE;Administrative districts;03357;Rotenburg (Wümme), Landkreis;163377;number;BEVSTD;Population;e
12411;Current updating of population figures;STAG;Reference date;2018-12-31;KREISE;Administrative districts;05119;Oberhausen, kreisfreie Stadt;210829;number;BEVSTD;Population;e
12411;Current updating of population figures;STAG;Reference date;2021-12-31;KREISE;Administrative districts;08135;Heidenheim, Landkreis;132958;number;BEVSTD;Population;e
12411;Current updating of population figures;STAG;Reference date;2018-12-31;KREISE;Administrative districts;08235;Calw, Landkreis;158397;number;BEVSTD;Population;e
12411;Current updating of population figures;STAG;Reference date;2016-12-31;KREISE;Administrative districts;09764;Memmingen, kreisfreie Stadt;43293;number;BEVSTD;Population;e
12411;Current updating of population figures;STAG;Reference date;2020-12-31;KREISE;Administrative districts;05915;Hamm, kreisfreie Stadt;178967;number;BEVSTD;Population;e
12411;Current updating of population figures;STAG;Reference date;2024-12-31;KREISE;Administrative districts;05113;Essen, kreisfreie Stadt;574682;number;BEVSTD;Population;e
12411;Current updating of population figures;STAG;Reference date;2019-12-31;KREISE;Administrative districts;09564;Nürnberg, kreisfreie Stadt;518370;number;BEVSTD;Population;e
12411;Current updating of population figures;STAG;Reference date;2023-12-31;KREISE;Administrative districts;13053;Güstrow, Landkreis (until 2011-09-03);-;number;BEVSTD;Population;
12411;Current updating of population figures;STAG;Reference date;2020-12-31;KREISE;Administrative districts;03351;Celle, Landkreis;179386;number;BEVSTD;Population;e
12411;Current updating of population figures;STAG;Reference date;2021-12-31;KREISE;Administrative districts;12063;Havelland, Landkreis;165906;number;BEVSTD;Population;e
12411;Current updating of population figures;STAG;Reference date;2020-12-31;KREISE;Administrative districts;07335;Kaiserslautern, Landkreis;106320;number;BEVSTD;Population;e
12411;Current updating of population figures;STAG;Reference date;2018-12-31;KREISE;Administrative districts;08115;Böblingen, Landkreis;391640;number;BEVSTD;Population;e
12411;Current updating of population figures;STAG;Reference date;2020-12-31;KREISE;Administrative districts;15101;Dessau, kreisfreie Stadt (until 2007-06-30);-;number;BEVSTD;Population;
12411;Current updating of population figures;STAG;Reference date;2016-12-31;KREISE;Administrative districts;06635;Waldeck-Frankenberg, Landkreis;157967;number;BEVSTD;Population;e
12411;Current updating of population figures;STAG;Reference date;2024-12-31;KREISE;Administrative districts;05366;Euskirchen, Landkreis;202609;number;BEVSTD;Population;e
12411;Current updating of population figures;STAG;Reference date;2020-12-31;KREISE;Administrative districts;15091;Wittenberg, Landkreis;124185;number;BEVSTD;Population;e
12411;Current updating of population figures;STAG;Reference date;2023-12-31;KREISE;Administrative districts;08426;Biberach, Landkreis;206783;number;BEVSTD;Population;e
12411;Current updating of population figures;STAG;Reference date;2023-12-31;KREISE;Administrative districts;05154;Kleve, Landkreis;319928;number;BEVSTD;Population;e
12411;Current updating of population figures;STAG;Reference date;2020-12-31;KREISE;Administrative districts;06636;Werra-Meißner-Kreis;100046;number;BEVSTD;Population;e
12411;Current updating of population figures;STAG;Reference date;2017-12-31;KREISE;Administrative districts;05970;Siegen-Wittgenstein, Landkreis;277977;number;BEVSTD;Population;e
12411;Current updating of population figures;STAG;Reference date;2018-12-31;KREISE;Administrative districts;09472;Bayreuth, Landkreis;103656;number;BEVSTD;Population;e
12411;Current updating of population figures;STAG;Reference date;2020-12-31;KREISE;Administrative districts;15367;Schönebeck, Landkreis (until 2007-06-30);-;number;BEVSTD;Population;
12411;Current updating of population figures;STAG;Reference date;2017-12-31;KREISE;Administrative districts;09473;Coburg, Landkreis;86885;number;BEVSTD;Population;e
12411;Current updating of population figures;STAG;Reference date;2025-12-31;KREISE;Administrative districts;03154;Helmstedt, Landkreis;89771;number;BEVSTD;Population;e
12411;Current updating of population figures;STAG;Reference date;2018-12-31;KREISE;Administrative districts;07143;Westerwaldkreis;201597;number;BEVSTD;Population;e
12411;Current updating of population figures;STAG;Reference date;2020-12-31;KREISE;Administrative districts;07211;Trier, kreisfreie Stadt;110674;number;BEVSTD;Population;e
12411;Current updating of population figures;STAG;Reference date;2022-12-31;KREISE;Administrative districts;03155;Northeim, Landkreis;126598;number;BEVSTD;Population;e
12411;Current updating of population figures;STAG;Reference date;2017-12-31;KREISE;Administrative districts;15261;Merseburg-Querfurt, Landkreis (until 2007-06-30);-;number;BEVSTD;Population;
12411;Current updating of population figures;STAG;Reference date;2023-12-31;KREISE;Administrative districts;03355;Lüneburg, Landkreis;179403;number;BEVSTD;Population;e
12411;Current updating of population figures;STAG;Reference date;2024-12-31;KREISE;Administrative districts;05111;Düsseldorf, kreisfreie Stadt;618685;number;BEVSTD;Population;e
12411;Current updating of population figures;STAG;Reference date;2022-12-31;KREISE;Administrative districts;08119;Rems-Murr-Kreis;438079;number;BEVSTD;Population;e
12411;Current updating of population figures;STAG;Reference date;2022-12-31;KREISE;Administrative districts;09771;Aichach-Friedberg, Landkreis;135133;number;BEVSTD;Population;e
12411;Current updating of population figures;STAG;Reference date;2018-12-31;KREISE;Administrative districts;16054;Suhl, kreisfreie Stadt;34835;number;BEVSTD;Population;e
12411;Current updating of population figures;STAG;Reference date;2016-12-31;KREISE;Administrative districts;09273;Kelheim, Landkreis;119969;number;BEVSTD;Population;e
12411;Current updating of population figures;STAG;Reference date;2022-12-31;KREISE;Administrative districts;05334;Städteregion Aachen, Landkreis;580359;number;BEVSTD;Population;e
12411;Current updating of population figures;STAG;Reference date;2018-12-31;KREISE;Administrative districts;16067;Gotha, Landkreis;135452;number;BEVSTD;Population;e
12411;Current updating of population figures;STAG;Reference date;2017-12-31;KREISE;Administrative districts;07339;Mainz-Bingen, Landkreis;209785;number;BEVSTD;Population;e
12411;Current updating of population figures;STAG;Reference date;2020-12-31;KREISE;Administrative districts;14522;Mittelsachsen, Landkreis;301474;number;BEVSTD;Population;e
12411;Current updating of population figures;STAG;Reference date;2018-12-31;KREISE;Administrative districts;13051;Bad Doberan, Landkreis (until 2011-09-03);-;number;BEVSTD;Population;
12411;Current updating of population figures;STAG;Reference date;2023-12-31;KREISE;Administrative districts;10043;Neunkirchen, Landkreis;133667;number;BEVSTD;Population;e
12411;Current updating of population figures;STAG;Reference date;2022-12-31;KREISE;Administrative districts;03405;Wilhelmshaven, kreisfreie Stadt;75860;number;BEVSTD;Population;e
12411;Current updating of population figures;STAG;Reference date;2016-12-31;KREISE;Administrative districts;07233;Vulkaneifel, Landkreis;60757;number;BEVSTD;Population;e
12411;Current updating of population figures;STAG;Reference date;2019-12-31;KREISE;Administrative districts;05316;Leverkusen, kreisfreie Stadt;163729;number;BEVSTD;Population;e
12411;Current updating of population figures;STAG;Reference date;2023-12-31;KREISE;Administrative districts;15091;Wittenberg, Landkreis;122230;number;BEVSTD;Population;e
12411;Current updating of population figures;STAG;Reference date;2024-12-31;KREISE;Administrative districts;08221;Heidelberg, kreisfreie Stadt;155756;number;BEVSTD;Population;e
12411;Current updating of population figures;STAG;Reference date;2022-12-31;KREISE;Administrative districts;15154;Bitterfeld, Landkreis (until 2007-06-30);-;number;BEVSTD;Population;
12411;Current updating of population figures;STAG;Reference date;2025-12-31;KREISE;Administrative districts;08421;Ulm, kreisfreie Stadt;130288;number;BEVSTD;Population;e
12411;Current updating of population figures;STAG;Reference date;2024-12-31;KREISE;Administrative districts;16062;Nordhausen, Landkreis;80762;number;BEVSTD;Population;e
12411;Current updating of population figures;STAG;Reference date;2024-12-31;KREISE;Administrative districts;12052;Cottbus, kreisfreie Stadt;95123;number;BEVSTD;Population;e
12411;Current updating of population figures;STAG;Reference date;2021-12-31;KREISE;Administrative districts;14365;Leipzig, kreisfreie Stadt (until 2008-07-31);-;number;BEVSTD;Population;
12411;Current updating of population figures;STAG;Reference date;2018-12-31;KREISE;Administrative districts;05116;Mönchengladbach, kreisfreie Stadt;261454;number;BEVSTD;Population;e
12411;Current updating of population figures;STAG;Reference date;2021-12-31;KREISE;Administrative districts;05112;Duisburg, kreisfreie Stadt;495152;number;BEVSTD;Population;e
12411;Current updating of population figures;STAG;Reference date;2021-12-31;KREISE;Administrative districts;03458;Oldenburg, Landkreis;132091;number;BEVSTD;Population;e
12411;Current updating of population figures;STAG;Reference date;2021-12-31;KREISE;Administrative districts;09571;Ansbach, Landkreis;186279;number;BEVSTD;Population;e
12411;Current updating of population figures;STAG;Reference date;2023-12-31;KREISE;Administrative districts;03462;Wittmund, Landkreis;56013;number;BEVSTD;Population;e
12411;Current updating of population figures;STAG;Reference date;2023-12-31;KREISE;Administrative districts;15367;Schönebeck, Landkreis (until 2007-06-30);-;number;BEVSTD;Population;
12411;Current updating of population figures;STAG;Reference date;2020-12-31;KREISE;Administrative districts;07331;Alzey-Worms, Landkreis;130715;number;BEVSTD;Population;e
12411;Current updating of population figures;STAG;Reference date;2016-12-31;KREISE;Administrative districts;06631;Fulda, Landkreis;221170;number;BEVSTD;Population;e
12411;Current updating of population figures;STAG;Reference date;2022-12-31;KREISE;Administrative districts;07134;Birkenfeld, Landkreis;82350;number;BEVSTD;Population;e
12411;Current updating of population figures;STAG;Reference date;2023-12-31;KREISE;Administrative districts;07334;Germersheim, Landkreis;131678;number;BEVSTD;Population;e
12411;Current updating of population figures;STAG;Reference date;2021-12-31;KREISE;Administrative districts;05378;Rheinisch-Bergischer Kreis;283429;number;BEVSTD;Population;e
12411;Current updating of population figures;STAG;Reference date;2021-12-31;KREISE;Administrative districts;15087;Mansfeld-Südharz, Landkreis;132317;number;BEVSTD;Population;e
12411;Current updating of population figures;STAG;Reference date;2023-12-31;KREISE;Administrative districts;15101;Dessau, kreisfreie Stadt (until 2007-06-30);-;number;BEVSTD;Population;
12411;Current updating of population figures;STAG;Reference date;2020-12-31;KREISE;Administrative districts;09371;Amberg-Sulzbach, Landkreis;102998;number;BEVSTD;Population;e
12411;Current updating of population figures;STAG;Reference date;2016-12-31;KREISE;Administrative districts;15087;Mansfeld-Südharz, Landkreis;139781;number;BEVSTD;Population;e
12411;Current updating of population figures;STAG;Reference date;2022-12-31;KREISE;Administrative districts;09677;Main-Spessart, Landkreis;125270;number;BEVSTD;Population;e
12411;Current updating of population figures;STAG;Reference date;2018-12-31;KREISE;Administrative districts;15367;Schönebeck, Landkreis (until 2007-06-30);-;number;BEVSTD;Population;
12411;Current updating of population figures;STAG;Reference date;2016-12-31;KREISE;Administrative districts;09179;Fürstenfeldbruck, Landkreis;216857;number;BEVSTD;Population;e
12411;Current updating of population figures;STAG;Reference date;2024-12-31;KREISE;Administrative districts;12065;Oberhavel, Landkreis;217690;number;BEVSTD;Population;e
12411;Current updating of population figures;STAG;Reference date;2024-12-31;KREISE;Administrative districts;05974;Soest, Landkreis;300297;number;BEVSTD;Population;e
12411;Current updating of population figures;STAG;Reference date;2020-12-31;KREISE;Administrative districts;08316;Emmendingen, Landkreis;166862;number;BEVSTD;Population;e
12411;Current updating of population figures;STAG;Reference date;2016-12-31;KREISE;Administrative districts;07340;Südwestpfalz, Landkreis;95957;number;BEVSTD;Population;e
12411;Current updating of population figures;STAG;Reference date;2023-12-31;KREISE;Administrative districts;14262;Dresden, kreisfreie Stadt (until 2008-07-31);-;number;BEVSTD;Population;
12411;Current updating of population figures;STAG;Reference date;2024-12-31;KREISE;Administrative districts;09672;Bad Kissingen, Landkreis;103489;number;BEVSTD;Population;e
12411;Current updating of population figures;STAG;Reference date;2025-12-31;KREISE;Administrative districts;06634;Schwalm-Eder-Kreis;179411;number;BEVSTD;Population;e
12411;Current updating of population figures;STAG;Reference date;2018-12-31;KREISE;Administrative districts;15091;Wittenberg, Landkreis;125840;number;BEVSTD;Population;e
12411;Current updating of population figures;STAG;Reference date;2020-12-31;KREISE;Administrative districts;08436;Ravensburg, Landkreis;285888;number;BEVSTD;Population;e
12411;Current updating of population figures;STAG;Reference date;2021-12-31;KREISE;Administrative districts;09464;Hof, kreisfreie Stadt;45125;number;BEVSTD;Population;e
12411;Current updating of population figures;STAG;Reference date;2022-12-31;KREISE;Administrative districts;09161;Ingolstadt, kreisfreie Stadt;138263;number;BEVSTD;Population;e
12411;Current updating of population figures;STAG;Reference date;2020-12-31;KREISE;Administrative districts;13052;Demmin, Landkreis (until 2011-09-03);-;number;BEVSTD;Population;
12411;Current updating of population figures;STAG;Reference date;2022-12-31;KREISE;Administrative districts;14182;Mittweida, Landkreis (until 2008-07-31);-;number;BEVSTD;Population;
12411;Current updating of population figures;STAG;Reference date;2024-12-31;KREISE;Administrative districts;08127;Schwäbisch Hall, Landkreis;200902;number;BEVSTD;Population;e
12411;Current updating of population figures;STAG;Reference date;2016-12-31;KREISE;Administrative districts;12067;Oder-Spree, Landkreis;178849;number;BEVSTD;Population;e
12411;Current updating of population figures;STAG;Reference date;2019-12-31;KREISE;Administrative districts;09183;Mühldorf am Inn, Landkreis;115872;number;BEVSTD;Population;e
12411;Current updating of population figures;STAG;Reference date;2018-12-31;KREISE;Administrative districts;15101;Dessau, kreisfreie Stadt (until 2007-06-30);-;number;BEVSTD;Population;
12411;Current updating of population figures;STAG;Reference date;2025-12-31;KREISE;Administrative districts;03404;Osnabrück, kreisfreie Stadt;166257;number;BEVSTD;Population;e
12411;Current updating of population figures;STAG;Reference date;2019-12-31;KREISE;Administrative districts;03159;Göttingen, Landkreis;326041;number;BEVSTD;Population;e
12411;Current updating of population figures;STAG;Reference date;2024-12-31;KREISE;Administrative districts;03457;Leer, Landkreis;169103;number;BEVSTD;Population;e
12411;Current updating of population figures;STAG;Reference date;2025-12-31;KREISE;Administrative districts;08327;Tuttlingen, Landkreis;145002;number;BEVSTD;Population;e
12411;Current updating of population figures;STAG;Reference date;2016-12-31;KREISE;Administrative districts;08311;Freiburg im Breisgau, kreisfreie Stadt;227590;number;BEVSTD;Population;e
12411;Current updating of population figures;STAG;Reference date;2023-12-31;KREISE;Administrative districts;05774;Paderborn, Landkreis;315606;number;BEVSTD;Population;e
12411;Current updating of population figures;STAG;Reference date;2021-12-31;KREISE;Administrative districts;09477;Kulmbach, Landkreis;71328;number;BEVSTD;Population;e
12411;Current updating of population figures;STAG;Reference date;2019-12-31;KREISE;Administrative districts;12052;Cottbus, kreisfreie Stadt;99678;number;BEVSTD;Population;e
12411;Current updating of population figures;STAG;Reference date;2023-12-31;KREISE;Administrative districts;03102;Salzgitter, kreisfreie Stadt;105056;number;BEVSTD;Population;e
12411;Current updating of population figures;STAG;Reference date;2020-12-31;KREISE;Administrative districts;09277;Rottal-Inn, Landkreis;121800;number;BEVSTD;Population;e
12411;Current updating of population figures;STAG;Reference date;2022-12-31;KREISE;Administrative districts;06439;Rheingau-Taunus-Kreis;185684;number;BEVSTD;Population;e
12411;Current updating of population figures;STAG;Reference date;2016-12-31;KREISE;Administrative districts;14365;Leipzig, kreisfreie Stadt (until 2008-07-31);-;number;BEVSTD;Population;
12411;Current updating of population figures;STAG;Reference date;2019-12-31;KREISE;Administrative districts;08221;Heidelberg, kreisfreie Stadt;161485;number;BEVSTD;Population;e
12411;Current updating of population figures;STAG;Reference date;2017-12-31;KREISE;Administrative districts;15154;Bitterfeld, Landkreis (until 2007-06-30);-;number;BEVSTD;Population;
12411;Current updating of population figures;STAG;Reference date;2016-12-31;KREISE;Administrative districts;05913;Dortmund, kreisfreie Stadt;585813;number;BEVSTD;Population;e
12411;Current updating of population figures;STAG;Reference date;2018-12-31;KREISE;Administrative districts;14383;Muldentalkreis (until 2008-07-31);-;number;BEVSTD;Population;
12411;Current updating of population figures;STAG;Reference date;2019-12-31;KREISE;Administrative districts;03360;Uelzen, Landkreis;92389;number;BEVSTD;Population;e
12411;Current updating of population figures;STAG;Reference date;2019-12-31;KREISE;Administrative districts;05770;Minden-Lübbecke, Landkreis;310409;number;BEVSTD;Population;e
12411;Current updating of population figures;STAG;Reference date;2016-12-31;KREISE;Administrative districts;03360;Uelzen, Landkreis;92961;number;BEVSTD;Population;e
12411;Current updating of population figures;STAG;Reference date;2016-12-31;KREISE;Administrative districts;12053;Frankfurt (Oder), kreisfreie Stadt;58193;number;BEVSTD;Population;e
12411;Current updating of population figures;STAG;Reference date;2022-12-31;KREISE;Administrative districts;09187;Rosenheim, Landkreis;255306;number;BEVSTD;Population;e
12411;Current updating of population figures;STAG;Reference date;2017-12-31;KREISE;Administrative districts;14182;Mittweida, Landkreis (until 2008-07-31);-;number;BEVSTD;Population;
12411;Current updating of population figures;STAG;Reference date;2016-12-31;KREISE;Administrative districts;12066;Oberspreewald-Lausitz, Landkreis;111962;number;BEVSTD;Population;e
12411;Current updating of population figures;STAG;Reference date;2024-12-31;KREISE;Administrative districts;09565;Schwabach, kreisfreie Stadt;40835;number;BEVSTD;Population;e
12411;Current updating of population figures;STAG;Reference date;2019-12-31;KREISE;Administrative districts;08128;Main-Tauber-Kreis;132399;number;BEVSTD;Population;e
12411;Current updating of population figures;STAG;Reference date;2016-12-31;KREISE;Administrative districts;14628;Sächsische Schweiz-Osterzgebirge, Landkreis;246066;number;BEVSTD;Population;e
12411;Current updating of population figures;STAG;Reference date;2016-12-31;KREISE;Administrative districts;08337;Waldshut, Landkreis;168852;number;BEVSTD;Population;e
12411;Current updating of population figures;STAG;Reference date;2025-12-31;KREISE;Administrative districts;09263;Straubing, kreisfreie Stadt;49061;number;BEVSTD;Population;e
12411;Current updating of population figures;STAG;Reference date;2025-12-31;KREISE;Administrative districts;06535;Vogelsbergkreis;100723;number;BEVSTD;Population;e
12411;Current updating of population figures;STAG;Reference date;2019-12-31;KREISE;Administrative districts;12065;Oberhavel, Landkreis;212914;number;BEVSTD;Population;e
12411;Current updating of population figures;STAG;Reference date;2022-12-31;KREISE;Administrative districts;06532;Lahn-Dill-Kreis;253208;number;BEVSTD;Population;e
12411;Current updating of population figures;STAG;Reference date;2018-12-31;KREISE;Administrative districts;06435;Main-Kinzig-Kreis;418950;number;BEVSTD;Population;e
12411;Current updating of population figures;STAG;Reference date;2016-12-31;KREISE;Administrative districts;14379;Leipziger Land, Landkreis (until 2008-07-31);-;number;BEVSTD;Population;
12411;Current updating of population figures;STAG;Reference date;2017-12-31;KREISE;Administrative districts;05766;Lippe, Landkreis;349069;number;BEVSTD;Population;e
12411;Current updating of population figures;STAG;Reference date;2017-12-31;KREISE;Administrative districts;05513;Gelsenkirchen, kreisfreie Stadt;260305;number;BEVSTD;Population;e
12411;Current updating of population figures;STAG;Reference date;2022-12-31;KREISE;Administrative districts;09174;Dachau, Landkreis;151041;number;BEVSTD;Population;e
12411;Current updating of population figures;STAG;Reference date;2025-12-31;KREISE;Administrative districts;06415;Hanau, kreisfreie Stadt;-;number;BEVSTD;Population;
12411;Current updating of population figures;STAG;Reference date;2017-12-31;KREISE;Administrative districts;05370;Heinsberg, Landkreis;253106;number;BEVSTD;Population;e
12411;Current updating of population figures;STAG;Reference date;2020-12-31;KREISE;Administrative districts;16072;Sonneberg, Landkreis;57044;number;BEVSTD;Population;e
12411;Current updating of population figures;STAG;Reference date;2018-12-31;KREISE;Administrative districts;14263;Görlitz, kreisfreie Stadt (until 2008-07-31);-;number;BEVSTD;Population;
12411;Current updating of population figures;STAG;Reference date;2025-12-31;KREISE;Administrative districts;09276;Regen, Landkreis;77118;number;BEVSTD;Population;e
12411;Current updating of population figures;STAG;Reference date;2019-12-31;KREISE;Administrative districts;05913;Dortmund, kreisfreie Stadt;588250;number;BEVSTD;Population;e
12411;Current updating of population figures;STAG;Reference date;2019-12-31;KREISE;Administrative districts;03253;Hannover, Landkreis (until 2001-10-31);-;number;BEVSTD;Population;
12411;Current updating of population figures;STAG;Reference date;2023-12-31;KREISE;Administrative districts;09473;Coburg, Landkreis;84518;number;BEVSTD;Population;e
12411;Current updating of population figures;STAG;Reference date;2018-12-31;KREISE;Administrative districts;08221;Heidelberg, kreisfreie Stadt;160355;number;BEVSTD;Population;e
12411;Current updating of population figures;STAG;Reference date;2022-12-31;KREISE;Administrative districts;06412;Frankfurt am Main, kreisfreie Stadt;747389;number;BEVSTD;Population;e
12411;Current updating of population figures;STAG;Reference date;2018-12-31;KREISE;Administrative districts;05978;Unna, Landkreis;394782;number;BEVSTD;Population;e
12411;Current updating of population figures;STAG;Reference date;2019-12-31;KREISE;Administrative districts;08115;Böblingen, Landkreis;392807;number;BEVSTD;Population;e
12411;Current updating of population figures;STAG;Reference date;2020-12-31;KREISE;Administrative districts;14286;Löbau-Zittau, Landkreis (until 2008-07-31);-;number;BEVSTD;Population;
12411;Current updating of population figures;STAG;Reference date;2019-12-31;KREISE;Administrative districts;06634;Schwalm-Eder-Kreis;179673;number;BEVSTD;Population;e
12411;Current updating of population figures;STAG;Reference date;2020-12-31;KREISE;Administrative districts;05762;Höxter, Landkreis;139729;number;BEVSTD;Population;e
12411;Current updating of population figures;STAG;Reference date;2023-12-31;KREISE;Administrative districts;03461;Wesermarsch, Landkreis;89316;number;BEVSTD;Population;e
12411;Current updating of population figures;STAG;Reference date;2024-12-31;KREISE;Administrative districts;16075;Saale-Orla-Kreis;77341;number;BEVSTD;Population;e
12411;Current updating of population figures;STAG;Reference date;2022-12-31;KREISE;Administrative districts;15261;Merseburg-Querfurt, Landkreis (until 2007-06-30);-;number;BEVSTD;Population;
12411;Current updating of population figures;STAG;Reference date;2023-12-31;KREISE;Administrative districts;01051;Dithmarschen, Landkreis;133514;number;BEVSTD;Population;e
12411;Current updating of population figures;STAG;Reference date;2017-12-31;KREISE;Administrative districts;01057;Plön, Landkreis;128842;number;BEVSTD;Population;e
12411;Current updating of population figures;STAG;Reference date;2020-12-31;KREISE;Administrative districts;15364;Quedlinburg, Landkreis (until 2007-06-30);-;number;BEVSTD;Population;
12411;Current updating of population figures;STAG;Reference date;2021-12-31;KREISE;Administrative districts;05974;Soest, Landkreis;302298;number;BEVSTD;Population;e
12411;Current updating of population figures;STAG;Reference date;2023-12-31;KREISE;Administrative districts;08425;Alb-Donau-Kreis;201769;number;BEVSTD;Population;e
12411;Current updating of population figures;STAG;Reference date;2017-12-31;KREISE;Administrative districts;07312;Kaiserslautern, kreisfreie Stadt;99684;number;BEVSTD;Population;e
12411;Current updating of population figures;STAG;Reference date;2021-12-31;KREISE;Administrative districts;07317;Pirmasens, kreisfreie Stadt;40054;number;BEVSTD;Population;e
12411;Current updating of population figures;STAG;Reference date;2021-12-31;KREISE;Administrative districts;14628;Sächsische Schweiz-Osterzgebirge, Landkreis;244009;number;BEVSTD;Population;e
12411;Current updating of population figures;STAG;Reference date;2019-12-31;KREISE;Administrative districts;09565;Schwabach, kreisfreie Stadt;40981;number;BEVSTD;Population;e
12411;Current updating of population figures;STAG;Reference date;2021-12-31;KREISE;Administrative districts;12066;Oberspreewald-Lausitz, Landkreis;107558;number;BEVSTD;Population;e
12411;Current updating of population figures;STAG;Reference date;2017-12-31;KREISE;Administrative districts;03201;Hannover, kreisfreie Stadt (until 2001-10-31);-;number;BEVSTD;Population;
12411;Current updating of population figures;STAG;Reference date;2017-12-31;KREISE;Administrative districts;03454;Emsland, Landkreis;323636;number;BEVSTD;Population;e
12411;Current updating of population figures;STAG;Reference date;2018-12-31;KREISE;Administrative districts;01003;Lübeck, kreisfreie Stadt;217198;number;BEVSTD;Population;e
12411;Current updating of population figures;STAG;Reference date;2024-12-31;KREISE;Administrative districts;15367;Schönebeck, Landkreis (until 2007-06-30);-;number;BEVSTD;Population;
12411;Current updating of population figures;STAG;Reference date;2018-12-31;KREISE;Administrative districts;10043;Neunkirchen, Landkreis;132206;number;BEVSTD;Population;e
12411;Current updating of population figures;STAG;Reference date;2023-12-31;KREISE;Administrative districts;13076;Ludwigslust-Parchim, Landkreis;209372;number;BEVSTD;Population;e
12411;Current updating of population figures;STAG;Reference date;2021-12-31;KREISE;Administrative districts;06440;Wetteraukreis;311661;number;BEVSTD;Population;e
12411;Current updating of population figures;STAG;Reference date;2016-12-31;KREISE;Administrative districts;09776;Lindau (Bodensee), Landkreis;80961;number;BEVSTD;Population;e
12411;Current updating of population figures;STAG;Reference date;2024-12-31;KREISE;Administrative districts;05378;Rheinisch-Bergischer Kreis;284273;number;BEVSTD;Population;e
12411;Current updating of population figures;STAG;Reference date;2018-12-31;KREISE;Administrative districts;09473;Coburg, Landkreis;86906;number;BEVSTD;Population;e
12411;Current updating of population figures;STAG;Reference date;2024-12-31;KREISE;Administrative districts;15091;Wittenberg, Landkreis;121694;number;BEVSTD;Population;e
12411;Current updating of population figures;STAG;Reference date;2021-12-31;KREISE;Administrative districts;12053;Frankfurt (Oder), kreisfreie Stadt;56679;number;BEVSTD;Population;e
12411;Current updating of population figures;STAG;Reference date;2019-12-31;KREISE;Administrative districts;09672;Bad Kissingen, Landkreis;103235;number;BEVSTD;Population;e
12411;Current updating of population figures;STAG;Reference date;2016-12-31;KREISE;Administrative districts;09763;Kempten (Allgäu), kreisfreie Stadt;67529;number;BEVSTD;Population;e
12411;Current updating of population figures;STAG;Reference date;2025-12-31;KREISE;Administrative districts;09779;Donau-Ries, Landkreis;135262;number;BEVSTD;Population;e
12411;Current updating of population figures;STAG;Reference date;2022-12-31;KREISE;Administrative districts;08226;Rhein-Neckar-Kreis;556316;number;BEVSTD;Population;e
12411;Current updating of population figures;STAG;Reference date;2024-12-31;KREISE;Administrative districts;05112;Duisburg, kreisfreie Stadt;502270;number;BEVSTD;Population;e
12411;Current updating of population figures;STAG;Reference date;2018-12-31;KREISE;Administrative districts;08127;Schwäbisch Hall, Landkreis;195861;number;BEVSTD;Population;e
12411;Current updating of population figures;STAG;Reference date;2018-12-31;KREISE;Administrative districts;04012;Bremerhaven, kreisfreie Stadt;113634;number;BEVSTD;Population;e
12411;Current updating of population figures;STAG;Reference date;2024-12-31;KREISE;Administrative districts;09182;Miesbach, Landkreis;97152;number;BEVSTD;Population;e
12411;Current updating of population figures;STAG;Reference date;2016-12-31;KREISE;Administrative districts;05770;Minden-Lübbecke, Landkreis;311866;number;BEVSTD;Population;e
12411;Current updating of population figures;STAG;Reference date;2020-12-31;KREISE;Administrative districts;03352;Cuxhaven, Landkreis;198826;number;BEVSTD;Population;e
12411;Current updating of population figures;STAG;Reference date;2024-12-31;KREISE;Administrative districts;15101;Dessau, kreisfreie Stadt (until 2007-06-30);-;number;BEVSTD;Population;
12411;Current updating of population figures;STAG;Reference date;2016-12-31;KREISE;Administrative districts;03253;Hannover, Landkreis (until 2001-10-31);-;number;BEVSTD;Population;
12411;Current updating of population figures;STAG;Reference date;2019-12-31;KREISE;Administrative districts;01061;Steinburg, Landkreis;131013;number;BEVSTD;Population;e
12411;Current updating of population figures;STAG;Reference date;2018-12-31;KREISE;Administrative districts;05117;Mülheim an der Ruhr, kreisfreie Stadt;170880;number;BEVSTD;Population;e
12411;Current updating of population figures;STAG;Reference date;2016-12-31;KREISE;Administrative districts;09272;Freyung-Grafenau, Landkreis;78180;number;BEVSTD;Population;e
12411;Current updating of population figures;STAG;Reference date;2021-12-31;KREISE;Administrative districts;05111;Düsseldorf, kreisfreie Stadt;619477;number;BEVSTD;Population;e
12411;Current updating of population figures;STAG;Reference date;2021-12-31;KREISE;Administrative districts;03459;Osnabrück, Landkreis;361550;number;BEVSTD;Population;e
12411;Current updating of population figures;STAG;Reference date;2023-12-31;KREISE;Administrative districts;07320;Zweibrücken, kreisfreie Stadt;33355;number;BEVSTD;Population;e
12411;Current updating of population figures;STAG;Reference date;2025-12-31;KREISE;Administrative districts;08435;Bodenseekreis;220895;number;BEVSTD;Population;e
12411;Current updating of population figures;STAG;Reference date;2020-12-31;KREISE;Administrative districts;07332;Bad Dürkheim, Landkreis;133004;number;BEVSTD;Population;e
12411;Current updating of population figures;STAG;Reference date;2020-12-31;KREISE;Administrative districts;14523;Vogtlandkreis;223905;number;BEVSTD;Population;e
12411;Current updating of population figures;STAG;Reference date;2023-12-31;KREISE;Administrative districts;14511;Chemnitz, kreisfreie Stadt;245150;number;BEVSTD;Population;e
12411;Current updating of population figures;STAG;Reference date;2018-12-31;KREISE;Administrative districts;13052;Demmin, Landkreis (until 2011-09-03);-;number;BEVSTD;Population;
12411;Current updating of population figures;STAG;Reference date;2021-12-31;KREISE;Administrative districts;15088;Saalekreis;182814;number;BEVSTD;Population;e
12411;Current updating of population figures;STAG;Reference date;2020-12-31;KREISE;Administrative districts;10041;Regionalverband Saarbrücken, Landkreis;327502;number;BEVSTD;Population;e
12411;Current updating of population figures;STAG;Reference date;2025-12-31;KREISE;Administrative districts;08315;Breisgau-Hochschwarzwald, Landkreis;272707;number;BEVSTD;Population;e
12411;Current updating of population figures;STAG;Reference date;2022-12-31;KREISE;Administrative districts;03154;Helmstedt, Landkreis;90985;number;BEVSTD;Population;e
12411;Current updating of population figures;STAG;Reference date;2023-12-31;KREISE;Administrative districts;03354;Lüchow-Dannenberg, Landkreis;46815;number;BEVSTD;Population;e
12411;Current updating of population figures;STAG;Reference date;2022-12-31;KREISE;Administrative districts;08118;Ludwigsburg, Landkreis;532109;number;BEVSTD;Population;e
12411;Current updating of population figures;STAG;Reference date;2018-12-31;KREISE;Administrative districts;16055;Weimar, kreisfreie Stadt;65090;number;BEVSTD;Population;e
12411;Current updating of population figures;STAG;Reference date;2024-12-31;KREISE;Administrative districts;08235;Calw, Landkreis;161251;number;BEVSTD;Population;e
12411;Current updating of population figures;STAG;Reference date;2018-12-31;KREISE;Administrative districts;16068;Sömmerda, Landkreis;69655;number;BEVSTD;Population;e
12411;Current updating of population figures;STAG;Reference date;2022-12-31;KREISE;Administrative districts;14290;Weißeritzkreis (until 2008-07-31);-;number;BEVSTD;Population;
12411;Current updating of population figures;STAG;Reference date;2023-12-31;KREISE;Administrative districts;01053;Herzogtum Lauenburg, Landkreis;205445;number;BEVSTD;Population;e
12411;Current updating of population figures;STAG;Reference date;2016-12-31;KREISE;Administrative districts;06632;Hersfeld-Rotenburg, Landkreis;121037;number;BEVSTD;Population;e
12411;Current updating of population figures;STAG;Reference date;2021-12-31;KREISE;Administrative districts;09463;Coburg, kreisfreie Stadt;40955;number;BEVSTD;Population;e
12411;Current updating of population figures;STAG;Reference date;2022-12-31;KREISE;Administrative districts;09663;Würzburg, kreisfreie Stadt;131271;number;BEVSTD;Population;e
12411;Current updating of population figures;STAG;Reference date;2023-12-31;KREISE;Administrative districts;07333;Donnersbergkreis;74728;number;BEVSTD;Population;e
12411;Current updating of population figures;STAG;Reference date;2020-12-31;KREISE;Administrative districts;09372;Cham, Landkreis;128094;number;BEVSTD;Population;e
12411;Current updating of population figures;STAG;Reference date;2022-12-31;KREISE;Administrative districts;03404;Osnabrück, kreisfreie Stadt;165741;number;BEVSTD;Population;e
12411;Current updating of population figures;STAG;Reference date;2023-12-31;KREISE;Administrative districts;10042;Merzig-Wadern, Landkreis;109336;number;BEVSTD;Population;e
12411;Current updating of population figures;STAG;Reference date;2017-12-31;KREISE;Administrative districts;09472;Bayreuth, Landkreis;103805;number;BEVSTD;Population;e
12411;Current updating of population figures;STAG;Reference date;2025-12-31;KREISE;Administrative districts;03155;Northeim, Landkreis;124692;number;BEVSTD;Population;e
12411;Current updating of population figures;STAG;Reference date;2019-12-31;KREISE;Administrative districts;05315;Köln, kreisfreie Stadt;1087863;number;BEVSTD;Population;e
12411;Current updating of population figures;STAG;Reference date;2023-12-31;KREISE;Administrative districts;15090;Stendal, Landkreis;106793;number;BEVSTD;Population;e
12411;Current updating of population figures;STAG;Reference date;2024-12-31;KREISE;Administrative districts;08222;Mannheim, kreisfreie Stadt;318035;number;BEVSTD;Population;e
12411;Current updating of population figures;STAG;Reference date;2017-12-31;KREISE;Administrative districts;15260;Mansfelder Land, Landkreis (until 2007-06-30);-;number;BEVSTD;Population;
12411;Current updating of population figures;STAG;Reference date;2021-12-31;KREISE;Administrative districts;05124;Wuppertal, kreisfreie Stadt;354572;number;BEVSTD;Population;e
12411;Current updating of population figures;STAG;Reference date;2017-12-31;KREISE;Administrative districts;03359;Stade, Landkreis;201887;number;BEVSTD;Population;e
12411;Current updating of population figures;STAG;Reference date;2019-12-31;KREISE;Administrative districts;07235;Trier-Saarburg, Landkreis;149398;number;BEVSTD;Population;e
12411;Current updating of population figures;STAG;Reference date;2023-12-31;KREISE;Administrative districts;14524;Zwickau, Landkreis;309866;number;BEVSTD;Population;e
12411;Current updating of population figures;STAG;Reference date;2020-12-31;KREISE;Administrative districts;08317;Ortenaukreis;432580;number;BEVSTD;Population;e
12411;Current updating of population figures;STAG;Reference date;2024-12-31;KREISE;Administrative districts;12053;Frankfurt (Oder), kreisfreie Stadt;57107;number;BEVSTD;Population;e
12411;Current updating of population figures;STAG;Reference date;2025-12-31;KREISE;Administrative districts;06635;Waldeck-Frankenberg, Landkreis;154437;number;BEVSTD;Population;e
12411;Current updating of population figures;STAG;Reference date;2021-12-31;KREISE;Administrative districts;09476;Kronach, Landkreis;66091;number;BEVSTD;Population;e
12411;Current updating of population figures;STAG;Reference date;2023-12-31;KREISE;Administrative districts;05762;Höxter, Landkreis;139042;number;BEVSTD;Population;e
12411;Current updating of population figures;STAG;Reference date;2019-12-31;KREISE;Administrative districts;03254;Hildesheim, Landkreis;275817;number;BEVSTD;Population;e
12411;Current updating of population figures;STAG;Reference date;2020-12-31;KREISE;Administrative districts;08437;Sigmaringen, Landkreis;130946;number;BEVSTD;Population;e
12411;Current updating of population figures;STAG;Reference date;2019-12-31;KREISE;Administrative districts;08222;Mannheim, kreisfreie Stadt;310658;number;BEVSTD;Population;e
12411;Current updating of population figures;STAG;Reference date;2022-12-31;KREISE;Administrative districts;07135;Cochem-Zell, Landkreis;61509;number;BEVSTD;Population;e
12411;Current updating of population figures;STAG;Reference date;2024-12-31;KREISE;Administrative districts;09780;Oberallgäu, Landkreis;155413;number;BEVSTD;Population;e
12411;Current updating of population figures;STAG;Reference date;2016-12-31;KREISE;Administrative districts;15088;Saalekreis;185951;number;BEVSTD;Population;e
12411;Current updating of population figures;STAG;Reference date;2019-12-31;KREISE;Administrative districts;08235;Calw, Landkreis;159201;number;BEVSTD;Population;e
12411;Current updating of population figures;STAG;Reference date;2022-12-31;KREISE;Administrative districts;09676;Miltenberg, Landkreis;126649;number;BEVSTD;Population;e
12411;Current updating of population figures;STAG;Reference date;2022-12-31;KREISE;Administrative districts;09173;Bad Tölz-Wolfratshausen, Landkreis;129062;number;BEVSTD;Population;e
12411;Current updating of population figures;STAG;Reference date;2021-12-31;KREISE;Administrative districts;14379;Leipziger Land, Landkreis (until 2008-07-31);-;number;BEVSTD;Population;
12411;Current updating of population figures;STAG;Reference date;2024-12-31;KREISE;Administrative districts;12066;Oberspreewald-Lausitz, Landkreis;107793;number;BEVSTD;Population;e
12411;Current updating of population figures;STAG;Reference date;2019-12-31;KREISE;Administrative districts;09171;Altötting, Landkreis;111516;number;BEVSTD;Population;e
12411;Current updating of population figures;STAG;Reference date;2022-12-31;KREISE;Administrative districts;05958;Hochsauerlandkreis;261006;number;BEVSTD;Population;e
12411;Current updating of population figures;STAG;Reference date;2020-12-31;KREISE;Administrative districts;09278;Straubing-Bogen, Landkreis;101745;number;BEVSTD;Population;e
12411;Current updating of population figures;STAG;Reference date;2023-12-31;KREISE;Administrative districts;03101;Braunschweig, kreisfreie Stadt;253527;number;BEVSTD;Population;e
12411;Current updating of population figures;STAG;Reference date;2018-12-31;KREISE;Administrative districts;14524;Zwickau, Landkreis;317531;number;BEVSTD;Population;e
12411;Current updating of population figures;STAG;Reference date;2018-12-31;KREISE;Administrative districts;15090;Stendal, Landkreis;111982;number;BEVSTD;Population;e
12411;Current updating of population figures;STAG;Reference date;2024-12-31;KREISE;Administrative districts;08115;Böblingen, Landkreis;395167;number;BEVSTD;Population;e
12411;Current updating of population figures;STAG;Reference date;2017-12-31;KREISE;Administrative districts;14290;Weißeritzkreis (until 2008-07-31);-;number;BEVSTD;Population;
12411;Current updating of population figures;STAG;Reference date;2023-12-31;KREISE;Administrative districts;14287;Sächsische Schweiz, Landkreis (until 2008-07-31);-;number;BEVSTD;Population;
12411;Current updating of population figures;STAG;Reference date;2020-12-31;KREISE;Administrative districts;13051;Bad Doberan, Landkreis (until 2011-09-03);-;number;BEVSTD;Population;
12411;Current updating of population figures;STAG;Reference date;2017-12-31;KREISE;Administrative districts;15153;Bernburg, Landkreis (until 2007-06-30);-;number;BEVSTD;Population;
12411;Current updating of population figures;STAG;Reference date;2024-12-31;KREISE;Administrative districts;08128;Main-Tauber-Kreis;133169;number;BEVSTD;Population;e
12411;Current updating of population figures;STAG;Reference date;2018-12-31;KREISE;Administrative districts;14511;Chemnitz, kreisfreie Stadt;247237;number;BEVSTD;Population;e
12411;Current updating of population figures;STAG;Reference date;2019-12-31;KREISE;Administrative districts;09184;München, Landkreis;350473;number;BEVSTD;Population;e
12411;Current updating of population figures;STAG;Reference date;2025-12-31;KREISE;Administrative districts;03405;Wilhelmshaven, kreisfreie Stadt;75324;number;BEVSTD;Population;e
12411;Current updating of population figures;STAG;Reference date;2022-12-31;KREISE;Administrative districts;05562;Recklinghausen, Landkreis;621933;number;BEVSTD;Population;e
12411;Current updating of population figures;STAG;Reference date;2024-12-31;KREISE;Administrative districts;03458;Oldenburg, Landkreis;132008;number;BEVSTD;Population;e
12411;Current updating of population figures;STAG;Reference date;2016-12-31;KREISE;Administrative districts;05316;Leverkusen, kreisfreie Stadt;163113;number;BEVSTD;Population;e
12411;Current updating of population figures;STAG;Reference date;2016-12-31;KREISE;Administrative districts;09178;Freising, Landkreis;175803;number;BEVSTD;Population;e
12411;Current updating of population figures;STAG;Reference date;2024-12-31;KREISE;Administrative districts;07319;Worms, kreisfreie Stadt;86753;number;BEVSTD;Population;e
12411;Current updating of population figures;STAG;Reference date;2018-12-31;KREISE;Administrative districts;14262;Dresden, kreisfreie Stadt (until 2008-07-31);-;number;BEVSTD;Population;
12411;Current updating of population figures;STAG;Reference date;2016-12-31;KREISE;Administrative districts;12065;Oberhavel, Landkreis;208639;number;BEVSTD;Population;e
12411;Current updating of population figures;STAG;Reference date;2016-12-31;KREISE;Administrative districts;08325;Rottweil, Landkreis;138327;number;BEVSTD;Population;e
12411;Current updating of population figures;STAG;Reference date;2019-12-31;KREISE;Administrative districts;12053;Frankfurt (Oder), kreisfreie Stadt;57751;number;BEVSTD;Population;e
12411;Current updating of population figures;STAG;Reference date;2025-12-31;KREISE;Administrative districts;09778;Unterallgäu, Landkreis;147386;number;BEVSTD;Population;e
12411;Current updating of population figures;STAG;Reference date;2022-12-31;KREISE;Administrative districts;06413;Offenbach am Main, kreisfreie Stadt;130542;number;BEVSTD;Population;e
12411;Current updating of population figures;STAG;Reference date;2025-12-31;KREISE;Administrative districts;09262;Passau, kreisfreie Stadt;53523;number;BEVSTD;Population;e
12411;Current updating of population figures;STAG;Reference date;2023-12-31;KREISE;Administrative districts;09474;Forchheim, Landkreis;116284;number;BEVSTD;Population;e
12411;Current updating of population figures;STAG;Reference date;2025-12-31;KREISE;Administrative districts;06534;Marburg-Biedenkopf, Landkreis;242751;number;BEVSTD;Population;e
12411;Current updating of population figures;STAG;Reference date;2018-12-31;KREISE;Administrative districts;05570;Warendorf, Landkreis;277783;number;BEVSTD;Population;e
12411;Current updating of population figures;STAG;Reference date;2019-12-31;KREISE;Administrative districts;01060;Segeberg, Landkreis;277175;number;BEVSTD;Population;e
12411;Current updating of population figures;STAG;Reference date;2017-12-31;KREISE;Administrative districts;08417;Zollernalbkreis;188170;number;BEVSTD;Population;e
12411;Current updating of population figures;STAG;Reference date;2019-12-31;KREISE;Administrative districts;03361;Verden, Landkreis;137133;number;BEVSTD;Population;e
12411;Current updating of population figures;STAG;Reference date;2025-12-31;KREISE;Administrative districts;15171;Wittenberg, Landkreis (until 2007-06-30);-;number;BEVSTD;Population;
12411;Current updating of population figures;STAG;Reference date;2016-12-31;KREISE;Administrative districts;03361;Verden, Landkreis;135842;number;BEVSTD;Population;e
12411;Current updating of population figures;STAG;Reference date;2025-12-31;KREISE;Administrative districts;06414;Wiesbaden, kreisfreie Stadt;288584;number;BEVSTD;Population;e
12411;Current updating of population figures;STAG;Reference date;2025-12-31;KREISE;Administrative districts;07211;Trier, kreisfreie Stadt;105054;number;BEVSTD;Population;e
12411;Current updating of population figures;STAG;Reference date;2019-12-31;KREISE;Administrative districts;09780;Oberallgäu, Landkreis;156008;number;BEVSTD;Population;e
12411;Current updating of population figures;STAG;Reference date;2019-12-31;KREISE;Administrative districts;03241;Region Hannover, Landkreis;1157115;number;BEVSTD;Population;e
12411;Current updating of population figures;STAG;Reference date;2025-12-31;KREISE;Administrative districts;09275;Passau, Landkreis;194329;number;BEVSTD;Population;e
12411;Current updating of population figures;STAG;Reference date;2024-12-31;KREISE;Administrative districts;09673;Rhön-Grabfeld, Landkreis;79375;number;BEVSTD;Population;e
12411;Current updating of population figures;STAG;Reference date;2019-12-31;KREISE;Administrative districts;08236;Enzkreis;199556;number;BEVSTD;Population;e
12411;Current updating of population figures;STAG;Reference date;2023-12-31;KREISE;Administrative districts;09461;Bamberg, kreisfreie Stadt;75087;number;BEVSTD;Population;e
12411;Current updating of population figures;STAG;Reference date;2019-12-31;KREISE;Administrative districts;15151;Anhalt-Zerbst, Landkreis (until 2007-06-30);-;number;BEVSTD;Population;
12411;Current updating of population figures;STAG;Reference date;2017-12-31;KREISE;Administrative districts;05754;Gütersloh, Landkreis;363049;number;BEVSTD;Population;e
12411;Current updating of population figures;STAG;Reference date;2019-12-31;KREISE;Administrative districts;08116;Esslingen, Landkreis;535024;number;BEVSTD;Population;e
12411;Current updating of population figures;STAG;Reference date;2019-12-31;KREISE;Administrative districts;12066;Oberspreewald-Lausitz, Landkreis;109371;number;BEVSTD;Population;e
12411;Current updating of population figures;STAG;Reference date;2020-12-31;KREISE;Administrative districts;15352;Aschersleben-Staßfurt, Landkreis (until 2007-06-30;-;number;BEVSTD;Population;
12411;Current updating of population figures;STAG;Reference date;2022-12-31;KREISE;Administrative districts;06533;Limburg-Weilburg, Landkreis;173484;number;BEVSTD;Population;e
12411;Current updating of population figures;STAG;Reference date;2018-12-31;KREISE;Administrative districts;06434;Hochtaunuskreis;236564;number;BEVSTD;Population;e
12411;Current updating of population figures;STAG;Reference date;2018-12-31;KREISE;Administrative districts;05966;Olpe, Landkreis;134775;number;BEVSTD;Population;e
12411;Current updating of population figures;STAG;Reference date;2020-12-31;KREISE;Administrative districts;14287;Sächsische Schweiz, Landkreis (until 2008-07-31);-;number;BEVSTD;Population;
12411;Current updating of population figures;STAG;Reference date;2016-12-31;KREISE;Administrative districts;12052;Cottbus, kreisfreie Stadt;100416;number;BEVSTD;Population;e
12411;Current updating of population figures;STAG;Reference date;2020-12-31;KREISE;Administrative districts;16073;Saalfeld-Rudolstadt, Landkreis;102139;number;BEVSTD;Population;e
12411;Current updating of population figures;STAG;Reference date;2022-12-31;KREISE;Administrative districts;09186;Pfaffenhofen an der Ilm, Landkreis;128537;number;BEVSTD;Population;e
12411;Current updating of population figures;STAG;Reference date;2018-12-31;KREISE;Administrative districts;09474;Forchheim, Landkreis;116099;number;BEVSTD;Population;e
12411;Current updating of population figures;STAG;Reference date;2021-12-31;KREISE;Administrative districts;07318;Speyer, kreisfreie Stadt;50565;number;BEVSTD;Population;e
12411;Current updating of population figures;STAG;Reference date;2016-12-31;KREISE;Administrative districts;09762;Kaufbeuren, kreisfreie Stadt;43134;number;BEVSTD;Population;e
12411;Current updating of population figures;STAG;Reference date;2022-12-31;KREISE;Administrative districts;08225;Neckar-Odenwald-Kreis;145039;number;BEVSTD;Population;e
12411;Current updating of population figures;STAG;Reference date;2020-12-31;KREISE;Administrative districts;03353;Harburg, Landkreis;256016;number;BEVSTD;Population;e
12411;Current updating of population figures;STAG;Reference date;2023-12-31;KREISE;Administrative districts;08437;Sigmaringen, Landkreis;132758;number;BEVSTD;Population;e
12411;Current updating of population figures;STAG;Reference date;2023-12-31;KREISE;Administrative districts;13051;Bad Doberan, Landkreis (until 2011-09-03);-;number;BEVSTD;Population;
12411;Current updating of population figures;STAG;Reference date;2020-12-31;KREISE;Administrative districts;05774;Paderborn, Landkreis;308335;number;BEVSTD;Population;e
12411;Current updating of population figures;STAG;Reference date;2021-12-31;KREISE;Administrative districts;12065;Oberhavel, Landkreis;215795;number;BEVSTD;Population;e
12411;Current updating of population figures;STAG;Reference date;2023-12-31;KREISE;Administrative districts;15352;Aschersleben-Staßfurt, Landkreis (until 2007-06-30;-;number;BEVSTD;Population;
12411;Current updating of population figures;STAG;Reference date;2022-12-31;KREISE;Administrative districts;08212;Karlsruhe, kreisfreie Stadt;306630;number;BEVSTD;Population;e
12411;Current updating of population figures;STAG;Reference date;2019-12-31;KREISE;Administrative districts;06633;Kassel, Landkreis;236764;number;BEVSTD;Population;e
12411;Current updating of population figures;STAG;Reference date;2023-12-31;KREISE;Administrative districts;03460;Vechta, Landkreis;146400;number;BEVSTD;Population;e
12411;Current updating of population figures;STAG;Reference date;2020-12-31;KREISE;Administrative districts;03460;Vechta, Landkreis;143698;number;BEVSTD;Population;e
12411;Current updating of population figures;STAG;Reference date;2016-12-31;KREISE;Administrative districts;06633;Kassel, Landkreis;236905;number;BEVSTD;Population;e
12411;Current updating of population figures;STAG;Reference date;2022-12-31;KREISE;Administrative districts;15153;Bernburg, Landkreis (until 2007-06-30);-;number;BEVSTD;Population;
12411;Current updating of population figures;STAG;Reference date;2024-12-31;KREISE;Administrative districts;16063;Wartburgkreis;154957;number;BEVSTD;Population;e
12411;Current updating of population figures;STAG;Reference date;2021-12-31;KREISE;Administrative districts;12052;Cottbus, kreisfreie Stadt;98359;number;BEVSTD;Population;e
12411;Current updating of population figures;STAG;Reference date;2017-12-31;KREISE;Administrative districts;07313;Landau in der Pfalz, kreisfreie Stadt;46292;number;BEVSTD;Population;e
12411;Current updating of population figures;STAG;Reference date;2019-12-31;KREISE;Administrative districts;09673;Rhön-Grabfeld, Landkreis;79635;number;BEVSTD;Population;e
12411;Current updating of population figures;STAG;Reference date;2024-12-31;KREISE;Administrative districts;05124;Wuppertal, kreisfreie Stadt;358193;number;BEVSTD;Population;e
12411;Current updating of population figures;STAG;Reference date;2018-12-31;KREISE;Administrative districts;08126;Hohenlohekreis;112010;number;BEVSTD;Population;e
12411;Current updating of population figures;STAG;Reference date;2024-12-31;KREISE;Administrative districts;09183;Mühldorf am Inn, Landkreis;122037;number;BEVSTD;Population;e
12411;Current updating of population figures;STAG;Reference date;2016-12-31;KREISE;Administrative districts;03254;Hildesheim, Landkreis;277300;number;BEVSTD;Population;e
12411;Current updating of population figures;STAG;Reference date;2023-12-31;KREISE;Administrative districts;08317;Ortenaukreis;443482;number;BEVSTD;Population;e
12411;Current updating of population figures;STAG;Reference date;2017-12-31;KREISE;Administrative districts;03453;Cloppenburg, Landkreis;167925;number;BEVSTD;Population;e
12411;Current updating of population figures;STAG;Reference date;2018-12-31;KREISE;Administrative districts;01004;Neumünster, kreisfreie Stadt;79487;number;BEVSTD;Population;e
12411;Current updating of population figures;STAG;Reference date;2016-12-31;KREISE;Administrative districts;03241;Region Hannover, Landkreis;1148700;number;BEVSTD;Population;e
12411;Current updating of population figures;STAG;Reference date;2024-12-31;KREISE;Administrative districts;16076;Greiz, Landkreis;93707;number;BEVSTD;Population;e
12411;Current updating of population figures;STAG;Reference date;2022-12-31;KREISE;Administrative districts;15260;Mansfelder Land, Landkreis (until 2007-06-30);-;number;BEVSTD;Population;
12411;Current updating of population figures;STAG;Reference date;2018-12-31;KREISE;Administrative districts;09461;Bamberg, kreisfreie Stadt;77592;number;BEVSTD;Population;e
12411;Current updating of population figures;STAG;Reference date;2018-12-31;KREISE;Administrative districts;10042;Merzig-Wadern, Landkreis;103366;number;BEVSTD;Population;e
12411;Current updating of population figures;STAG;Reference date;2025-12-31;KREISE;Administrative districts;14713;Leipzig, kreisfreie Stadt;615932;number;BEVSTD;Population;e
12411;Current updating of population figures;STAG;Reference date;2020-12-31;KREISE;Administrative districts;14524;Zwickau, Landkreis;312033;number;BEVSTD;Population;e
12411;Current updating of population figures;STAG;Reference date;2017-12-31;KREISE;Administrative districts;01058;Rendsburg-Eckernförde, Landkreis;273022;number;BEVSTD;Population;e
12411;Current updating of population figures;STAG;Reference date;2016-12-31;KREISE;Administrative districts;09775;Neu-Ulm, Landkreis;171011;number;BEVSTD;Population;e
12411;Current updating of population figures;STAG;Reference date;2024-12-31;KREISE;Administrative districts;15355;Bördekreis (until 2007-06-30);-;number;BEVSTD;Population;
12411;Current updating of population figures;STAG;Reference date;2025-12-31;KREISE;Administrative districts;05914;Hagen, kreisfreie Stadt;189983;number;BEVSTD;Population;e
12411;Current updating of population figures;STAG;Reference date;2019-12-31;KREISE;Administrative districts;09185;Neuburg-Schrobenhausen, Landkreis;97303;number;BEVSTD;Population;e
12411;Current updating of population figures;STAG;Reference date;2021-12-31;KREISE;Administrative districts;12073;Uckermark, Landkreis;117336;number;BEVSTD;Population;e
12411;Current updating of population figures;STAG;Reference date;2023-12-31;KREISE;Administrative districts;05754;Gütersloh, Landkreis;363674;number;BEVSTD;Population;e
12411;Current updating of population figures;STAG;Reference date;2025-12-31;KREISE;Administrative districts;03241;Region Hannover, Landkreis;1141128;number;BEVSTD;Population;e
12411;Current updating of population figures;STAG;Reference date;2022-12-31;KREISE;Administrative districts;05554;Borken, Landkreis;377154;number;BEVSTD;Population;e
12411;Current updating of population figures;STAG;Reference date;2016-12-31;KREISE;Administrative districts;13001;Greifswald, kreisfreie Stadt (until 2011-09-03);-;number;BEVSTD;Population;
12411;Current updating of population figures;STAG;Reference date;2021-12-31;KREISE;Administrative districts;08126;Hohenlohekreis;113318;number;BEVSTD;Population;e
12411;Current updating of population figures;STAG;Reference date;2024-12-31;KREISE;Administrative districts;05954;Ennepe-Ruhr-Kreis;314167;number;BEVSTD;Population;e
12411;Current updating of population figures;STAG;Reference date;2025-12-31;KREISE;Administrative districts;03361;Verden, Landkreis;138895;number;BEVSTD;Population;e
12411;Current updating of population figures;STAG;Reference date;2022-12-31;KREISE;Administrative districts;08326;Schwarzwald-Baar-Kreis;212293;number;BEVSTD;Population;e
12411;Current updating of population figures;STAG;Reference date;2020-12-31;KREISE;Administrative districts;05154;Kleve, Landkreis;313586;number;BEVSTD;Population;e
12411;Current updating of population figures;STAG;Reference date;2025-12-31;KREISE;Administrative districts;03254;Hildesheim, Landkreis;266613;number;BEVSTD;Population;e
12411;Current updating of population figures;STAG;Reference date;2022-12-31;KREISE;Administrative districts;05314;Bonn, kreisfreie Stadt;322221;number;BEVSTD;Population;e
12411;Current updating of population figures;STAG;Reference date;2020-12-31;KREISE;Administrative districts;03101;Braunschweig, kreisfreie Stadt;248561;number;BEVSTD;Population;e
12411;Current updating of population figures;STAG;Reference date;2020-12-31;KREISE;Administrative districts;08416;Tübingen, Landkreis;228471;number;BEVSTD;Population;e
12411;Current updating of population figures;STAG;Reference date;2024-12-31;KREISE;Administrative districts;06436;Main-Taunus-Kreis;238775;number;BEVSTD;Population;e
12411;Current updating of population figures;STAG;Reference date;2024-12-31;KREISE;Administrative districts;12063;Havelland, Landkreis;170834;number;BEVSTD;Population;e
12411;Current updating of population figures;STAG;Reference date;2022-12-31;KREISE;Administrative districts;03251;Diepholz, Landkreis;219641;number;BEVSTD;Population;e
12411;Current updating of population figures;STAG;Reference date;2021-12-31;KREISE;Administrative districts;05354;Aachen, Landkreis (until 2009-10-20);-;number;BEVSTD;Population;
12411;Current updating of population figures;STAG;Reference date;2023-12-31;KREISE;Administrative districts;14523;Vogtlandkreis;221088;number;BEVSTD;Population;e
12411;Current updating of population figures;STAG;Reference date;2023-12-31;KREISE;Administrative districts;03451;Ammerland, Landkreis;127292;number;BEVSTD;Population;e
12411;Current updating of population figures;STAG;Reference date;2017-12-31;KREISE;Administrative districts;09471;Bamberg, Landkreis;146584;number;BEVSTD;Population;e
12411;Current updating of population figures;STAG;Reference date;2017-12-31;KREISE;Administrative districts;13071;Mecklenburgische Seenplatte, Landkreis;260574;number;BEVSTD;Population;e
12411;Current updating of population figures;STAG;Reference date;2016-12-31;KREISE;Administrative districts;09271;Deggendorf, Landkreis;117601;number;BEVSTD;Population;e
12411;Current updating of population figures;STAG;Reference date;2023-12-31;KREISE;Administrative districts;01054;Nordfriesland, Landkreis;170048;number;BEVSTD;Population;e
12411;Current updating of population figures;STAG;Reference date;2021-12-31;KREISE;Administrative districts;13058;Nordwestmecklenburg, Landkreis (until 2011-09-03);-;number;BEVSTD;Population;
12411;Current updating of population figures;STAG;Reference date;2024-12-31;KREISE;Administrative districts;01001;Flensburg, kreisfreie Stadt;96326;number;BEVSTD;Population;e
12411;Current updating of population figures;STAG;Reference date;2021-12-31;KREISE;Administrative districts;12060;Barnim, Landkreis;188835;number;BEVSTD;Population;e
12411;Current updating of population figures;STAG;Reference date;2020-12-31;KREISE;Administrative districts;01059;Schleswig-Flensburg, Landkreis;202647;number;BEVSTD;Population;e
12411;Current updating of population figures;STAG;Reference date;2016-12-31;KREISE;Administrative districts;12069;Potsdam-Mittelmark, Landkreis;212207;number;BEVSTD;Population;e
12411;Current updating of population figures;STAG;Reference date;2021-12-31;KREISE;Administrative districts;14389;Torgau-Oschatz, Landkreis (until 2008-07-31);-;number;BEVSTD;Population;
12411;Current updating of population figures;STAG;Reference date;2017-12-31;KREISE;Administrative districts;05154;Kleve, Landkreis;311270;number;BEVSTD;Population;e
12411;Current updating of population figures;STAG;Reference date;2016-12-31;KREISE;Administrative districts;07231;Bernkastel-Wittlich, Landkreis;112006;number;BEVSTD;Population;e
12411;Current updating of population figures;STAG;Reference date;2020-12-31;KREISE;Administrative districts;09471;Bamberg, Landkreis;147497;number;BEVSTD;Population;e
12411;Current updating of population figures;STAG;Reference date;2019-12-31;KREISE;Administrative districts;05314;Bonn, kreisfreie Stadt;329673;number;BEVSTD;Population;e
12411;Current updating of population figures;STAG;Reference date;2019-12-31;KREISE;Administrative districts;03157;Peine, Landkreis;134801;number;BEVSTD;Population;e
12411;Current updating of population figures;STAG;Reference date;2017-12-31;KREISE;Administrative districts;03460;Vechta, Landkreis;140540;number;BEVSTD;Population;e
12411;Current updating of population figures;STAG;Reference date;2021-12-31;KREISE;Administrative districts;09671;Aschaffenburg, Landkreis;174965;number;BEVSTD;Population;e
12411;Current updating of population figures;STAG;Reference date;2018-12-31;KREISE;Administrative districts;16061;Eichsfeld, Landkreis;100380;number;BEVSTD;Population;e
12411;Current updating of population figures;STAG;Reference date;2023-12-31;KREISE;Administrative districts;09372;Cham, Landkreis;128230;number;BEVSTD;Population;e
12411;Current updating of population figures;STAG;Reference date;2022-12-31;KREISE;Administrative districts;05911;Bochum, kreisfreie Stadt;356209;number;BEVSTD;Population;e
12411;Current updating of population figures;STAG;Reference date;2020-12-31;KREISE;Administrative districts;16070;Ilm-Kreis;105606;number;BEVSTD;Population;e
12411;Current updating of population figures;STAG;Reference date;2017-12-31;KREISE;Administrative districts;15001;Dessau-Roßlau, kreisfreie Stadt;82111;number;BEVSTD;Population;e
12411;Current updating of population figures;STAG;Reference date;2018-12-31;KREISE;Administrative districts;05114;Krefeld, kreisfreie Stadt;227020;number;BEVSTD;Population;e
12411;Current updating of population figures;STAG;Reference date;2021-12-31;KREISE;Administrative districts;05711;Bielefeld, kreisfreie Stadt;334002;number;BEVSTD;Population;e
12411;Current updating of population figures;STAG;Reference date;2022-12-31;KREISE;Administrative districts;14193;Zwickauer Land, Landkreis (until 2008-07-31);-;number;BEVSTD;Population;
12411;Current updating of population figures;STAG;Reference date;2025-12-31;KREISE;Administrative districts;07135;Cochem-Zell, Landkreis;61380;number;BEVSTD;Population;e
12411;Current updating of population figures;STAG;Reference date;2018-12-31;KREISE;Administrative districts;12073;Uckermark, Landkreis;119552;number;BEVSTD;Population;e
12411;Current updating of population figures;STAG;Reference date;2018-12-31;KREISE;Administrative districts;16074;Saale-Holzland-Kreis;83051;number;BEVSTD;Population;e
12411;Current updating of population figures;STAG;Reference date;2016-12-31;KREISE;Administrative districts;14729;Leipzig, Landkreis;258333;number;BEVSTD;Population;e
12411;Current updating of population figures;STAG;Reference date;2017-12-31;KREISE;Administrative districts;16070;Ilm-Kreis;108830;number;BEVSTD;Population;e
12411;Current updating of population figures;STAG;Reference date;2022-12-31;KREISE;Administrative districts;03157;Peine, Landkreis;136719;number;BEVSTD;Population;e
12411;Current updating of population figures;STAG;Reference date;2025-12-31;KREISE;Administrative districts;09772;Augsburg, Landkreis;263381;number;BEVSTD;Population;e
12411;Current updating of population figures;STAG;Reference date;2024-12-31;KREISE;Administrative districts;07131;Ahrweiler, Landkreis;129353;number;BEVSTD;Population;e
12411;Current updating of population figures;STAG;Reference date;2016-12-31;KREISE;Administrative districts;09177;Erding, Landkreis;135429;number;BEVSTD;Population;e
12411;Current updating of population figures;STAG;Reference date;2023-12-31;KREISE;Administrative districts;14166;Plauen, kreisfreie Stadt (until 2008-07-31);-;number;BEVSTD;Population;
12411;Current updating of population figures;STAG;Reference date;2019-12-31;KREISE;Administrative districts;09172;Berchtesgadener Land, Landkreis;105929;number;BEVSTD;Population;e
12411;Current updating of population figures;STAG;Reference date;2022-12-31;KREISE;Administrative districts;09777;Ostallgäu, Landkreis;140153;number;BEVSTD;Population;e
12411;Current updating of population figures;STAG;Reference date;2023-12-31;KREISE;Administrative districts;07314;Ludwigshafen am Rhein, kreisfreie Stadt;175816;number;BEVSTD;Population;e
12411;Current updating of population figures;STAG;Reference date;2017-12-31;KREISE;Administrative districts;09377;Tirschenreuth, Landkreis;72730;number;BEVSTD;Population;e
12411;Current updating of population figures;STAG;Reference date;2017-12-31;KREISE;Administrative districts;08415;Reutlingen, Landkreis;285754;number;BEVSTD;Population;e
12411;Current updating of population figures;STAG;Reference date;2023-12-31;KREISE;Administrative districts;03357;Rotenburg (Wümme), Landkreis;165561;number;BEVSTD;Population;e
12411;Current updating of population figures;STAG;Reference date;2024-12-31;KREISE;Administrative districts;09572;Erlangen-Höchstadt, Landkreis;138325;number;BEVSTD;Population;e
12411;Current updating of population figures;STAG;Reference date;2021-12-31;KREISE;Administrative districts;10046;Sankt Wendel, Landkreis;86170;number;BEVSTD;Population;e
12411;Current updating of population figures;STAG;Reference date;2019-12-31;KREISE;Administrative districts;13004;Schwerin, kreisfreie Stadt;95653;number;BEVSTD;Population;e
12411;Current updating of population figures;STAG;Reference date;2022-12-31;KREISE;Administrative districts;09764;Memmingen, kreisfreie Stadt;43696;number;BEVSTD;Population;e
12411;Current updating of population figures;STAG;Reference date;2016-12-31;KREISE;Administrative districts;08335;Konstanz, Landkreis;282191;number;BEVSTD;Population;e
12411;Current updating of population figures;STAG;Reference date;2018-12-31;KREISE;Administrative districts;05354;Aachen, Landkreis (until 2009-10-20);-;number;BEVSTD;Population;
12411;Current updating of population figures;STAG;Reference date;2019-12-31;KREISE;Administrative districts;05554;Borken, Landkreis;371339;number;BEVSTD;Population;e
12411;Current updating of population figures;STAG;Reference date;2023-12-31;KREISE;Administrative districts;14286;Löbau-Zittau, Landkreis (until 2008-07-31);-;number;BEVSTD;Population;
12411;Current updating of population figures;STAG;Reference date;2021-12-31;KREISE;Administrative districts;09564;Nürnberg, kreisfreie Stadt;510632;number;BEVSTD;Population;e
12411;Current updating of population figures;STAG;Reference date;2018-12-31;KREISE;Administrative districts;13057;Nordvorpommern, Landkreis (until 2011-09-03);-;number;BEVSTD;Population;
12411;Current updating of population figures;STAG;Reference date;2017-12-31;KREISE;Administrative districts;03101;Braunschweig, kreisfreie Stadt;248023;number;BEVSTD;Population;e
12411;Current updating of population figures;STAG;Reference date;2023-12-31;KREISE;Administrative districts;09279;Dingolfing-Landau, Landkreis;100727;number;BEVSTD;Population;e
12411;Current updating of population figures;STAG;Reference date;2022-12-31;KREISE;Administrative districts;06632;Hersfeld-Rotenburg, Landkreis;118183;number;BEVSTD;Population;e
12411;Current updating of population figures;STAG;Reference date;2018-12-31;KREISE;Administrative districts;10045;Saarpfalz-Kreis;142631;number;BEVSTD;Population;e
12411;Current updating of population figures;STAG;Reference date;2022-12-31;KREISE;Administrative districts;09274;Landshut, Landkreis;160256;number;BEVSTD;Population;e
12411;Current updating of population figures;STAG;Reference date;2017-12-31;KREISE;Administrative districts;03354;Lüchow-Dannenberg, Landkreis;48357;number;BEVSTD;Population;e
12411;Current updating of population figures;STAG;Reference date;2018-12-31;KREISE;Administrative districts;12060;Barnim, Landkreis;182760;number;BEVSTD;Population;e
12411;Current updating of population figures;STAG;Reference date;2023-12-31;KREISE;Administrative districts;02000;Hamburg, kreisfreie Stadt;1851596;number;BEVSTD;Population;e
12411;Current updating of population figures;STAG;Reference date;2025-12-31;KREISE;Administrative districts;09679;Würzburg, Landkreis;161586;number;BEVSTD;Population;e
12411;Current updating of population figures;STAG;Reference date;2016-12-31;KREISE;Administrative districts;08215;Karlsruhe, Landkreis;440337;number;BEVSTD;Population;e
12411;Current updating of population figures;STAG;Reference date;2019-12-31;KREISE;Administrative districts;03251;Diepholz, Landkreis;217089;number;BEVSTD;Population;e
12411;Current updating of population figures;STAG;Reference date;2019-12-31;KREISE;Administrative districts;05911;Bochum, kreisfreie Stadt;365587;number;BEVSTD;Population;e
12411;Current updating of population figures;STAG;Reference date;2018-12-31;KREISE;Administrative districts;08125;Heilbronn, Landkreis;343068;number;BEVSTD;Population;e
12411;Current updating of population figures;STAG;Reference date;2023-12-31;KREISE;Administrative districts;14167;Zwickau, kreisfreie Stadt (until 2008-07-31);-;number;BEVSTD;Population;
12411;Current updating of population figures;STAG;Reference date;2016-12-31;KREISE;Administrative districts;03153;Goslar, Landkreis;137979;number;BEVSTD;Population;e
12411;Current updating of population figures;STAG;Reference date;2020-12-31;KREISE;Administrative districts;09377;Tirschenreuth, Landkreis;71696;number;BEVSTD;Population;e
12411;Current updating of population figures;STAG;Reference date;2020-12-31;KREISE;Administrative districts;13071;Mecklenburgische Seenplatte, Landkreis;258057;number;BEVSTD;Population;e
12411;Current updating of population figures;STAG;Reference date;2017-12-31;KREISE;Administrative districts;08416;Tübingen, Landkreis;225755;number;BEVSTD;Population;e
12411;Current updating of population figures;STAG;Reference date;2025-12-31;KREISE;Administrative districts;09176;Eichstätt, Landkreis;135982;number;BEVSTD;Population;e
12411;Current updating of population figures;STAG;Reference date;2019-12-31;KREISE;Administrative districts;08117;Göppingen, Landkreis;258145;number;BEVSTD;Population;e
12411;Current updating of population figures;STAG;Reference date;2018-12-31;KREISE;Administrative districts;15084;Burgenlandkreis;180190;number;BEVSTD;Population;e
12411;Current updating of population figures;STAG;Reference date;2020-12-31;KREISE;Administrative districts;07338;Rhein-Pfalz-Kreis;154754;number;BEVSTD;Population;e
12411;Current updating of population figures;STAG;Reference date;2024-12-31;KREISE;Administrative districts;05358;Düren, Landkreis;279285;number;BEVSTD;Population;e
12411;Current updating of population figures;STAG;Reference date;2017-12-31;KREISE;Administrative districts;15002;Halle (Saale), kreisfreie Stadt;239173;number;BEVSTD;Population;e
12411;Current updating of population figures;STAG;Reference date;2021-12-31;KREISE;Administrative districts;06433;Groß-Gerau, Landkreis;276307;number;BEVSTD;Population;e
12411;Current updating of population figures;STAG;Reference date;2023-12-31;KREISE;Administrative districts;13061;Rügen, Landkreis (until 2011-09-03);-;number;BEVSTD;Population;
12411;Current updating of population figures;STAG;Reference date;2024-12-31;KREISE;Administrative districts;14379;Leipziger Land, Landkreis (until 2008-07-31);-;number;BEVSTD;Population;
12411;Current updating of population figures;STAG;Reference date;2025-12-31;KREISE;Administrative districts;09189;Traunstein, Landkreis;175319;number;BEVSTD;Population;e
12411;Current updating of population figures;STAG;Reference date;2020-12-31;KREISE;Administrative districts;15362;Ohrekreis (until 2007-06-30);-;number;BEVSTD;Population;
12411;Current updating of population figures;STAG;Reference date;2018-12-31;KREISE;Administrative districts;14626;Görlitz, Landkreis;254894;number;BEVSTD;Population;e
12411;Current updating of population figures;STAG;Reference date;2024-12-31;KREISE;Administrative districts;09478;Lichtenfels, Landkreis;67379;number;BEVSTD;Population;e
12411;Current updating of population figures;STAG;Reference date;2016-12-31;KREISE;Administrative districts;03403;Oldenburg (Oldenburg), kreisfreie Stadt;165711;number;BEVSTD;Population;e
12411;Current updating of population figures;STAG;Reference date;2022-12-31;KREISE;Administrative districts;09261;Landshut, kreisfreie Stadt;68743;number;BEVSTD;Population;e
12411;Current updating of population figures;STAG;Reference date;2019-12-31;KREISE;Administrative districts;08237;Freudenstadt, Landkreis;118243;number;BEVSTD;Population;e
12411;Current updating of population figures;STAG;Reference date;2017-12-31;KREISE;Administrative districts;03461;Wesermarsch, Landkreis;89022;number;BEVSTD;Population;e
12411;Current updating of population figures;STAG;Reference date;2017-12-31;KREISE;Administrative districts;15268;Weißenfels, Landkreis (until 2007-06-30);-;number;BEVSTD;Population;
12411;Current updating of population figures;STAG;Reference date;2021-12-31;KREISE;Administrative districts;09182;Miesbach, Landkreis;99978;number;BEVSTD;Population;e
12411;Current updating of population figures;STAG;Reference date;2018-12-31;KREISE;Administrative districts;06433;Groß-Gerau, Landkreis;274526;number;BEVSTD;Population;e
12411;Current updating of population figures;STAG;Reference date;2024-12-31;KREISE;Administrative districts;15369;Wernigerode, Landkreis (until 2007-06-30);-;number;BEVSTD;Population;
12411;Current updating of population figures;STAG;Reference date;2021-12-31;KREISE;Administrative districts;07141;Rhein-Lahn-Kreis;122724;number;BEVSTD;Population;e
12411;Current updating of population figures;STAG;Reference date;2024-12-31;KREISE;Administrative districts;08121;Heilbronn, kreisfreie Stadt;131986;number;BEVSTD;Population;e
12411;Current updating of population figures;STAG;Reference date;2020-12-31;KREISE;Administrative districts;15002;Halle (Saale), kreisfreie Stadt;237865;number;BEVSTD;Population;e
12411;Current updating of population figures;STAG;Reference date;2023-12-31;KREISE;Administrative districts;15364;Quedlinburg, Landkreis (until 2007-06-30);-;number;BEVSTD;Population;
12411;Current updating of population figures;STAG;Reference date;2022-12-31;KREISE;Administrative districts;13005;Stralsund, kreisfreie Stadt (until 2011-09-03);-;number;BEVSTD;Population;
12411;Current updating of population figures;STAG;Reference date;2018-12-31;KREISE;Administrative districts;09462;Bayreuth, kreisfreie Stadt;74657;number;BEVSTD;Population;e
12411;Current updating of population figures;STAG;Reference date;2020-12-31;KREISE;Administrative districts;03461;Wesermarsch, Landkreis;88524;number;BEVSTD;Population;e
12411;Current updating of population figures;STAG;Reference date;2019-12-31;KREISE;Administrative districts;07340;Südwestpfalz, Landkreis;94831;number;BEVSTD;Population;e
12411;Current updating of population figures;STAG;Reference date;2023-12-31;KREISE;Administrative districts;13074;Nordwestmecklenburg, Landkreis;157160;number;BEVSTD;Population;e
12411;Current updating of population figures;STAG;Reference date;2021-12-31;KREISE;Administrative districts;15084;Burgenlandkreis;176333;number;BEVSTD;Population;e
12411;Current updating of population figures;STAG;Reference date;2024-12-31;KREISE;Administrative districts;16064;Unstrut-Hainich-Kreis;94613;number;BEVSTD;Population;e
12411;Current updating of population figures;STAG;Reference date;2016-12-31;KREISE;Administrative districts;09774;Günzburg, Landkreis;123498;number;BEVSTD;Population;e
12411;Current updating of population figures;STAG;Reference date;2016-12-31;KREISE;Administrative districts;07111;Koblenz, kreisfreie Stadt;113605;number;BEVSTD;Population;e
12411;Current updating of population figures;STAG;Reference date;2018-12-31;KREISE;Administrative districts;09475;Hof, Landkreis;95311;number;BEVSTD;Population;e
12411;Current updating of population figures;STAG;Reference date;2022-12-31;KREISE;Administrative districts;05315;Köln, kreisfreie Stadt;1021253;number;BEVSTD;Population;e
12411;Current updating of population figures;STAG;Reference date;2021-12-31;KREISE;Administrative districts;05114;Krefeld, kreisfreie Stadt;227050;number;BEVSTD;Population;e
12411;Current updating of population figures;STAG;Reference date;2019-12-31;KREISE;Administrative districts;09674;Haßberge, Landkreis;84384;number;BEVSTD;Population;e
12411;Current updating of population figures;STAG;Reference date;2024-12-31;KREISE;Administrative districts;16051;Erfurt, kreisfreie Stadt;218793;number;BEVSTD;Population;e
12411;Current updating of population figures;STAG;Reference date;2016-12-31;KREISE;Administrative districts;09761;Augsburg, kreisfreie Stadt;289584;number;BEVSTD;Population;e
12411;Current updating of population figures;STAG;Reference date;2020-12-31;KREISE;Administrative districts;03354;Lüchow-Dannenberg, Landkreis;48503;number;BEVSTD;Population;e
12411;Current updating of population figures;STAG;Reference date;2020-12-31;KREISE;Administrative districts;14284;Niederschlesischer Oberlausitzkreis (b.31.07.2008);-;number;BEVSTD;Population;
12411;Current updating of population figures;STAG;Reference date;2018-12-31;KREISE;Administrative districts;03459;Osnabrück, Landkreis;357343;number;BEVSTD;Population;e
12411;Current updating of population figures;STAG;Reference date;2018-12-31;KREISE;Administrative districts;07141;Rhein-Lahn-Kreis;122308;number;BEVSTD;Population;e
12411;Current updating of population figures;STAG;Reference date;2024-12-31;KREISE;Administrative districts;16077;Altenburger Land, Landkreis;87508;number;BEVSTD;Population;e
12411;Current updating of population figures;STAG;Reference date;2017-12-31;KREISE;Administrative districts;07336;Kusel, Landkreis;70764;number;BEVSTD;Population;e
12411;Current updating of population figures;STAG;Reference date;2018-12-31;KREISE;Administrative districts;14389;Torgau-Oschatz, Landkreis (until 2008-07-31);-;number;BEVSTD;Population;
12411;Current updating of population figures;STAG;Reference date;2019-12-31;KREISE;Administrative districts;06632;Hersfeld-Rotenburg, Landkreis;120719;number;BEVSTD;Population;e
12411;Current updating of population figures;STAG;Reference date;2020-12-31;KREISE;Administrative districts;15268;Weißenfels, Landkreis (until 2007-06-30);-;number;BEVSTD;Population;
12411;Current updating of population figures;STAG;Reference date;2017-12-31;KREISE;Administrative districts;14188;Stollberg, Landkreis (until 2008-07-31);-;number;BEVSTD;Population;
12411;Current updating of population figures;STAG;Reference date;2019-12-31;KREISE;Administrative districts;15089;Salzlandkreis;189125;number;BEVSTD;Population;e
12411;Current updating of population figures;STAG;Reference date;2025-12-31;KREISE;Administrative districts;09163;Rosenheim, kreisfreie Stadt;65808;number;BEVSTD;Population;e
12411;Current updating of population figures;STAG;Reference date;2020-12-31;KREISE;Administrative districts;07312;Kaiserslautern, kreisfreie Stadt;99662;number;BEVSTD;Population;e
12411;Current updating of population figures;STAG;Reference date;2021-12-31;KREISE;Administrative districts;14626;Görlitz, Landkreis;248273;number;BEVSTD;Population;e
12411;Current updating of population figures;STAG;Reference date;2016-12-31;KREISE;Administrative districts;07137;Mayen-Koblenz, Landkreis;212968;number;BEVSTD;Population;e
12411;Current updating of population figures;STAG;Reference date;2019-12-31;KREISE;Administrative districts;09661;Aschaffenburg, kreisfreie Stadt;71002;number;BEVSTD;Population;e
12411;Current updating of population figures;STAG;Reference date;2016-12-31;KREISE;Administrative districts;09163;Rosenheim, kreisfreie Stadt;62672;number;BEVSTD;Population;e
12411;Current updating of population figures;STAG;Reference date;2024-12-31;KREISE;Administrative districts;05966;Olpe, Landkreis;132346;number;BEVSTD;Population;e
12411;Current updating of population figures;STAG;Reference date;2023-12-31;KREISE;Administrative districts;01055;Ostholstein, Landkreis;201529;number;BEVSTD;Population;e
12411;Current updating of population figures;STAG;Reference date;2017-12-31;KREISE;Administrative districts;07338;Rhein-Pfalz-Kreis;153629;number;BEVSTD;Population;e
12411;Current updating of population figures;STAG;Reference date;2016-12-31;KREISE;Administrative districts;07138;Neuwied, Landkreis;181537;number;BEVSTD;Population;e
12411;Current updating of population figures;STAG;Reference date;2023-12-31;KREISE;Administrative districts;03103;Wolfsburg, kreisfreie Stadt;129347;number;BEVSTD;Population;e
12411;Current updating of population figures;STAG;Reference date;2019-12-31;KREISE;Administrative districts;09186;Pfaffenhofen an der Ilm, Landkreis;128227;number;BEVSTD;Population;e
12411;Current updating of population figures;STAG;Reference date;2016-12-31;KREISE;Administrative districts;09176;Eichstätt, Landkreis;130808;number;BEVSTD;Population;e
12411;Current updating of population figures;STAG;Reference date;2016-12-31;KREISE;Administrative districts;09679;Würzburg, Landkreis;161041;number;BEVSTD;Population;e
12411;Current updating of population figures;STAG;Reference date;2020-12-31;KREISE;Administrative districts;08417;Zollernalbkreis;189862;number;BEVSTD;Population;e
12411;Current updating of population figures;STAG;Reference date;2023-12-31;KREISE;Administrative districts;14522;Mittelsachsen, Landkreis;297766;number;BEVSTD;Population;e
12411;Current updating of population figures;STAG;Reference date;2019-12-31;KREISE;Administrative districts;07233;Vulkaneifel, Landkreis;60646;number;BEVSTD;Population;e
12411;Current updating of population figures;STAG;Reference date;2017-12-31;KREISE;Administrative districts;09376;Schwandorf, Landkreis;146487;number;BEVSTD;Population;e
12411;Current updating of population figures;STAG;Reference date;2024-12-31;KREISE;Administrative districts;12051;Brandenburg an der Havel, kreisfreie Stadt;74113;number;BEVSTD;Population;e
12411;Current updating of population figures;STAG;Reference date;2018-12-31;KREISE;Administrative districts;09476;Kronach, Landkreis;67135;number;BEVSTD;Population;e
12411;Current updating of population figures;STAG;Reference date;2021-12-31;KREISE;Administrative districts;05113;Essen, kreisfreie Stadt;579432;number;BEVSTD;Population;e
12411;Current updating of population figures;STAG;Reference date;2021-12-31;KREISE;Administrative districts;05366;Euskirchen, Landkreis;194701;number;BEVSTD;Population;e
12411;Current updating of population figures;STAG;Reference date;2025-12-31;KREISE;Administrative districts;08335;Konstanz, Landkreis;291867;number;BEVSTD;Population;e
12411;Current updating of population figures;STAG;Reference date;2023-12-31;KREISE;Administrative districts;14272;Bautzen, Landkreis (until 2008-07-31);-;number;BEVSTD;Population;
12411;Current updating of population figures;STAG;Reference date;2021-12-31;KREISE;Administrative districts;13059;Ostvorpommern, Landkreis (until 2011-09-03);-;number;BEVSTD;Population;
12411;Current updating of population figures;STAG;Reference date;2020-12-31;KREISE;Administrative districts;14521;Erzgebirgskreis;331917;number;BEVSTD;Population;e
12411;Current updating of population figures;STAG;Reference date;2020-12-31;KREISE;Administrative districts;03355;Lüneburg, Landkreis;184235;number;BEVSTD;Population;e
12411;Current updating of population figures;STAG;Reference date;2021-12-31;KREISE;Administrative districts;08127;Schwäbisch Hall, Landkreis;199398;number;BEVSTD;Population;e
12411;Current updating of population figures;STAG;Reference date;2021-12-31;KREISE;Administrative districts;15086;Jerichower Land, Landkreis;89118;number;BEVSTD;Population;e
12411;Current updating of population figures;STAG;Reference date;2022-12-31;KREISE;Administrative districts;14181;Mittlerer Erzgebirgskreis (until 2008-07-31);-;number;BEVSTD;Population;
12411;Current updating of population figures;STAG;Reference date;2020-12-31;KREISE;Administrative districts;01058;Rendsburg-Eckernförde, Landkreis;274765;number;BEVSTD;Population;e
12411;Current updating of population figures;STAG;Reference date;2025-12-31;KREISE;Administrative districts;08215;Karlsruhe, Landkreis;456224;number;BEVSTD;Population;e
12411;Current updating of population figures;STAG;Reference date;2025-12-31;KREISE;Administrative districts;05770;Minden-Lübbecke, Landkreis;319491;number;BEVSTD;Population;e
12411;Current updating of population figures;STAG;Reference date;2025-12-31;KREISE;Administrative districts;05913;Dortmund, kreisfreie Stadt;600880;number;BEVSTD;Population;e
12411;Current updating of population figures;STAG;Reference date;2016-12-31;KREISE;Administrative districts;07232;Eifelkreis Bitburg-Prüm;98021;number;BEVSTD;Population;e
12411;Current updating of population figures;STAG;Reference date;2020-12-31;KREISE;Administrative districts;03102;Salzgitter, kreisfreie Stadt;103866;number;BEVSTD;Population;e
12411;Current updating of population figures;STAG;Reference date;2021-12-31;KREISE;Administrative districts;12072;Teltow-Fläming, Landkreis;172545;number;BEVSTD;Population;e
12411;Current updating of population figures;STAG;Reference date;2017-12-31;KREISE;Administrative districts;09363;Weiden in der Oberpfalz, kreisfreie Stadt;42543;number;BEVSTD;Population;e
12411;Current updating of population figures;STAG;Reference date;2019-12-31;KREISE;Administrative districts;09676;Miltenberg, Landkreis;128743;number;BEVSTD;Population;e
12411;Current updating of population figures;STAG;Reference date;2024-12-31;KREISE;Administrative districts;12064;Märkisch-Oderland, Landkreis;197817;number;BEVSTD;Population;e
12411;Current updating of population figures;STAG;Reference date;2024-12-31;KREISE;Administrative districts;06435;Main-Kinzig-Kreis;420914;number;BEVSTD;Population;e
12411;Current updating of population figures;STAG;Reference date;2020-12-31;KREISE;Administrative districts;05166;Viersen, Landkreis;298536;number;BEVSTD;Population;e
12411;Current updating of population figures;STAG;Reference date;2024-12-31;KREISE;Administrative districts;08135;Heidenheim, Landkreis;135235;number;BEVSTD;Population;e
12411;Current updating of population figures;STAG;Reference date;2024-12-31;KREISE;Administrative districts;05570;Warendorf, Landkreis;282639;number;BEVSTD;Population;e
12411;Current updating of population figures;STAG;Reference date;2020-12-31;KREISE;Administrative districts;14188;Stollberg, Landkreis (until 2008-07-31);-;number;BEVSTD;Population;
12411;Current updating of population figures;STAG;Reference date;2017-12-31;KREISE;Administrative districts;13072;Rostock, Landkreis;214635;number;BEVSTD;Population;e
12411;Current updating of population figures;STAG;Reference date;2019-12-31;KREISE;Administrative districts;13003;Rostock, kreisfreie Stadt;209191;number;BEVSTD;Population;e
12411;Current updating of population figures;STAG;Reference date;2019-12-31;KREISE;Administrative districts;08211;Baden-Baden, kreisfreie Stadt;55185;number;BEVSTD;Population;e
12411;Current updating of population figures;STAG;Reference date;2022-12-31;KREISE;Administrative districts;09763;Kempten (Allgäu), kreisfreie Stadt;65229;number;BEVSTD;Population;e
12411;Current updating of population figures;STAG;Reference date;2018-12-31;KREISE;Administrative districts;16062;Nordhausen, Landkreis;83822;number;BEVSTD;Population;e
12411;Current updating of population figures;STAG;Reference date;2023-12-31;KREISE;Administrative districts;14285;Riesa-Großenhain, Landkreis (until 2008-07-31);-;number;BEVSTD;Population;
12411;Current updating of population figures;STAG;Reference date;2021-12-31;KREISE;Administrative districts;09563;Fürth, kreisfreie Stadt;129122;number;BEVSTD;Population;e
12411;Current updating of population figures;STAG;Reference date;2019-12-31;KREISE;Administrative districts;05170;Wesel, Landkreis;459976;number;BEVSTD;Population;e
12411;Current updating of population figures;STAG;Reference date;2020-12-31;KREISE;Administrative districts;09472;Bayreuth, Landkreis;103679;number;BEVSTD;Population;e
12411;Current updating of population figures;STAG;Reference date;2019-12-31;KREISE;Administrative districts;05313;Aachen, kreisfreie Stadt (until 2009-10-20);-;number;BEVSTD;Population;
12411;Current updating of population figures;STAG;Reference date;2021-12-31;KREISE;Administrative districts;06434;Hochtaunuskreis;237041;number;BEVSTD;Population;e
12411;Current updating of population figures;STAG;Reference date;2017-12-31;KREISE;Administrative districts;15266;Sangerhausen, Landkreis (until 2007-06-30);-;number;BEVSTD;Population;
12411;Current updating of population figures;STAG;Reference date;2023-12-31;KREISE;Administrative districts;09373;Neumarkt in der Oberpfalz, Landkreis;138214;number;BEVSTD;Population;e
12411;Current updating of population figures;STAG;Reference date;2024-12-31;KREISE;Administrative districts;14628;Sächsische Schweiz-Osterzgebirge, Landkreis;243996;number;BEVSTD;Population;e
12411;Current updating of population figures;STAG;Reference date;2023-12-31;KREISE;Administrative districts;07313;Landau in der Pfalz, kreisfreie Stadt;48202;number;BEVSTD;Population;e
12411;Current updating of population figures;STAG;Reference date;2024-12-31;KREISE;Administrative districts;09573;Fürth, Landkreis;117719;number;BEVSTD;Population;e
12411;Current updating of population figures;STAG;Reference date;2021-12-31;KREISE;Administrative districts;09180;Garmisch-Partenkirchen, Landkreis;88232;number;BEVSTD;Population;e
12411;Current updating of population figures;STAG;Reference date;2020-12-31;KREISE;Administrative districts;16071;Weimarer Land, Landkreis;82291;number;BEVSTD;Population;e
12411;Current updating of population figures;STAG;Reference date;2023-12-31;KREISE;Administrative districts;14178;Vogtlandkreis (until 2008-07-31);-;number;BEVSTD;Population;
12411;Current updating of population figures;STAG;Reference date;2022-12-31;KREISE;Administrative districts;06634;Schwalm-Eder-Kreis;179406;number;BEVSTD;Population;e
12411;Current updating of population figures;STAG;Reference date;2021-12-31;KREISE;Administrative districts;09576;Roth, Landkreis;127520;number;BEVSTD;Population;e
12411;Current updating of population figures;STAG;Reference date;2017-12-31;KREISE;Administrative districts;01051;Dithmarschen, Landkreis;133447;number;BEVSTD;Population;e
12411;Current updating of population figures;STAG;Reference date;2018-12-31;KREISE;Administrative districts;16075;Saale-Orla-Kreis;80868;number;BEVSTD;Population;e
12411;Current updating of population figures;STAG;Reference date;2022-12-31;KREISE;Administrative districts;07235;Trier-Saarburg, Landkreis;149015;number;BEVSTD;Population;e
12411;Current updating of population figures;STAG;Reference date;2018-12-31;KREISE;Administrative districts;13058;Nordwestmecklenburg, Landkreis (until 2011-09-03);-;number;BEVSTD;Population;
12411;Current updating of population figures;STAG;Reference date;2016-12-31;KREISE;Administrative districts;12068;Ostprignitz-Ruppin, Landkreis;99414;number;BEVSTD;Population;e
12411;Current updating of population figures;STAG;Reference date;2016-12-31;KREISE;Administrative districts;09189;Traunstein, Landkreis;175431;number;BEVSTD;Population;e
12411;Current updating of population figures;STAG;Reference date;2025-12-31;KREISE;Administrative districts;09771;Aichach-Friedberg, Landkreis;137281;number;BEVSTD;Population;e
12411;Current updating of population figures;STAG;Reference date;2022-12-31;KREISE;Administrative districts;03156;Osterode am Harz, Landkreis (until 2016-10-31);-;number;BEVSTD;Population;
12411;Current updating of population figures;STAG;Reference date;2019-12-31;KREISE;Administrative districts;03158;Wolfenbüttel, Landkreis;119622;number;BEVSTD;Population;e
12411;Current updating of population figures;STAG;Reference date;2019-12-31;KREISE;Administrative districts;05566;Steinfurt, Landkreis;448220;number;BEVSTD;Population;e
12411;Current updating of population figures;STAG;Reference date;2022-12-31;KREISE;Administrative districts;09776;Lindau (Bodensee), Landkreis;81874;number;BEVSTD;Population;e
12411;Current updating of population figures;STAG;Reference date;2019-12-31;KREISE;Administrative districts;09173;Bad Tölz-Wolfratshausen, Landkreis;127917;number;BEVSTD;Population;e
12411;Current updating of population figures;STAG;Reference date;2024-12-31;KREISE;Administrative districts;14365;Leipzig, kreisfreie Stadt (until 2008-07-31);-;number;BEVSTD;Population;
12411;Current updating of population figures;STAG;Reference date;2023-12-31;KREISE;Administrative districts;03356;Osterholz, Landkreis;113784;number;BEVSTD;Population;e
12411;Current updating of population figures;STAG;Reference date;2018-12-31;KREISE;Administrative districts;14612;Dresden, kreisfreie Stadt;554649;number;BEVSTD;Population;e
12411;Current updating of population figures;STAG;Reference date;2016-12-31;KREISE;Administrative districts;08216;Rastatt, Landkreis;228907;number;BEVSTD;Population;e
12411;Current updating of population figures;STAG;Reference date;2016-12-31;KREISE;Administrative districts;03154;Helmstedt, Landkreis;92079;number;BEVSTD;Population;e
12411;Current updating of population figures;STAG;Reference date;2016-12-31;KREISE;Administrative districts;08336;Lörrach, Landkreis;227545;number;BEVSTD;Population;e
12411;Current updating of population figures;STAG;Reference date;2019-12-31;KREISE;Administrative districts;08118;Ludwigsburg, Landkreis;545423;number;BEVSTD;Population;e
12411;Current updating of population figures;STAG;Reference date;2025-12-31;KREISE;Administrative districts;09175;Ebersberg, Landkreis;144526;number;BEVSTD;Population;e
12411;Current updating of population figures;STAG;Reference date;2022-12-31;KREISE;Administrative districts;06633;Kassel, Landkreis;230318;number;BEVSTD;Population;e
12411;Current updating of population figures;STAG;Reference date;2016-12-31;KREISE;Administrative districts;05958;Hochsauerlandkreis;262269;number;BEVSTD;Population;e
12411;Current updating of population figures;STAG;Reference date;2018-12-31;KREISE;Administrative districts;05711;Bielefeld, kreisfreie Stadt;333786;number;BEVSTD;Population;e
12411;Current updating of population figures;STAG;Reference date;2025-12-31;KREISE;Administrative districts;09188;Starnberg, Landkreis;139709;number;BEVSTD;Population;e
12411;Current updating of population figures;STAG;Reference date;2018-12-31;KREISE;Administrative districts;10044;Saarlouis, Landkreis;195201;number;BEVSTD;Population;e
12411;Current updating of population figures;STAG;Reference date;2021-12-31;KREISE;Administrative districts;09577;Weißenburg-Gunzenhausen, Landkreis;95523;number;BEVSTD;Population;e
12411;Current updating of population figures;STAG;Reference date;2016-12-31;KREISE;Administrative districts;12054;Potsdam, kreisfreie Stadt;171810;number;BEVSTD;Population;e
12411;Current updating of population figures;STAG;Reference date;2017-12-31;KREISE;Administrative districts;03353;Harburg, Landkreis;251511;number;BEVSTD;Population;e
12411;Current updating of population figures;STAG;Reference date;2024-12-31;KREISE;Administrative districts;09479;Wunsiedel im Fichtelgebirge, Landkreis;70549;number;BEVSTD;Population;e
12411;Current updating of population figures;STAG;Reference date;2018-12-31;KREISE;Administrative districts;12061;Dahme-Spreewald, Landkreis;169067;number;BEVSTD;Population;e
12411;Current updating of population figures;STAG;Reference date;2024-12-31;KREISE;Administrative districts;07143;Westerwaldkreis;207803;number;BEVSTD;Population;e
12411;Current updating of population figures;STAG;Reference date;2021-12-31;KREISE;Administrative districts;16056;Eisenach, kreisfreie Stadt (until 2021-06-30);-;number;BEVSTD;Population;
12411;Current updating of population figures;STAG;Reference date;2017-12-31;KREISE;Administrative districts;05382;Rhein-Sieg-Kreis;599056;number;BEVSTD;Population;e
12411;Current updating of population figures;STAG;Reference date;2025-12-31;KREISE;Administrative districts;09678;Schweinfurt, Landkreis;113608;number;BEVSTD;Population;e
12411;Current updating of population figures;STAG;Reference date;2018-12-31;KREISE;Administrative districts;08231;Pforzheim, kreisfreie Stadt;125542;number;BEVSTD;Population;e
12411;Current updating of population figures;STAG;Reference date;2019-12-31;KREISE;Administrative districts;03252;Hameln-Pyrmont, Landkreis;148549;number;BEVSTD;Population;e
12411;Current updating of population figures;STAG;Reference date;2023-12-31;KREISE;Administrative districts;09374;Neustadt an der Waldnaab, Landkreis;96209;number;BEVSTD;Population;e
12411;Current updating of population figures;STAG;Reference date;2021-12-31;KREISE;Administrative districts;09181;Landsberg am Lech, Landkreis;121466;number;BEVSTD;Population;e
12411;Current updating of population figures;STAG;Reference date;2024-12-31;KREISE;Administrative districts;09190;Weilheim-Schongau, Landkreis;138957;number;BEVSTD;Population;e
12411;Current updating of population figures;STAG;Reference date;2018-12-31;KREISE;Administrative districts;15083;Börde, Landkreis;171734;number;BEVSTD;Population;e
12411;Current updating of population figures;STAG;Reference date;2024-12-31;KREISE;Administrative districts;05117;Mülheim an der Ruhr, kreisfreie Stadt;173050;number;BEVSTD;Population;e
12411;Current updating of population figures;STAG;Reference date;2018-12-31;KREISE;Administrative districts;08111;Stuttgart, kreisfreie Stadt;634830;number;BEVSTD;Population;e
12411;Current updating of population figures;STAG;Reference date;2020-12-31;KREISE;Administrative districts;07339;Mainz-Bingen, Landkreis;211525;number;BEVSTD;Population;e
12411;Current updating of population figures;STAG;Reference date;2017-12-31;KREISE;Administrative districts;05512;Bottrop, kreisfreie Stadt;117364;number;BEVSTD;Population;e
12411;Current updating of population figures;STAG;Reference date;2023-12-31;KREISE;Administrative districts;13062;Uecker-Randow, Landkreis (until 2011-09-03);-;number;BEVSTD;Population;
12411;Current updating of population figures;STAG;Reference date;2025-12-31;KREISE;Administrative districts;05316;Leverkusen, kreisfreie Stadt;168299;number;BEVSTD;Population;e
12411;Current updating of population figures;STAG;Reference date;2025-12-31;KREISE;Administrative districts;07137;Mayen-Koblenz, Landkreis;216796;number;BEVSTD;Population;e
12411;Current updating of population figures;STAG;Reference date;2020-12-31;KREISE;Administrative districts;15363;Stendal, Landkreis (until 2007-06-30);-;number;BEVSTD;Population;
12411;Current updating of population figures;STAG;Reference date;2016-12-31;KREISE;Administrative districts;03404;Osnabrück, kreisfreie Stadt;164070;number;BEVSTD;Population;e
12411;Current updating of population figures;STAG;Reference date;2022-12-31;KREISE;Administrative districts;09273;Kelheim, Landkreis;124673;number;BEVSTD;Population;e
12411;Current updating of population figures;STAG;Reference date;2016-12-31;KREISE;Administrative districts;14191;Aue-Schwarzenberg, Landkreis (until 2008-07-31);-;number;BEVSTD;Population;
12411;Current updating of population figures;STAG;Reference date;2019-12-31;KREISE;Administrative districts;08225;Neckar-Odenwald-Kreis;143633;number;BEVSTD;Population;e
12411;Current updating of population figures;STAG;Reference date;2018-12-31;KREISE;Administrative districts;14625;Bautzen, Landkreis;300880;number;BEVSTD;Population;e
12411;Current updating of population figures;STAG;Reference date;2023-12-31;KREISE;Administrative districts;05158;Mettmann, Landkreis;489760;number;BEVSTD;Population;e
12411;Current updating of population figures;STAG;Reference date;2020-12-31;KREISE;Administrative districts;07313;Landau in der Pfalz, kreisfreie Stadt;46685;number;BEVSTD;Population;e
12411;Current updating of population figures;STAG;Reference date;2022-12-31;KREISE;Administrative districts;05316;Leverkusen, kreisfreie Stadt;167174;number;BEVSTD;Population;e
12411;Current updating of population figures;STAG;Reference date;2017-12-31;KREISE;Administrative districts;07311;Frankenthal (Pfalz), kreisfreie Stadt;48417;number;BEVSTD;Population;e
12411;Current updating of population figures;STAG;Reference date;2024-12-31;KREISE;Administrative districts;16052;Gera, kreisfreie Stadt;95608;number;BEVSTD;Population;e
12411;Current updating of population figures;STAG;Reference date;2019-12-31;KREISE;Administrative districts;09675;Kitzingen, Landkreis;91155;number;BEVSTD;Population;e
12411;Current updating of population figures;STAG;Reference date;2018-12-31;KREISE;Administrative districts;04011;Bremen, kreisfreie Stadt;569352;number;BEVSTD;Population;e
12411;Current updating of population figures;STAG;Reference date;2019-12-31;KREISE;Administrative districts;14191;Aue-Schwarzenberg, Landkreis (until 2008-07-31);-;number;BEVSTD;Population;
12411;Current updating of population figures;STAG;Reference date;2018-12-31;KREISE;Administrative districts;14375;Döbeln, Landkreis (until 2008-07-31);-;number;BEVSTD;Population;
12411;Current updating of population figures;STAG;Reference date;2020-12-31;KREISE;Administrative districts;14285;Riesa-Großenhain, Landkreis (until 2008-07-31);-;number;BEVSTD;Population;
12411;Current updating of population figures;STAG;Reference date;2025-12-31;KREISE;Administrative districts;03255;Holzminden, Landkreis;65271;number;BEVSTD;Population;e
12411;Current updating of population figures;STAG;Reference date;2018-12-31;KREISE;Administrative districts;06432;Darmstadt-Dieburg, Landkreis;297399;number;BEVSTD;Population;e
12411;Current updating of population figures;STAG;Reference date;2021-12-31;KREISE;Administrative districts;15202;Halle (Saale), kreisfreie Stadt (until 2007-06-30);-;number;BEVSTD;Population;
12411;Current updating of population figures;STAG;Reference date;2021-12-31;KREISE;Administrative districts;05962;Märkischer Kreis;406793;number;BEVSTD;Population;e
12411;Current updating of population figures;STAG;Reference date;2020-12-31;KREISE;Administrative districts;15256;Burgenlandkreis (until 2007-06-30);-;number;BEVSTD;Population;
12411;Current updating of population figures;STAG;Reference date;2022-12-31;KREISE;Administrative districts;13006;Wismar, kreisfreie Stadt (until 2011-09-03);-;number;BEVSTD;Population;
12411;Current updating of population figures;STAG;Reference date;2018-12-31;KREISE;Administrative districts;09463;Coburg, kreisfreie Stadt;41249;number;BEVSTD;Population;e
12411;Current updating of population figures;STAG;Reference date;2025-12-31;KREISE;Administrative districts;13006;Wismar, kreisfreie Stadt (until 2011-09-03);-;number;BEVSTD;Population;
12411;Current updating of population figures;STAG;Reference date;2024-12-31;KREISE;Administrative districts;15081;Altmarkkreis Salzwedel;79980;number;BEVSTD;Population;e
12411;Current updating of population figures;STAG;Reference date;2023-12-31;KREISE;Administrative districts;13075;Vorpommern-Greifswald, Landkreis;226181;number;BEVSTD;Population;e
12411;Current updating of population figures;STAG;Reference date;2021-12-31;KREISE;Administrative districts;15085;Harz, Landkreis;209117;number;BEVSTD;Population;e
12411;Current updating of population figures;STAG;Reference date;2024-12-31;KREISE;Administrative districts;15357;Halberstadt, Landkreis (until 2007-06-30);-;number;BEVSTD;Population;
12411;Current updating of population figures;STAG;Reference date;2023-12-31;KREISE;Administrative districts;05515;Münster, kreisfreie Stadt;307071;number;BEVSTD;Population;e
12411;Current updating of population figures;STAG;Reference date;2016-12-31;KREISE;Administrative districts;09773;Dillingen an der Donau, Landkreis;94556;number;BEVSTD;Population;e
12411;Current updating of population figures;STAG;Reference date;2025-12-31;KREISE;Administrative districts;15303;Magdeburg, kreisfreie Stadt (until 2007-06-30);-;number;BEVSTD;Population;
12411;Current updating of population figures;STAG;Reference date;2025-12-31;KREISE;Administrative districts;09162;München, kreisfreie Stadt;1505036;number;BEVSTD;Population;e
12411;Current updating of population figures;STAG;Reference date;2020-12-31;KREISE;Administrative districts;14272;Bautzen, Landkreis (until 2008-07-31);-;number;BEVSTD;Population;
12411;Current updating of population figures;STAG;Reference date;2021-12-31;KREISE;Administrative districts;14627;Meißen, Landkreis;239344;number;BEVSTD;Population;e
12411;Current updating of population figures;STAG;Reference date;2022-12-31;KREISE;Administrative districts;08325;Rottweil, Landkreis;139968;number;BEVSTD;Population;e
12411;Current updating of population figures;STAG;Reference date;2019-12-31;KREISE;Administrative districts;07232;Eifelkreis Bitburg-Prüm;99058;number;BEVSTD;Population;e
12411;Current updating of population figures;STAG;Reference date;2019-12-31;KREISE;Administrative districts;09662;Schweinfurt, kreisfreie Stadt;53426;number;BEVSTD;Population;e
12411;Current updating of population figures;STAG;Reference date;2018-12-31;KREISE;Administrative districts;03458;Oldenburg, Landkreis;130144;number;BEVSTD;Population;e
12411;Current updating of population figures;STAG;Reference date;2020-12-31;KREISE;Administrative districts;15003;Magdeburg, kreisfreie Stadt;235775;number;BEVSTD;Population;e
12411;Current updating of population figures;STAG;Reference date;2023-12-31;KREISE;Administrative districts;15363;Stendal, Landkreis (until 2007-06-30);-;number;BEVSTD;Population;
12411;Current updating of population figures;STAG;Reference date;2022-12-31;KREISE;Administrative districts;09179;Fürstenfeldbruck, Landkreis;215511;number;BEVSTD;Population;e
12411;Current updating of population figures;STAG;Reference date;2017-12-31;KREISE;Administrative districts;07337;Südliche Weinstraße, Landkreis;110622;number;BEVSTD;Population;e
12411;Current updating of population figures;STAG;Reference date;2021-12-31;KREISE;Administrative districts;16069;Hildburghausen, Landkreis;62089;number;BEVSTD;Population;e
12411;Current updating of population figures;STAG;Reference date;2019-12-31;KREISE;Administrative districts;06631;Fulda, Landkreis;223145;number;BEVSTD;Population;e
12411;Current updating of population figures;STAG;Reference date;2020-12-31;KREISE;Administrative districts;03462;Wittmund, Landkreis;57384;number;BEVSTD;Population;e
12411;Current updating of population figures;STAG;Reference date;2016-12-31;KREISE;Administrative districts;05562;Recklinghausen, Landkreis;617195;number;BEVSTD;Population;e
12411;Current updating of population figures;STAG;Reference date;2022-12-31;KREISE;Administrative districts;15151;Anhalt-Zerbst, Landkreis (until 2007-06-30);-;number;BEVSTD;Population;
12411;Current updating of population figures;STAG;Reference date;2018-12-31;KREISE;Administrative districts;07140;Rhein-Hunsrück-Kreis;102937;number;BEVSTD;Population;e
12411;Current updating of population figures;STAG;Reference date;2020-12-31;KREISE;Administrative districts;14161;Chemnitz, kreisfreie Stadt (until 2008-07-31);-;number;BEVSTD;Population;
12411;Current updating of population figures;STAG;Reference date;2024-12-31;KREISE;Administrative districts;16065;Kyffhäuserkreis;71738;number;BEVSTD;Population;e
12411;Current updating of population figures;STAG;Reference date;2025-12-31;KREISE;Administrative districts;03252;Hameln-Pyrmont, Landkreis;149773;number;BEVSTD;Population;e
12411;Current updating of population figures;STAG;Reference date;2020-12-31;KREISE;Administrative districts;03103;Wolfsburg, kreisfreie Stadt;123840;number;BEVSTD;Population;e
12411;Current updating of population figures;STAG;Reference date;2016-12-31;KREISE;Administrative districts;06533;Limburg-Weilburg, Landkreis;172120;number;BEVSTD;Population;e
12411;Current updating of population figures;STAG;Reference date;2020-12-31;KREISE;Administrative districts;05766;Lippe, Landkreis;346970;number;BEVSTD;Population;e
12411;Current updating of population figures;STAG;Reference date;2020-12-31;KREISE;Administrative districts;05513;Gelsenkirchen, kreisfreie Stadt;259105;number;BEVSTD;Population;e
12411;Current updating of population figures;STAG;Reference date;2024-12-31;KREISE;Administrative districts;12061;Dahme-Spreewald, Landkreis;178793;number;BEVSTD;Population;e
12411;Current updating of population figures;STAG;Reference date;2024-12-31;KREISE;Administrative districts;08136;Ostalbkreis;317427;number;BEVSTD;Population;e
12411;Current updating of population figures;STAG;Reference date;2016-12-31;KREISE;Administrative districts;09175;Ebersberg, Landkreis;139016;number;BEVSTD;Population;e
12411;Current updating of population figures;STAG;Reference date;2019-12-31;KREISE;Administrative districts;09174;Dachau, Landkreis;154899;number;BEVSTD;Population;e
12411;Current updating of population figures;STAG;Reference date;2022-12-31;KREISE;Administrative districts;03253;Hannover, Landkreis (until 2001-10-31);-;number;BEVSTD;Population;
12411;Current updating of population figures;STAG;Reference date;2023-12-31;KREISE;Administrative districts;14521;Erzgebirgskreis;322179;number;BEVSTD;Population;e
12411;Current updating of population figures;STAG;Reference date;2024-12-31;KREISE;Administrative districts;05978;Unna, Landkreis;393784;number;BEVSTD;Population;e
12411;Current updating of population figures;STAG;Reference date;2023-12-31;KREISE;Administrative districts;05382;Rhein-Sieg-Kreis;605283;number;BEVSTD;Population;e
12411;Current updating of population figures;STAG;Reference date;2023-12-31;KREISE;Administrative districts;03453;Cloppenburg, Landkreis;176540;number;BEVSTD;Population;e
12411;Current updating of population figures;STAG;Reference date;2021-12-31;KREISE;Administrative districts;14374;Delitzsch, Landkreis (until 2008-07-31);-;number;BEVSTD;Population;
12411;Current updating of population figures;STAG;Reference date;2017-12-31;KREISE;Administrative districts;09375;Regensburg, Landkreis;192200;number;BEVSTD;Population;e
12411;Current updating of population figures;STAG;Reference date;2023-12-31;KREISE;Administrative districts;05512;Bottrop, kreisfreie Stadt;118912;number;BEVSTD;Population;e
12411;Current updating of population figures;STAG;Reference date;2021-12-31;KREISE;Administrative districts;05966;Olpe, Landkreis;133120;number;BEVSTD;Population;e
12411;Current updating of population figures;STAG;Reference date;2023-12-31;KREISE;Administrative districts;08417;Zollernalbkreis;193339;number;BEVSTD;Population;e
12411;Current updating of population figures;STAG;Reference date;2021-12-31;KREISE;Administrative districts;01004;Neumünster, kreisfreie Stadt;79496;number;BEVSTD;Population;e
12411;Current updating of population figures;STAG;Reference date;2022-12-31;KREISE;Administrative districts;08337;Waldshut, Landkreis;170765;number;BEVSTD;Population;e
12411;Current updating of population figures;STAG;Reference date;2023-12-31;KREISE;Administrative districts;01056;Pinneberg, Landkreis;323762;number;BEVSTD;Population;e
12411;Current updating of population figures;STAG;Reference date;2016-12-31;KREISE;Administrative districts;06413;Offenbach am Main, kreisfreie Stadt;124589;number;BEVSTD;Population;e
12411;Current updating of population figures;STAG;Reference date;2025-12-31;KREISE;Administrative districts;01060;Segeberg, Landkreis;283770;number;BEVSTD;Population;e
12411;Current updating of population figures;STAG;Reference date;2021-12-31;KREISE;Administrative districts;12062;Elbe-Elster, Landkreis;100317;number;BEVSTD;Population;e
12411;Current updating of population figures;STAG;Reference date;2020-12-31;KREISE;Administrative districts;01057;Plön, Landkreis;129353;number;BEVSTD;Population;e
12411;Current updating of population figures;STAG;Reference date;2025-12-31;KREISE;Administrative districts;08216;Rastatt, Landkreis;229763;number;BEVSTD;Population;e
12411;Current updating of population figures;STAG;Reference date;2024-12-31;KREISE;Administrative districts;01003;Lübeck, kreisfreie Stadt;216889;number;BEVSTD;Population;e
12411;Current updating of population figures;STAG;Reference date;2019-12-31;KREISE;Administrative districts;09187;Rosenheim, Landkreis;261330;number;BEVSTD;Population;e
12411;Current updating of population figures;STAG;Reference date;2022-12-31;KREISE;Administrative districts;03360;Uelzen, Landkreis;91059;number;BEVSTD;Population;e
12411;Current updating of population figures;STAG;Reference date;2017-12-31;KREISE;Administrative districts;09362;Regensburg, kreisfreie Stadt;150894;number;BEVSTD;Population;e
12411;Current updating of population figures;STAG;Reference date;2019-12-31;KREISE;Administrative districts;09677;Main-Spessart, Landkreis;126158;number;BEVSTD;Population;e
12411;Current updating of population figures;STAG;Reference date;2019-12-31;KREISE;Administrative districts;07138;Neuwied, Landkreis;182811;number;BEVSTD;Population;e
12411;Current updating of population figures;STAG;Reference date;2018-12-31;KREISE;Administrative districts;09464;Hof, kreisfreie Stadt;45930;number;BEVSTD;Population;e
12411;Current updating of population figures;STAG;Reference date;2023-12-31;KREISE;Administrative districts;15256;Burgenlandkreis (until 2007-06-30);-;number;BEVSTD;Population;
12411;Current updating of population figures;STAG;Reference date;2024-12-31;KREISE;Administrative districts;14627;Meißen, Landkreis;239221;number;BEVSTD;Population;e
12411;Current updating of population figures;STAG;Reference date;2025-12-31;KREISE;Administrative districts;14729;Leipzig, Landkreis;259516;number;BEVSTD;Population;e
12411;Current updating of population figures;STAG;Reference date;2018-12-31;KREISE;Administrative districts;09477;Kulmbach, Landkreis;71845;number;BEVSTD;Population;e
12411;Current updating of population figures;STAG;Reference date;2025-12-31;KREISE;Administrative districts;08336;Lörrach, Landkreis;238142;number;BEVSTD;Population;e
12411;Current updating of population figures;STAG;Reference date;2016-12-31;KREISE;Administrative districts;13003;Rostock, kreisfreie Stadt;207513;number;BEVSTD;Population;e
12411;Current updating of population figures;STAG;Reference date;2022-12-31;KREISE;Administrative districts;14191;Aue-Schwarzenberg, Landkreis (until 2008-07-31);-;number;BEVSTD;Population;
12411;Current updating of population figures;STAG;Reference date;2023-12-31;KREISE;Administrative districts;15003;Magdeburg, kreisfreie Stadt;242491;number;BEVSTD;Population;e
12411;Current updating of population figures;STAG;Reference date;2020-12-31;KREISE;Administrative districts;03356;Osterholz, Landkreis;114640;number;BEVSTD;Population;e
12411;Current updating of population figures;STAG;Reference date;2016-12-31;KREISE;Administrative districts;09162;München, kreisfreie Stadt;1464301;number;BEVSTD;Population;e
12411;Current updating of population figures;STAG;Reference date;2022-12-31;KREISE;Administrative districts;07232;Eifelkreis Bitburg-Prüm;99866;number;BEVSTD;Population;e
12411;Current updating of population figures;STAG;Reference date;2022-12-31;KREISE;Administrative districts;03159;Göttingen, Landkreis;328039;number;BEVSTD;Population;e
12411;Current updating of population figures;STAG;Reference date;2023-12-31;KREISE;Administrative districts;09361;Amberg, kreisfreie Stadt;42217;number;BEVSTD;Population;e
12411;Current updating of population figures;STAG;Reference date;2020-12-31;KREISE;Administrative districts;09362;Regensburg, kreisfreie Stadt;152270;number;BEVSTD;Population;e
12411;Current updating of population figures;STAG;Reference date;2025-12-31;KREISE;Administrative districts;07111;Koblenz, kreisfreie Stadt;113020;number;BEVSTD;Population;e
12411;Current updating of population figures;STAG;Reference date;2025-12-31;KREISE;Administrative districts;09774;Günzburg, Landkreis;129580;number;BEVSTD;Population;e
12411;Current updating of population figures;STAG;Reference date;2024-12-31;KREISE;Administrative districts;06434;Hochtaunuskreis;241664;number;BEVSTD;Population;e
12411;Current updating of population figures;STAG;Reference date;2017-12-31;KREISE;Administrative districts;15265;Saalkreis (until 2007-06-30);-;number;BEVSTD;Population;
12411;Current updating of population figures;STAG;Reference date;2025-12-31;KREISE;Administrative districts;07231;Bernkastel-Wittlich, Landkreis;112751;number;BEVSTD;Population;e
12411;Current updating of population figures;STAG;Reference date;2018-12-31;KREISE;Administrative districts;05378;Rheinisch-Bergischer Kreis;283455;number;BEVSTD;Population;e
12411;Current updating of population figures;STAG;Reference date;2022-12-31;KREISE;Administrative districts;09775;Neu-Ulm, Landkreis;180320;number;BEVSTD;Population;e
12411;Current updating of population figures;STAG;Reference date;2023-12-31;KREISE;Administrative districts;07312;Kaiserslautern, kreisfreie Stadt;100571;number;BEVSTD;Population;e
12411;Current updating of population figures;STAG;Reference date;2023-12-31;KREISE;Administrative districts;03359;Stade, Landkreis;207659;number;BEVSTD;Population;e
12411;Current updating of population figures;STAG;Reference date;2024-12-31;KREISE;Administrative districts;09574;Nürnberger Land, Landkreis;168813;number;BEVSTD;Population;e
12411;Current updating of population figures;STAG;Reference date;2019-12-31;KREISE;Administrative districts;13002;Neubrandenburg, kreisfreie Stadt (until 2011-09-03;-;number;BEVSTD;Population;
12411;Current updating of population figures;STAG;Reference date;2019-12-31;KREISE;Administrative districts;08212;Karlsruhe, kreisfreie Stadt;312060;number;BEVSTD;Population;e
12411;Current updating of population figures;STAG;Reference date;2022-12-31;KREISE;Administrative districts;09762;Kaufbeuren, kreisfreie Stadt;45459;number;BEVSTD;Population;e
12411;Current updating of population figures;STAG;Reference date;2020-12-31;KREISE;Administrative districts;14178;Vogtlandkreis (until 2008-07-31);-;number;BEVSTD;Population;
12411;Current updating of population figures;STAG;Reference date;2018-12-31;KREISE;Administrative districts;16063;Wartburgkreis;123025;number;BEVSTD;Population;e
12411;Current updating of population figures;STAG;Reference date;2024-12-31;KREISE;Administrative districts;09561;Ansbach, kreisfreie Stadt;40742;number;BEVSTD;Population;e
12411;Current updating of population figures;STAG;Reference date;2019-12-31;KREISE;Administrative districts;15171;Wittenberg, Landkreis (until 2007-06-30);-;number;BEVSTD;Population;
12411;Current updating of population figures;STAG;Reference date;2021-12-31;KREISE;Administrative districts;13056;Müritz, Landkreis (until 2011-09-03);-;number;BEVSTD;Population;
12411;Current updating of population figures;STAG;Reference date;2023-12-31;KREISE;Administrative districts;14284;Niederschlesischer Oberlausitzkreis (b.31.07.2008);-;number;BEVSTD;Population;
12411;Current updating of population figures;STAG;Reference date;2018-12-31;KREISE;Administrative districts;13055;Mecklenburg-Strelitz, Landkreis (until 2011-09-03);-;number;BEVSTD;Population;
12411;Current updating of population figures;STAG;Reference date;2021-12-31;KREISE;Administrative districts;09562;Erlangen, kreisfreie Stadt;113292;number;BEVSTD;Population;e
12411;Current updating of population figures;STAG;Reference date;2016-12-31;KREISE;Administrative districts;09188;Starnberg, Landkreis;134732;number;BEVSTD;Population;e
12411;Current updating of population figures;STAG;Reference date;2024-12-31;KREISE;Administrative districts;04011;Bremen, kreisfreie Stadt;586271;number;BEVSTD;Population;e
12411;Current updating of population figures;STAG;Reference date;2017-12-31;KREISE;Administrative districts;08426;Biberach, Landkreis;198265;number;BEVSTD;Population;e
12411;Current updating of population figures;STAG;Reference date;2018-12-31;KREISE;Administrative districts;14730;Nordsachsen, Landkreis;197673;number;BEVSTD;Population;e
12411;Current updating of population figures;STAG;Reference date;2025-12-31;KREISE;Administrative districts;09761;Augsburg, kreisfreie Stadt;301786;number;BEVSTD;Population;e
12411;Current updating of population figures;STAG;Reference date;2020-12-31;KREISE;Administrative districts;13074;Nordwestmecklenburg, Landkreis;157975;number;BEVSTD;Population;e
12411;Current updating of population figures;STAG;Reference date;2016-12-31;KREISE;Administrative districts;08226;Rhein-Neckar-Kreis;544400;number;BEVSTD;Population;e
12411;Current updating of population figures;STAG;Reference date;2018-12-31;KREISE;Administrative districts;05112;Duisburg, kreisfreie Stadt;498590;number;BEVSTD;Population;e
12411;Current updating of population figures;STAG;Reference date;2023-12-31;KREISE;Administrative districts;14177;Freiberg, Landkreis (until 2008-07-31);-;number;BEVSTD;Population;
12411;Current updating of population figures;STAG;Reference date;2019-12-31;KREISE;Administrative districts;09161;Ingolstadt, kreisfreie Stadt;137392;number;BEVSTD;Population;e
12411;Current updating of population figures;STAG;Reference date;2020-12-31;KREISE;Administrative districts;13061;Rügen, Landkreis (until 2011-09-03);-;number;BEVSTD;Population;
12411;Current updating of population figures;STAG;Reference date;2021-12-31;KREISE;Administrative districts;09575;Neustadt an der Aisch-Bad Windsheim, Landkreis;101788;number;BEVSTD;Population;e
12411;Current updating of population figures;STAG;Reference date;2020-12-31;KREISE;Administrative districts;05370;Heinsberg, Landkreis;256458;number;BEVSTD;Population;e
12411;Current updating of population figures;STAG;Reference date;2018-12-31;KREISE;Administrative districts;12071;Spree-Neiße, Landkreis;114429;number;BEVSTD;Population;e
12411;Current updating of population figures;STAG;Reference date;2022-12-31;KREISE;Administrative districts;07138;Neuwied, Landkreis;187905;number;BEVSTD;Population;e
12411;Current updating of population figures;STAG;Reference date;2023-12-31;KREISE;Administrative districts;07338;Rhein-Pfalz-Kreis;155525;number;BEVSTD;Population;e
12411;Current updating of population figures;STAG;Reference date;2018-12-31;KREISE;Administrative districts;16076;Greiz, Landkreis;98159;number;BEVSTD;Population;e
12411;Current updating of population figures;STAG;Reference date;2021-12-31;KREISE;Administrative districts;05570;Warendorf, Landkreis;278176;number;BEVSTD;Population;e
12411;Current updating of population figures;STAG;Reference date;2020-12-31;KREISE;Administrative districts;09375;Regensburg, Landkreis;194275;number;BEVSTD;Population;e
12411;Current updating of population figures;STAG;Reference date;2017-12-31;KREISE;Administrative districts;14280;Meißen, Landkreis (until 2008-07-31);-;number;BEVSTD;Population;
12411;Current updating of population figures;STAG;Reference date;2021-12-31;KREISE;Administrative districts;06431;Bergstraße, Landkreis;271166;number;BEVSTD;Population;e
12411;Current updating of population figures;STAG;Reference date;2020-12-31;KREISE;Administrative districts;13060;Parchim, Landkreis (until 2011-09-03);-;number;BEVSTD;Population;
12411;Current updating of population figures;STAG;Reference date;2019-12-31;KREISE;Administrative districts;03405;Wilhelmshaven, kreisfreie Stadt;76089;number;BEVSTD;Population;e
12411;Current updating of population figures;STAG;Reference date;2021-12-31;KREISE;Administrative districts;16068;Sömmerda, Landkreis;68717;number;BEVSTD;Population;e
12411;Current updating of population figures;STAG;Reference date;2025-12-31;KREISE;Administrative districts;07138;Neuwied, Landkreis;189146;number;BEVSTD;Population;e
12411;Current updating of population figures;STAG;Reference date;2016-12-31;KREISE;Administrative districts;03405;Wilhelmshaven, kreisfreie Stadt;76201;number;BEVSTD;Population;e
12411;Current updating of population figures;STAG;Reference date;2018-12-31;KREISE;Administrative districts;12070;Prignitz, Landkreis;76508;number;BEVSTD;Population;e
12411;Current updating of population figures;STAG;Reference date;2019-12-31;KREISE;Administrative districts;08226;Rhein-Neckar-Kreis;548355;number;BEVSTD;Population;e
12411;Current updating of population figures;STAG;Reference date;2023-12-31;KREISE;Administrative districts;07339;Mainz-Bingen, Landkreis;206220;number;BEVSTD;Population;e
12411;Current updating of population figures;STAG;Reference date;2017-12-31;KREISE;Administrative districts;01053;Herzogtum Lauenburg, Landkreis;196074;number;BEVSTD;Population;e
12411;Current updating of population figures;STAG;Reference date;2017-12-31;KREISE;Administrative districts;15159;Köthen, Landkreis (until 2007-06-30);-;number;BEVSTD;Population;
12411;Current updating of population figures;STAG;Reference date;2018-12-31;KREISE;Administrative districts;08136;Ostalbkreis;314002;number;BEVSTD;Population;e
12411;Current updating of population figures;STAG;Reference date;2018-12-31;KREISE;Administrative districts;15358;Jerichower Land, Landkreis (until 2007-06-30);-;number;BEVSTD;Population;
12411;Current updating of population figures;STAG;Reference date;2019-12-31;KREISE;Administrative districts;03155;Northeim, Landkreis;132285;number;BEVSTD;Population;e
12411;Current updating of population figures;STAG;Reference date;2017-12-31;KREISE;Administrative districts;14173;Chemnitzer Land, Landkreis (until 2008-07-31);-;number;BEVSTD;Population;
12411;Current updating of population figures;STAG;Reference date;2022-12-31;KREISE;Administrative districts;13003;Rostock, kreisfreie Stadt;203909;number;BEVSTD;Population;e
12411;Current updating of population figures;STAG;Reference date;2022-12-31;KREISE;Administrative districts;09272;Freyung-Grafenau, Landkreis;78155;number;BEVSTD;Population;e
12411;Current updating of population figures;STAG;Reference date;2016-12-31;KREISE;Administrative districts;14713;Leipzig, kreisfreie Stadt;571088;number;BEVSTD;Population;e
12411;Current updating of population figures;STAG;Reference date;2021-12-31;KREISE;Administrative districts;04012;Bremerhaven, kreisfreie Stadt;113173;number;BEVSTD;Population;e
12411;Current updating of population figures;STAG;Reference date;2023-12-31;KREISE;Administrative districts;13072;Rostock, Landkreis;218780;number;BEVSTD;Population;e
12411;Current updating of population figures;STAG;Reference date;2021-12-31;KREISE;Administrative districts;16055;Weimar, kreisfreie Stadt;65138;number;BEVSTD;Population;e
12411;Current updating of population figures;STAG;Reference date;2016-12-31;KREISE;Administrative districts;09772;Augsburg, Landkreis;247539;number;BEVSTD;Population;e
12411;Current updating of population figures;STAG;Reference date;2018-12-31;KREISE;Administrative districts;15082;Anhalt-Bitterfeld, Landkreis;159854;number;BEVSTD;Population;e
12411;Current updating of population figures;STAG;Reference date;2016-12-31;KREISE;Administrative districts;08119;Rems-Murr-Kreis;422698;number;BEVSTD;Population;e
12411;Current updating of population figures;STAG;Reference date;2025-12-31;KREISE;Administrative districts;09775;Neu-Ulm, Landkreis;183829;number;BEVSTD;Population;e
12411;Current updating of population figures;STAG;Reference date;2024-12-31;KREISE;Administrative districts;05116;Mönchengladbach, kreisfreie Stadt;267213;number;BEVSTD;Population;e
12411;Current updating of population figures;STAG;Reference date;2023-12-31;KREISE;Administrative districts;09375;Regensburg, Landkreis;193801;number;BEVSTD;Population;e
12411;Current updating of population figures;STAG;Reference date;2025-12-31;KREISE;Administrative districts;09178;Freising, Landkreis;184399;number;BEVSTD;Population;e
12411;Current updating of population figures;STAG;Reference date;2020-12-31;KREISE;Administrative districts;07336;Kusel, Landkreis;70105;number;BEVSTD;Population;e
12411;Current updating of population figures;STAG;Reference date;2025-12-31;KREISE;Administrative districts;05315;Köln, kreisfreie Stadt;1025523;number;BEVSTD;Population;e
12411;Current updating of population figures;STAG;Reference date;2025-12-31;KREISE;Administrative districts;03158;Wolfenbüttel, Landkreis;117844;number;BEVSTD;Population;e
12411;Current updating of population figures;STAG;Reference date;2021-12-31;KREISE;Administrative districts;15358;Jerichower Land, Landkreis (until 2007-06-30);-;number;BEVSTD;Population;
12411;Current updating of population figures;STAG;Reference date;2017-12-31;KREISE;Administrative districts;07334;Germersheim, Landkreis;128477;number;BEVSTD;Population;e
12411;Current updating of population figures;STAG;Reference date;2022-12-31;KREISE;Administrative districts;08311;Freiburg im Breisgau, kreisfreie Stadt;235003;number;BEVSTD;Population;e
12411;Current updating of population figures;STAG;Reference date;2023-12-31;KREISE;Administrative districts;15002;Halle (Saale), kreisfreie Stadt;227639;number;BEVSTD;Population;e
12411;Current updating of population figures;STAG;Reference date;2024-12-31;KREISE;Administrative districts;15358;Jerichower Land, Landkreis (until 2007-06-30);-;number;BEVSTD;Population;
12411;Current updating of population figures;STAG;Reference date;2025-12-31;KREISE;Administrative districts;13005;Stralsund, kreisfreie Stadt (until 2011-09-03);-;number;BEVSTD;Population;
12411;Current updating of population figures;STAG;Reference date;2018-12-31;KREISE;Administrative districts;09571;Ansbach, Landkreis;183949;number;BEVSTD;Population;e
12411;Current updating of population figures;STAG;Reference date;2024-12-31;KREISE;Administrative districts;15082;Anhalt-Bitterfeld, Landkreis;153035;number;BEVSTD;Population;e
12411;Current updating of population figures;STAG;Reference date;2020-12-31;KREISE;Administrative districts;15266;Sangerhausen, Landkreis (until 2007-06-30);-;number;BEVSTD;Population;
12411;Current updating of population figures;STAG;Reference date;2019-12-31;KREISE;Administrative districts;14729;Leipzig, Landkreis;258139;number;BEVSTD;Population;e
12411;Current updating of population figures;STAG;Reference date;2022-12-31;KREISE;Administrative districts;07340;Südwestpfalz, Landkreis;90144;number;BEVSTD;Population;e
12411;Current updating of population figures;STAG;Reference date;2018-12-31;KREISE;Administrative districts;14374;Delitzsch, Landkreis (until 2008-07-31);-;number;BEVSTD;Population;
12411;Current updating of population figures;STAG;Reference date;2019-12-31;KREISE;Administrative districts;12069;Potsdam-Mittelmark, Landkreis;216566;number;BEVSTD;Population;e
12411;Current updating of population figures;STAG;Reference date;2019-12-31;KREISE;Administrative districts;09663;Würzburg, kreisfreie Stadt;127934;number;BEVSTD;Population;e
12411;Current updating of population figures;STAG;Reference date;2016-12-31;KREISE;Administrative districts;07135;Cochem-Zell, Landkreis;61864;number;BEVSTD;Population;e
12411;Current updating of population figures;STAG;Reference date;2018-12-31;KREISE;Administrative districts;06431;Bergstraße, Landkreis;269694;number;BEVSTD;Population;e
12411;Current updating of population figures;STAG;Reference date;2017-12-31;KREISE;Administrative districts;05762;Höxter, Landkreis;141565;number;BEVSTD;Population;e
12411;Current updating of population figures;STAG;Reference date;2017-12-31;KREISE;Administrative districts;03103;Wolfsburg, kreisfreie Stadt;123914;number;BEVSTD;Population;e
12411;Current updating of population figures;STAG;Reference date;2023-12-31;KREISE;Administrative districts;08416;Tübingen, Landkreis;232897;number;BEVSTD;Population;e
12411;Current updating of population figures;STAG;Reference date;2024-12-31;KREISE;Administrative districts;13059;Ostvorpommern, Landkreis (until 2011-09-03);-;number;BEVSTD;Population;
12411;Current updating of population figures;STAG;Reference date;2023-12-31;KREISE;Administrative districts;15362;Ohrekreis (until 2007-06-30);-;number;BEVSTD;Population;
12411;Current updating of population figures;STAG;Reference date;2022-12-31;KREISE;Administrative districts;09178;Freising, Landkreis;181568;number;BEVSTD;Population;e
12411;Current updating of population figures;STAG;Reference date;2016-12-31;KREISE;Administrative districts;06414;Wiesbaden, kreisfreie Stadt;277619;number;BEVSTD;Population;e
12411;Current updating of population figures;STAG;Reference date;2016-12-31;KREISE;Administrative districts;09678;Schweinfurt, Landkreis;114823;number;BEVSTD;Population;e
12411;Current updating of population figures;STAG;Reference date;2019-12-31;KREISE;Administrative districts;07111;Koblenz, kreisfreie Stadt;114052;number;BEVSTD;Population;e
12411;Current updating of population figures;STAG;Reference date;2017-12-31;KREISE;Administrative districts;03356;Osterholz, Landkreis;113105;number;BEVSTD;Population;e
12411;Current updating of population figures;STAG;Reference date;2024-12-31;KREISE;Administrative districts;16066;Schmalkalden-Meiningen, Landkreis;120214;number;BEVSTD;Population;e
12411;Current updating of population figures;STAG;Reference date;2021-12-31;KREISE;Administrative districts;15082;Anhalt-Bitterfeld, Landkreis;155900;number;BEVSTD;Population;e
12411;Current updating of population figures;STAG;Reference date;2025-12-31;KREISE;Administrative districts;09272;Freyung-Grafenau, Landkreis;78441;number;BEVSTD;Population;e
12411;Current updating of population figures;STAG;Reference date;2021-12-31;KREISE;Administrative districts;08136;Ostalbkreis;315009;number;BEVSTD;Population;e
12411;Current updating of population figures;STAG;Reference date;2021-12-31;KREISE;Administrative districts;05116;Mönchengladbach, kreisfreie Stadt;261001;number;BEVSTD;Population;e
12411;Current updating of population figures;STAG;Reference date;2024-12-31;KREISE;Administrative districts;16053;Jena, kreisfreie Stadt;109725;number;BEVSTD;Population;e
12411;Current updating of population figures;STAG;Reference date;2016-12-31;KREISE;Administrative districts;03155;Northeim, Landkreis;133610;number;BEVSTD;Population;e
12411;Current updating of population figures;STAG;Reference date;2020-12-31;KREISE;Administrative districts;15159;Köthen, Landkreis (until 2007-06-30);-;number;BEVSTD;Population;
12411;Current updating of population figures;STAG;Reference date;2024-12-31;KREISE;Administrative districts;12060;Barnim, Landkreis;194169;number;BEVSTD;Population;e
12411;Current updating of population figures;STAG;Reference date;2019-12-31;KREISE;Administrative districts;08119;Rems-Murr-Kreis;427248;number;BEVSTD;Population;e
12411;Current updating of population figures;STAG;Reference date;2019-12-31;KREISE;Administrative districts;07231;Bernkastel-Wittlich, Landkreis;112483;number;BEVSTD;Population;e
12411;Current updating of population figures;STAG;Reference date;2018-12-31;KREISE;Administrative districts;05974;Soest, Landkreis;301902;number;BEVSTD;Population;e
12411;Current updating of population figures;STAG;Reference date;2018-12-31;KREISE;Administrative districts;09478;Lichtenfels, Landkreis;66838;number;BEVSTD;Population;e
12411;Current updating of population figures;STAG;Reference date;2020-12-31;KREISE;Administrative districts;05382;Rhein-Sieg-Kreis;600375;number;BEVSTD;Population;e
12411;Current updating of population figures;STAG;Reference date;2025-12-31;KREISE;Administrative districts;08337;Waldshut, Landkreis;171513;number;BEVSTD;Population;e
12411;Current updating of population figures;STAG;Reference date;2019-12-31;KREISE;Administrative districts;09162;München, kreisfreie Stadt;1484226;number;BEVSTD;Population;e
12411;Current updating of population figures;STAG;Reference date;2021-12-31;KREISE;Administrative districts;01003;Lübeck, kreisfreie Stadt;216277;number;BEVSTD;Population;e
12411;Current updating of population figures;STAG;Reference date;2023-12-31;KREISE;Administrative districts;05370;Heinsberg, Landkreis;262149;number;BEVSTD;Population;e
12411;Current updating of population figures;STAG;Reference date;2021-12-31;KREISE;Administrative districts;05978;Unna, Landkreis;393063;number;BEVSTD;Population;e
12411;Current updating of population figures;STAG;Reference date;2024-12-31;KREISE;Administrative districts;01002;Kiel, kreisfreie Stadt;252668;number;BEVSTD;Population;e
12411;Current updating of population figures;STAG;Reference date;2020-12-31;KREISE;Administrative districts;03357;Rotenburg (Wümme), Landkreis;164486;number;BEVSTD;Population;e
12411;Current updating of population figures;STAG;Reference date;2021-12-31;KREISE;Administrative districts;14625;Bautzen, Landkreis;296290;number;BEVSTD;Population;e
12411;Current updating of population figures;STAG;Reference date;2021-12-31;KREISE;Administrative districts;08125;Heilbronn, Landkreis;347798;number;BEVSTD;Population;e
12411;Current updating of population figures;STAG;Reference date;2021-12-31;KREISE;Administrative districts;12061;Dahme-Spreewald, Landkreis;175834;number;BEVSTD;Population;e
12411;Current updating of population figures;STAG;Reference date;2018-12-31;KREISE;Administrative districts;16077;Altenburger Land, Landkreis;90118;number;BEVSTD;Population;e
12411;Current updating of population figures;STAG;Reference date;2020-12-31;KREISE;Administrative districts;01056;Pinneberg, Landkreis;317085;number;BEVSTD;Population;e
12411;Current updating of population figures;STAG;Reference date;2022-12-31;KREISE;Administrative districts;05170;Wesel, Landkreis;455854;number;BEVSTD;Population;e
12411;Current updating of population figures;STAG;Reference date;2023-12-31;KREISE;Administrative districts;05766;Lippe, Landkreis;347613;number;BEVSTD;Population;e
12411;Current updating of population figures;STAG;Reference date;2016-12-31;KREISE;Administrative districts;09187;Rosenheim, Landkreis;257466;number;BEVSTD;Population;e
12411;Current updating of population figures;STAG;Reference date;2022-12-31;KREISE;Administrative districts;08216;Rastatt, Landkreis;230698;number;BEVSTD;Population;e
12411;Current updating of population figures;STAG;Reference date;2020-12-31;KREISE;Administrative districts;05512;Bottrop, kreisfreie Stadt;117388;number;BEVSTD;Population;e
12411;Current updating of population figures;STAG;Reference date;2016-12-31;KREISE;Administrative districts;06534;Marburg-Biedenkopf, Landkreis;245013;number;BEVSTD;Population;e
12411;Current updating of population figures;STAG;Reference date;2019-12-31;KREISE;Administrative districts;09678;Schweinfurt, Landkreis;115445;number;BEVSTD;Population;e
12411;Current updating of population figures;STAG;Reference date;2024-12-31;KREISE;Administrative districts;12062;Elbe-Elster, Landkreis;97967;number;BEVSTD;Population;e
12411;Current updating of population figures;STAG;Reference date;2019-12-31;KREISE;Administrative districts;09175;Ebersberg, Landkreis;143649;number;BEVSTD;Population;e
12411;Current updating of population figures;STAG;Reference date;2022-12-31;KREISE;Administrative districts;03252;Hameln-Pyrmont, Landkreis;150717;number;BEVSTD;Population;e
12411;Current updating of population figures;STAG;Reference date;2023-12-31;KREISE;Administrative districts;03452;Aurich, Landkreis;188960;number;BEVSTD;Population;e
12411;Current updating of population figures;STAG;Reference date;2021-12-31;KREISE;Administrative districts;14375;Döbeln, Landkreis (until 2008-07-31);-;number;BEVSTD;Population;
12411;Current updating of population figures;STAG;Reference date;2023-12-31;KREISE;Administrative districts;15268;Weißenfels, Landkreis (until 2007-06-30);-;number;BEVSTD;Population;
12411;Current updating of population figures;STAG;Reference date;2019-12-31;KREISE;Administrative districts;13001;Greifswald, kreisfreie Stadt (until 2011-09-03);-;number;BEVSTD;Population;
12411;Current updating of population figures;STAG;Reference date;2021-12-31;KREISE;Administrative districts;14612;Dresden, kreisfreie Stadt;555351;number;BEVSTD;Population;e
12411;Current updating of population figures;STAG;Reference date;2022-12-31;KREISE;Administrative districts;09761;Augsburg, kreisfreie Stadt;296706;number;BEVSTD;Population;e
12411;Current updating of population figures;STAG;Reference date;2016-12-31;KREISE;Administrative districts;13002;Neubrandenburg, kreisfreie Stadt (until 2011-09-03;-;number;BEVSTD;Population;
12411;Current updating of population figures;STAG;Reference date;2017-12-31;KREISE;Administrative districts;09361;Amberg, kreisfreie Stadt;42248;number;BEVSTD;Population;e
12411;Current updating of population figures;STAG;Reference date;2024-12-31;KREISE;Administrative districts;08111;Stuttgart, kreisfreie Stadt;612663;number;BEVSTD;Population;e
12411;Current updating of population figures;STAG;Reference date;2019-12-31;KREISE;Administrative districts;09188;Starnberg, Landkreis;136667;number;BEVSTD;Population;e
12411;Current updating of population figures;STAG;Reference date;2016-12-31;KREISE;Administrative districts;09161;Ingolstadt, kreisfreie Stadt;133639;number;BEVSTD;Population;e
12411;Current updating of population figures;STAG;Reference date;2021-12-31;KREISE;Administrative districts;09561;Ansbach, kreisfreie Stadt;41662;number;BEVSTD;Population;e
12411;Current updating of population figures;STAG;Reference date;2025-12-31;KREISE;Administrative districts;03253;Hannover, Landkreis (until 2001-10-31);-;number;BEVSTD;Population;
12411;Current updating of population figures;STAG;Reference date;2022-12-31;KREISE;Administrative districts;05566;Steinfurt, Landkreis;447192;number;BEVSTD;Population;e
12411;Current updating of population figures;STAG;Reference date;2022-12-31;KREISE;Administrative districts;05313;Aachen, kreisfreie Stadt (until 2009-10-20);-;number;BEVSTD;Population;
12411;Current updating of population figures;STAG;Reference date;2019-12-31;KREISE;Administrative districts;07137;Mayen-Koblenz, Landkreis;214434;number;BEVSTD;Population;e
12411;Current updating of population figures;STAG;Reference date;2020-12-31;KREISE;Administrative districts;08415;Reutlingen, Landkreis;287497;number;BEVSTD;Population;e
12411;Current updating of population figures;STAG;Reference date;2016-12-31;KREISE;Administrative districts;09174;Dachau, Landkreis;150839;number;BEVSTD;Population;e
12411;Current updating of population figures;STAG;Reference date;2024-12-31;KREISE;Administrative districts;15083;Börde, Landkreis;167924;number;BEVSTD;Population;e
12411;Current updating of population figures;STAG;Reference date;2024-12-31;KREISE;Administrative districts;14626;Görlitz, Landkreis;243958;number;BEVSTD;Population;e
12411;Current updating of population figures;STAG;Reference date;2019-12-31;KREISE;Administrative districts;06415;Hanau, kreisfreie Stadt;-;number;BEVSTD;Population;
12411;Current updating of population figures;STAG;Reference date;2023-12-31;KREISE;Administrative districts;07311;Frankenthal (Pfalz), kreisfreie Stadt;48107;number;BEVSTD;Population;e
12411;Current updating of population figures;STAG;Reference date;2017-12-31;KREISE;Administrative districts;09374;Neustadt an der Waldnaab, Landkreis;94486;number;BEVSTD;Population;e
12411;Current updating of population figures;STAG;Reference date;2023-12-31;KREISE;Administrative districts;05513;Gelsenkirchen, kreisfreie Stadt;267284;number;BEVSTD;Population;e
12411;Current updating of population figures;STAG;Reference date;2018-12-31;KREISE;Administrative districts;15081;Altmarkkreis Salzwedel;83765;number;BEVSTD;Population;e
12411;Current updating of population figures;STAG;Reference date;2018-12-31;KREISE;Administrative districts;05113;Essen, kreisfreie Stadt;583109;number;BEVSTD;Population;e
12411;Current updating of population figures;STAG;Reference date;2018-12-31;KREISE;Administrative districts;05366;Euskirchen, Landkreis;192840;number;BEVSTD;Population;e
12411;Current updating of population figures;STAG;Reference date;2020-12-31;KREISE;Administrative districts;14177;Freiberg, Landkreis (until 2008-07-31);-;number;BEVSTD;Population;
12411;Current updating of population figures;STAG;Reference date;2021-12-31;KREISE;Administrative districts;09574;Nürnberger Land, Landkreis;171424;number;BEVSTD;Population;e
12411;Current updating of population figures;STAG;Reference date;2024-12-31;KREISE;Administrative districts;09562;Erlangen, kreisfreie Stadt;115928;number;BEVSTD;Population;e
12411;Current updating of population figures;STAG;Reference date;2021-12-31;KREISE;Administrative districts;13057;Nordvorpommern, Landkreis (until 2011-09-03);-;number;BEVSTD;Population;
12411;Current updating of population figures;STAG;Reference date;2017-12-31;KREISE;Administrative districts;05166;Viersen, Landkreis;298733;number;BEVSTD;Population;e
12411;Current updating of population figures;STAG;Reference date;2021-12-31;KREISE;Administrative districts;16053;Jena, kreisfreie Stadt;110502;number;BEVSTD;Population;e
12411;Current updating of population figures;STAG;Reference date;2018-12-31;KREISE;Administrative districts;13056;Müritz, Landkreis (until 2011-09-03);-;number;BEVSTD;Population;
12411;Current updating of population figures;STAG;Reference date;2022-12-31;KREISE;Administrative districts;07233;Vulkaneifel, Landkreis;59389;number;BEVSTD;Population;e
12411;Current updating of population figures;STAG;Reference date;2018-12-31;KREISE;Administrative districts;15357;Halberstadt, Landkreis (until 2007-06-30);-;number;BEVSTD;Population;
12411;Current updating of population figures;STAG;Reference date;2022-12-31;KREISE;Administrative districts;03158;Wolfenbüttel, Landkreis;118296;number;BEVSTD;Population;e
12411;Current updating of population figures;STAG;Reference date;2025-12-31;KREISE;Administrative districts;05911;Bochum, kreisfreie Stadt;358880;number;BEVSTD;Population;e
12411;Current updating of population figures;STAG;Reference date;2023-12-31;KREISE;Administrative districts;09362;Regensburg, kreisfreie Stadt;149664;number;BEVSTD;Population;e
12411;Current updating of population figures;STAG;Reference date;2019-12-31;KREISE;Administrative districts;03156;Osterode am Harz, Landkreis (until 2016-10-31);-;number;BEVSTD;Population;
12411;Current updating of population figures;STAG;Reference date;2025-12-31;KREISE;Administrative districts;09773;Dillingen an der Donau, Landkreis;98870;number;BEVSTD;Population;e
12411;Current updating of population figures;STAG;Reference date;2022-12-31;KREISE;Administrative districts;09271;Deggendorf, Landkreis;120091;number;BEVSTD;Population;e
12411;Current updating of population figures;STAG;Reference date;2024-12-31;KREISE;Administrative districts;06433;Groß-Gerau, Landkreis;268310;number;BEVSTD;Population;e
12411;Current updating of population figures;STAG;Reference date;2022-12-31;KREISE;Administrative districts;09774;Günzburg, Landkreis;128361;number;BEVSTD;Population;e
12411;Current updating of population figures;STAG;Reference date;2018-12-31;KREISE;Administrative districts;16051;Erfurt, kreisfreie Stadt;213699;number;BEVSTD;Population;e
12411;Current updating of population figures;STAG;Reference date;2023-12-31;KREISE;Administrative districts;03358;Heidekreis;141627;number;BEVSTD;Population;e
12411;Current updating of population figures;STAG;Reference date;2016-12-31;KREISE;Administrative districts;15303;Magdeburg, kreisfreie Stadt (until 2007-06-30);-;number;BEVSTD;Population;
12411;Current updating of population figures;STAG;Reference date;2023-12-31;KREISE;Administrative districts;01057;Plön, Landkreis;130635;number;BEVSTD;Population;e
12411;Current updating of population figures;STAG;Reference date;2018-12-31;KREISE;Administrative districts;16064;Unstrut-Hainich-Kreis;102912;number;BEVSTD;Population;e
12411;Current updating of population figures;STAG;Reference date;2024-12-31;KREISE;Administrative districts;05711;Bielefeld, kreisfreie Stadt;331605;number;BEVSTD;Population;e
12411;Current updating of population figures;STAG;Reference date;2018-12-31;KREISE;Administrative districts;12072;Teltow-Fläming, Landkreis;168296;number;BEVSTD;Population;e
12411;Current updating of population figures;STAG;Reference date;2023-12-31;KREISE;Administrative districts;07337;Südliche Weinstraße, Landkreis;113150;number;BEVSTD;Population;e
12411;Current updating of population figures;STAG;Reference date;2020-12-31;KREISE;Administrative districts;09376;Schwandorf, Landkreis;148477;number;BEVSTD;Population;e
12411;Current updating of population figures;STAG;Reference date;2025-12-31;KREISE;Administrative districts;03360;Uelzen, Landkreis;91367;number;BEVSTD;Population;e
12411;Current updating of population figures;STAG;Reference date;2024-12-31;KREISE;Administrative districts;04012;Bremerhaven, kreisfreie Stadt;118610;number;BEVSTD;Population;e
12411;Current updating of population figures;STAG;Reference date;2024-12-31;KREISE;Administrative districts;14389;Torgau-Oschatz, Landkreis (until 2008-07-31);-;number;BEVSTD;Population;
12411;Current updating of population figures;STAG;Reference date;2020-12-31;KREISE;Administrative districts;09363;Weiden in der Oberpfalz, kreisfreie Stadt;42535;number;BEVSTD;Population;e
12411;Current updating of population figures;STAG;Reference date;2017-12-31;KREISE;Administrative districts;08425;Alb-Donau-Kreis;194629;number;BEVSTD;Population;e
12411;Current updating of population figures;STAG;Reference date;2025-12-31;KREISE;Administrative districts;07232;Eifelkreis Bitburg-Prüm;99589;number;BEVSTD;Population;e
12411;Current updating of population figures;STAG;Reference date;2020-12-31;KREISE;Administrative districts;13073;Vorpommern-Rügen, Landkreis;225383;number;BEVSTD;Population;e
12411;Current updating of population figures;STAG;Reference date;2025-12-31;KREISE;Administrative districts;14191;Aue-Schwarzenberg, Landkreis (until 2008-07-31);-;number;BEVSTD;Population;
12411;Current updating of population figures;STAG;Reference date;2024-12-31;KREISE;Administrative districts;07141;Rhein-Lahn-Kreis;125588;number;BEVSTD;Population;e
12411;Current updating of population figures;STAG;Reference date;2018-12-31;KREISE;Administrative districts;08135;Heidenheim, Landkreis;132472;number;BEVSTD;Population;e
12411;Current updating of population figures;STAG;Reference date;2025-12-31;KREISE;Administrative districts;06631;Fulda, Landkreis;222214;number;BEVSTD;Population;e
12411;Current updating of population figures;STAG;Reference date;2023-12-31;KREISE;Administrative districts;09376;Schwandorf, Landkreis;148698;number;BEVSTD;Population;e
12411;Current updating of population figures;STAG;Reference date;2020-12-31;KREISE;Administrative districts;13072;Rostock, Landkreis;217072;number;BEVSTD;Population;e
12411;Current updating of population figures;STAG;Reference date;2023-12-31;KREISE;Administrative districts;13060;Parchim, Landkreis (until 2011-09-03);-;number;BEVSTD;Population;
12411;Current updating of population figures;STAG;Reference date;2022-12-31;KREISE;Administrative districts;09177;Erding, Landkreis;138647;number;BEVSTD;Population;e
12411;Current updating of population figures;STAG;Reference date;2021-12-31;KREISE;Administrative districts;16067;Gotha, Landkreis;133825;number;BEVSTD;Population;e
12411;Current updating of population figures;STAG;Reference date;2021-12-31;KREISE;Administrative districts;04011;Bremen, kreisfreie Stadt;563290;number;BEVSTD;Population;e
12411;Current updating of population figures;STAG;Reference date;2024-12-31;KREISE;Administrative districts;16067;Gotha, Landkreis;135838;number;BEVSTD;Population;e
12411;Current updating of population figures;STAG;Reference date;2023-12-31;KREISE;Administrative districts;09363;Weiden in der Oberpfalz, kreisfreie Stadt;42430;number;BEVSTD;Population;e
12411;Current updating of population figures;STAG;Reference date;2017-12-31;KREISE;Administrative districts;03462;Wittmund, Landkreis;56731;number;BEVSTD;Population;e
12411;Current updating of population figures;STAG;Reference date;2025-12-31;KREISE;Administrative districts;09177;Erding, Landkreis;140456;number;BEVSTD;Population;e
12411;Current updating of population figures;STAG;Reference date;2017-12-31;KREISE;Administrative districts;14161;Chemnitz, kreisfreie Stadt (until 2008-07-31);-;number;BEVSTD;Population;
12411;Current updating of population figures;STAG;Reference date;2021-12-31;KREISE;Administrative districts;06432;Darmstadt-Dieburg, Landkreis;296900;number;BEVSTD;Population;e
12411;Current updating of population figures;STAG;Reference date;2022-12-31;KREISE;Administrative districts;06631;Fulda, Landkreis;221445;number;BEVSTD;Population;e
12411;Current updating of population figures;STAG;Reference date;2022-12-31;KREISE;Administrative districts;13004;Schwerin, kreisfreie Stadt;97614;number;BEVSTD;Population;e
12411;Current updating of population figures;STAG;Reference date;2018-12-31;KREISE;Administrative districts;10046;Sankt Wendel, Landkreis;87397;number;BEVSTD;Population;e
12411;Current updating of population figures;STAG;Reference date;2017-12-31;KREISE;Administrative districts;01054;Nordfriesland, Landkreis;165462;number;BEVSTD;Population;e
12411;Current updating of population figures;STAG;Reference date;2023-12-31;KREISE;Administrative districts;13073;Vorpommern-Rügen, Landkreis;216175;number;BEVSTD;Population;e
12411;Current updating of population figures;STAG;Reference date;2024-12-31;KREISE;Administrative districts;09575;Neustadt an der Aisch-Bad Windsheim, Landkreis;101043;number;BEVSTD;Population;e
12411;Current updating of population figures;STAG;Reference date;2016-12-31;KREISE;Administrative districts;09771;Aichach-Friedberg, Landkreis;131399;number;BEVSTD;Population;e
12411;Current updating of population figures;STAG;Reference date;2021-12-31;KREISE;Administrative districts;16054;Suhl, kreisfreie Stadt;36054;number;BEVSTD;Population;e
12411;Current updating of population figures;STAG;Reference date;2018-12-31;KREISE;Administrative districts;09572;Erlangen-Höchstadt, Landkreis;136271;number;BEVSTD;Population;e
12411;Current updating of population figures;STAG;Reference date;2021-12-31;KREISE;Administrative districts;08231;Pforzheim, kreisfreie Stadt;125529;number;BEVSTD;Population;e
12411;Current updating of population figures;STAG;Reference date;2019-12-31;KREISE;Administrative districts;06535;Vogelsbergkreis;105643;number;BEVSTD;Population;e
12411;Current updating of population figures;STAG;Reference date;2020-12-31;KREISE;Administrative districts;07337;Südliche Weinstraße, Landkreis;110783;number;BEVSTD;Population;e
12411;Current updating of population figures;STAG;Reference date;2021-12-31;KREISE;Administrative districts;08111;Stuttgart, kreisfreie Stadt;626275;number;BEVSTD;Population;e
12411;Current updating of population figures;STAG;Reference date;2021-12-31;KREISE;Administrative districts;07140;Rhein-Hunsrück-Kreis;103767;number;BEVSTD;Population;e
12411;Current updating of population figures;STAG;Reference date;2025-12-31;KREISE;Administrative districts;05314;Bonn, kreisfreie Stadt;323587;number;BEVSTD;Population;e
12411;Current updating of population figures;STAG;Reference date;2020-12-31;KREISE;Administrative districts;15001;Dessau-Roßlau, kreisfreie Stadt;79354;number;BEVSTD;Population;e
12411;Current updating of population figures;STAG;Reference date;2017-12-31;KREISE;Administrative districts;07335;Kaiserslautern, Landkreis;105649;number;BEVSTD;Population;e
12411;Current updating of population figures;STAG;Reference date;2023-12-31;KREISE;Administrative districts;15001;Dessau-Roßlau, kreisfreie Stadt;76062;number;BEVSTD;Population;e
12411;Current updating of population figures;STAG;Reference date;2024-12-31;KREISE;Administrative districts;08231;Pforzheim, kreisfreie Stadt;134912;number;BEVSTD;Population;e
12411;Current updating of population figures;STAG;Reference date;2025-12-31;KREISE;Administrative districts;09271;Deggendorf, Landkreis;121886;number;BEVSTD;Population;e
12411;Current updating of population figures;STAG;Reference date;2016-12-31;KREISE;Administrative districts;06535;Vogelsbergkreis;106737;number;BEVSTD;Population;e
12411;Current updating of population figures;STAG;Reference date;2022-12-31;KREISE;Administrative districts;08336;Lörrach, Landkreis;235252;number;BEVSTD;Population;e
12411;Current updating of population figures;STAG;Reference date;2024-12-31;KREISE;Administrative districts;16054;Suhl, kreisfreie Stadt;34685;number;BEVSTD;Population;e
12411;Current updating of population figures;STAG;Reference date;2020-12-31;KREISE;Administrative districts;07311;Frankenthal (Pfalz), kreisfreie Stadt;48750;number;BEVSTD;Population;e
12411;Current updating of population figures;STAG;Reference date;2016-12-31;KREISE;Administrative districts;03156;Osterode am Harz, Landkreis (until 2016-10-31);-;number;BEVSTD;Population;
12411;Current updating of population figures;STAG;Reference date;2025-12-31;KREISE;Administrative districts;05554;Borken, Landkreis;379561;number;BEVSTD;Population;e
12411;Current updating of population figures;STAG;Reference date;2020-12-31;KREISE;Administrative districts;03451;Ammerland, Landkreis;125643;number;BEVSTD;Population;e
12411;Current updating of population figures;STAG;Reference date;2017-12-31;KREISE;Administrative districts;03102;Salzgitter, kreisfreie Stadt;104548;number;BEVSTD;Population;e
12411;Current updating of population figures;STAG;Reference date;2025-12-31;KREISE;Administrative districts;03159;Göttingen, Landkreis;330943;number;BEVSTD;Population;e
12411;Current updating of population figures;STAG;Reference date;2023-12-31;KREISE;Administrative districts;08415;Reutlingen, Landkreis;293385;number;BEVSTD;Population;e
12411;Current updating of population figures;STAG;Reference date;2024-12-31;KREISE;Administrative districts;13058;Nordwestmecklenburg, Landkreis (until 2011-09-03);-;number;BEVSTD;Population;
12411;Current updating of population figures;STAG;Reference date;2021-12-31;KREISE;Administrative districts;01002;Kiel, kreisfreie Stadt;246243;number;BEVSTD;Population;e
12411;Current updating of population figures;STAG;Reference date;2016-12-31;KREISE;Administrative districts;06415;Hanau, kreisfreie Stadt;-;number;BEVSTD;Population;
12411;Current updating of population figures;STAG;Reference date;2018-12-31;KREISE;Administrative districts;05962;Märkischer Kreis;412120;number;BEVSTD;Population;e
12411;Current updating of population figures;STAG;Reference date;2016-12-31;KREISE;Administrative districts;09677;Main-Spessart, Landkreis;126301;number;BEVSTD;Population;e
12411;Current updating of population figures;STAG;Reference date;2019-12-31;KREISE;Administrative districts;09771;Aichach-Friedberg, Landkreis;134655;number;BEVSTD;Population;e
12411;Current updating of population figures;STAG;Reference date;2017-12-31;KREISE;Administrative districts;03355;Lüneburg, Landkreis;182930;number;BEVSTD;Population;e
12411;Current updating of population figures;STAG;Reference date;2021-12-31;KREISE;Administrative districts;15083;Börde, Landkreis;170106;number;BEVSTD;Population;e
12411;Current updating of population figures;STAG;Reference date;2025-12-31;KREISE;Administrative districts;13004;Schwerin, kreisfreie Stadt;97922;number;BEVSTD;Population;e
